{
    "language": {
        "Common":{
            "lbl_0":"普通",
            "lbl_1":"稀有",
            "lbl_2":"史诗",
            "lbl_3":"传说",
            "lbl_4":"神话",
            "lbl_5":"金",
            "lbl_6":"木",
            "lbl_7":"水",
            "lbl_8":"火",
            "lbl_9":"土"
        },
        "LoginSkin": {
            "lbl_0": "抵制不良游戏，拒绝盗版游戏。注意自我保护，谨防上当受骗。适度游戏益脑，沉迷游戏伤身。合理安排时间，享受健康生活。",
            "lbl_1":"版本号:",
            "lbl_2":"请先详细阅读并同意使用许可和服务协议!",
            "lbl_3":"手机号码不符合要求!",
            "lbl_4":"验证码不能为空!",
            "lbl_5":"用户名不符合要求!\n(6-22位数字或字母组合,不含特殊字符)",
            "lbl_6":"密码不符合要求!\n(6-18位数字或字母组合)"
        },
        "RegisterSkin":{
            "lbl_0":"用户名不符合要求!\n(6-22位数字或字母组合,不含特殊字符)",
            "lbl_1":"手机号码不符合要求!",
            "lbl_2":"验证码不能为空!",
            "lbl_3":"密码不符合要求!\n(6-18位数字或字母组合)",
            "lbl_4":"两次密码输入不一致!"
        },
        "ForgotSkin":{
            "lbl_0":"修改成功!",
            "lbl_1":"手机号码不符合要求!",
            "lbl_2":"验证码不能为空!",
            "lbl_3":"密码不符合要求!\n(6-18位数字或字母组合)",
            "lbl_4":"两次密码输入不一致!"
        },
        "PromptBoxSkin":{
            "lbl_0":"确定",
            "lbl_1":"取消"
        }
    }
}