{
	"groups": [
		{
			"keys": "gameConfig_json,combatDebug_json,error_json",
			"name": "preload"
		},
		{
			"keys": "commonBtn0Sheet_json,commonImg0Sheet_json,bjt_jpg,l2_png,l1_png,bg0_jpg,languagePackage_json,loginSheet_json",
			"name": "login"
		}
	],
	"resources": [
		{
			"url": "conf/gameConfig.json",
			"type": "json",
			"name": "gameConfig_json"
		},
		{
			"url": "res/commonBtn0Sheet.json",
			"type": "sheet",
			"name": "commonBtn0Sheet_json",
			"subkeys": "a300x116_0,a300x116_1,a300x116_2,a78x78_0,a78x78_1,b300x116_0,b300x116_1,c300x116_0,c300x116_1"
		},
		{
			"url": "res/bjt.jpg",
			"type": "image",
			"name": "bjt_jpg"
		},
		{
			"url": "res/l1.png",
			"type": "image",
			"name": "l1_png"
		},
		{
			"url": "res/l2.png",
			"type": "image",
			"name": "l2_png"
		},
		{
			"url": "res/card/common/cardCommonImg2Sheet.json",
			"type": "sheet",
			"name": "cardCommonImg2Sheet_json",
			"subkeys": "a108x112,r_e1,r_e2,r_e3,r_e4,r_e5,r_eb1,r_eb2,r_eb3,r_eb4,r_eb5,s_e1,s_e2,s_e3,s_e4,s_e5,s_eb1,s_eb2,s_eb3,s_eb4,s_eb5"
		},
		{
			"url": "res/card/common/cardCommonImg1Sheet.json",
			"type": "sheet",
			"name": "cardCommonImg1Sheet_json",
			"subkeys": "r_rb0,r_rb1,r_rb2,r_rb3,r_rb4,r_rb5"
		},
		{
			"url": "res/card/common/cardCommonImg0Sheet.json",
			"type": "sheet",
			"name": "cardCommonImg0Sheet_json",
			"subkeys": "r_dangban,r_star,s_cost,s_r1,s_r2,s_r3,s_r4,s_r5,s_rb0,s_rb1,s_rb2,s_rb3,s_rb4,s_rb5,s_star,tongyonga,tongyongb"
		},
		{
			"url": "res/card/head/headImg0Sheet.json",
			"type": "sheet",
			"name": "headImg0Sheet_json",
			"subkeys": "caocao,chengpu,dianwei,diaochan,dongzhuo,ganning,guanyu,guojia,huanggai,huangzhong,huatuo,jiangwei,lejin,liaohua,lingtong,liubei,luxun,lvbu,lvmeng,machao,masu,pangde,simayi,sunce,sunquan,taishici,weiyan,xuchu,xuhuang,xunyu,xusheng,yuanshao,yujin,zhangfei,zhanghe,zhangliao,zhaoyun,zhoutai,zhouyu,zhugeliang"
		},
		{
			"url": "res/card/role/caocao.json",
			"type": "sheet",
			"name": "caocao_json",
			"subkeys": "r,s"
		},
		{
			"url": "res/card/role/dianwei.json",
			"type": "sheet",
			"name": "dianwei_json",
			"subkeys": "r,s"
		},
		{
			"url": "res/card/role/chengpu.json",
			"type": "sheet",
			"name": "chengpu_json",
			"subkeys": "r,s"
		},
		{
			"url": "res/card/role/dongzhuo.json",
			"type": "sheet",
			"name": "dongzhuo_json",
			"subkeys": "r,s"
		},
		{
			"url": "res/card/role/diaochan.json",
			"type": "sheet",
			"name": "diaochan_json",
			"subkeys": "r,s"
		},
		{
			"url": "res/card/role/ganning.json",
			"type": "sheet",
			"name": "ganning_json",
			"subkeys": "r,s"
		},
		{
			"url": "res/card/role/huangzhong.json",
			"type": "sheet",
			"name": "huangzhong_json",
			"subkeys": "r,s"
		},
		{
			"url": "res/card/role/jiangwei.json",
			"type": "sheet",
			"name": "jiangwei_json",
			"subkeys": "r,s"
		},
		{
			"url": "res/card/role/huatuo.json",
			"type": "sheet",
			"name": "huatuo_json",
			"subkeys": "r,s"
		},
		{
			"url": "res/card/role/guojia.json",
			"type": "sheet",
			"name": "guojia_json",
			"subkeys": "r,s"
		},
		{
			"url": "res/card/role/lejin.json",
			"type": "sheet",
			"name": "lejin_json",
			"subkeys": "r,s"
		},
		{
			"url": "res/card/role/lingtong.json",
			"type": "sheet",
			"name": "lingtong_json",
			"subkeys": "r,s"
		},
		{
			"url": "res/card/role/liaohua.json",
			"type": "sheet",
			"name": "liaohua_json",
			"subkeys": "r,s"
		},
		{
			"url": "res/card/role/liubei.json",
			"type": "sheet",
			"name": "liubei_json",
			"subkeys": "r,s"
		},
		{
			"url": "res/card/role/luxun.json",
			"type": "sheet",
			"name": "luxun_json",
			"subkeys": "r,s"
		},
		{
			"url": "res/card/role/huanggai.json",
			"type": "sheet",
			"name": "huanggai_json",
			"subkeys": "r,s"
		},
		{
			"url": "res/card/role/lvbu.json",
			"type": "sheet",
			"name": "lvbu_json",
			"subkeys": "r,s"
		},
		{
			"url": "res/card/role/lvmeng.json",
			"type": "sheet",
			"name": "lvmeng_json",
			"subkeys": "r,s"
		},
		{
			"url": "res/card/role/masu.json",
			"type": "sheet",
			"name": "masu_json",
			"subkeys": "r,s"
		},
		{
			"url": "res/card/role/machao.json",
			"type": "sheet",
			"name": "machao_json",
			"subkeys": "r,s"
		},
		{
			"url": "res/card/role/pangde.json",
			"type": "sheet",
			"name": "pangde_json",
			"subkeys": "r,s"
		},
		{
			"url": "res/card/role/simayi.json",
			"type": "sheet",
			"name": "simayi_json",
			"subkeys": "r,s"
		},
		{
			"url": "res/card/role/sunce.json",
			"type": "sheet",
			"name": "sunce_json",
			"subkeys": "r,s"
		},
		{
			"url": "res/card/role/guanyu.json",
			"type": "sheet",
			"name": "guanyu_json",
			"subkeys": "r,s"
		},
		{
			"url": "res/card/role/sunquan.json",
			"type": "sheet",
			"name": "sunquan_json",
			"subkeys": "r,s"
		},
		{
			"url": "res/card/role/weiyan.json",
			"type": "sheet",
			"name": "weiyan_json",
			"subkeys": "r,s"
		},
		{
			"url": "res/card/role/xuchu.json",
			"type": "sheet",
			"name": "xuchu_json",
			"subkeys": "r,s"
		},
		{
			"url": "res/card/role/taishici.json",
			"type": "sheet",
			"name": "taishici_json",
			"subkeys": "r,s"
		},
		{
			"url": "res/card/role/xusheng.json",
			"type": "sheet",
			"name": "xusheng_json",
			"subkeys": "r,s"
		},
		{
			"url": "res/card/role/xunyu.json",
			"type": "sheet",
			"name": "xunyu_json",
			"subkeys": "r,s"
		},
		{
			"url": "res/card/role/yujin.json",
			"type": "sheet",
			"name": "yujin_json",
			"subkeys": "r,s"
		},
		{
			"url": "res/card/role/xuhuang.json",
			"type": "sheet",
			"name": "xuhuang_json",
			"subkeys": "r,s"
		},
		{
			"url": "res/card/role/zhanghe.json",
			"type": "sheet",
			"name": "zhanghe_json",
			"subkeys": "r,s"
		},
		{
			"url": "res/card/role/zhangfei.json",
			"type": "sheet",
			"name": "zhangfei_json",
			"subkeys": "r,s"
		},
		{
			"url": "res/card/role/zhangliao.json",
			"type": "sheet",
			"name": "zhangliao_json",
			"subkeys": "r,s"
		},
		{
			"url": "res/card/role/yuanshao.json",
			"type": "sheet",
			"name": "yuanshao_json",
			"subkeys": "r,s"
		},
		{
			"url": "res/card/role/zhaoyun.json",
			"type": "sheet",
			"name": "zhaoyun_json",
			"subkeys": "r,s"
		},
		{
			"url": "res/card/role/zhoutai.json",
			"type": "sheet",
			"name": "zhoutai_json",
			"subkeys": "r,s"
		},
		{
			"url": "res/card/role/zhugeliang.json",
			"type": "sheet",
			"name": "zhugeliang_json",
			"subkeys": "r,s"
		},
		{
			"url": "res/card/role/zhouyu.json",
			"type": "sheet",
			"name": "zhouyu_json",
			"subkeys": "r,s"
		},
		{
			"url": "conf/combatDebug.json",
			"type": "json",
			"name": "combatDebug_json"
		},
		{
			"url": "res/commonImg0Sheet.json",
			"type": "sheet",
			"name": "commonImg0Sheet_json",
			"subkeys": "a100x100,a288x64,a86x86"
		},
		{
			"url": "conf/error.json",
			"type": "json",
			"name": "error_json"
		},
		{
			"url": "res/bg0.jpg",
			"type": "image",
			"name": "bg0_jpg"
		},
		{
			"url": "conf/languagePackage.json",
			"type": "json",
			"name": "languagePackage_json"
		},
		{
			"url": "res/loginSheet.json",
			"type": "sheet",
			"name": "loginSheet_json",
			"subkeys": "biyan,huoqu,kaishiyouxi00,kaishiyouxi01,kaiyan,kuang,logo,mm,queding00,queding01,shuru,sjh,smxz,wjmm00,wjmm01,xuankuang00,xuankuang01,yonghuming,yzm,zczh,zczh00,zczh01,zhezhao,zhmm,zhuce00,zhuce01"
		},
		{
			"url": "res/card/common/cardCommonText0Sheet.json",
			"type": "sheet",
			"name": "cardCommonText0Sheet_json",
			"subkeys": "r_g1,r_g2,r_g3,s_g1,s_g2,s_g3"
		}
	]
}