{"file":"combatBtn0Sheet.png","frames":{
"a46x46_0":{"x":408,"y":704,"w":46,"h":45,"offX":0,"offY":1,"sourceW":46,"sourceH":46},
"a46x46_1":{"x":848,"y":400,"w":46,"h":45,"offX":0,"offY":1,"sourceW":46,"sourceH":46},
"a68x32_0":{"x":778,"y":400,"w":68,"h":32,"offX":0,"offY":0,"sourceW":68,"sourceH":32},
"a68x32_1":{"x":778,"y":230,"w":68,"h":32,"offX":0,"offY":0,"sourceW":68,"sourceH":32},
"a118x118_0":{"x":782,"y":584,"w":118,"h":118,"offX":0,"offY":0,"sourceW":118,"sourceH":118},
"a118x118_1":{"x":662,"y":584,"w":118,"h":118,"offX":0,"offY":0,"sourceW":118,"sourceH":118},
"a138x138_0":{"x":870,"y":140,"w":138,"h":138,"offX":0,"offY":0,"sourceW":138,"sourceH":138},
"a138x138_1":{"x":870,"y":0,"w":138,"h":138,"offX":0,"offY":0,"sourceW":138,"sourceH":138},
"a172x228_0":{"x":0,"y":230,"w":172,"h":228,"offX":0,"offY":0,"sourceW":172,"sourceH":228},
"a172x228_1":{"x":696,"y":0,"w":172,"h":228,"offX":0,"offY":0,"sourceW":172,"sourceH":228},
"a202x58_0":{"x":204,"y":704,"w":202,"h":58,"offX":0,"offY":0,"sourceW":202,"sourceH":58},
"a202x58_1":{"x":0,"y":702,"w":202,"h":58,"offX":0,"offY":0,"sourceW":202,"sourceH":58},
"b118x118_0":{"x":902,"y":636,"w":116,"h":116,"offX":1,"offY":1,"sourceW":118,"sourceH":118},
"b118x118_1":{"x":778,"y":280,"w":118,"h":118,"offX":0,"offY":0,"sourceW":118,"sourceH":118},
"b118x118_2":{"x":542,"y":584,"w":118,"h":118,"offX":0,"offY":0,"sourceW":118,"sourceH":118},
"b172x228_0":{"x":522,"y":0,"w":172,"h":228,"offX":0,"offY":0,"sourceW":172,"sourceH":228},
"b172x228_1":{"x":348,"y":0,"w":172,"h":228,"offX":0,"offY":0,"sourceW":172,"sourceH":228},
"c118x118_0":{"x":898,"y":280,"w":118,"h":118,"offX":0,"offY":0,"sourceW":118,"sourceH":118},
"c118x118_1":{"x":422,"y":584,"w":118,"h":118,"offX":0,"offY":0,"sourceW":118,"sourceH":118},
"c172x228_0":{"x":174,"y":0,"w":172,"h":228,"offX":0,"offY":0,"sourceW":172,"sourceH":228},
"c172x228_1":{"x":0,"y":0,"w":172,"h":228,"offX":0,"offY":0,"sourceW":172,"sourceH":228},
"d118x118_0":{"x":906,"y":518,"w":116,"h":116,"offX":1,"offY":1,"sourceW":118,"sourceH":118},
"d118x118_1":{"x":906,"y":400,"w":116,"h":116,"offX":1,"offY":1,"sourceW":118,"sourceH":118},
"d118x118_2":{"x":302,"y":584,"w":118,"h":118,"offX":0,"offY":0,"sourceW":118,"sourceH":118},
"jujue_0":{"x":476,"y":230,"w":300,"h":116,"offX":0,"offY":0,"sourceW":300,"sourceH":116},
"jujue_1":{"x":174,"y":230,"w":300,"h":116,"offX":0,"offY":0,"sourceW":300,"sourceH":116},
"queding_0":{"x":0,"y":584,"w":300,"h":116,"offX":0,"offY":0,"sourceW":300,"sourceH":116},
"queding_1":{"x":604,"y":466,"w":300,"h":116,"offX":0,"offY":0,"sourceW":300,"sourceH":116},
"quxiao_0":{"x":302,"y":466,"w":300,"h":116,"offX":0,"offY":0,"sourceW":300,"sourceH":116},
"quxiao_1":{"x":0,"y":466,"w":300,"h":116,"offX":0,"offY":0,"sourceW":300,"sourceH":116},
"tongyi_0":{"x":476,"y":348,"w":300,"h":116,"offX":0,"offY":0,"sourceW":300,"sourceH":116},
"tongyi_1":{"x":174,"y":348,"w":300,"h":116,"offX":0,"offY":0,"sourceW":300,"sourceH":116}}}