{"file":"fetterIconImg0Sheet.png","frames":{
"xjb01":{"x":0,"y":38,"w":34,"h":34,"offX":5,"offY":5,"sourceW":44,"sourceH":44},
"xjb02":{"x":0,"y":0,"w":33,"h":36,"offX":6,"offY":4,"sourceW":44,"sourceH":44},
"xjb03":{"x":0,"y":74,"w":30,"h":34,"offX":6,"offY":6,"sourceW":44,"sourceH":44},
"xjb04":{"x":36,"y":38,"w":24,"h":36,"offX":10,"offY":4,"sourceW":44,"sourceH":44},
"xjb05":{"x":35,"y":0,"w":26,"h":36,"offX":9,"offY":4,"sourceW":44,"sourceH":44},
"xjb06":{"x":32,"y":76,"w":29,"h":29,"offX":8,"offY":5,"sourceW":44,"sourceH":44}}}