{"file":"hallImg1Sheet.png","frames":{
"xinxikuang":{"x":419,"y":673,"w":100,"h":100,"offX":0,"offY":0,"sourceW":100,"sourceH":100},
"whanniu01":{"x":685,"y":268,"w":52,"h":52,"offX":0,"offY":0,"sourceW":52,"sourceH":52},
"whanniu00":{"x":739,"y":268,"w":52,"h":52,"offX":0,"offY":0,"sourceW":52,"sourceH":52},
"tanchukuang2":{"x":624,"y":669,"w":100,"h":100,"offX":0,"offY":0,"sourceW":100,"sourceH":100},
"shurukuang":{"x":0,"y":702,"w":100,"h":60,"offX":0,"offY":0,"sourceW":100,"sourceH":60},
"shopback":{"x":836,"y":655,"w":100,"h":100,"offX":0,"offY":0,"sourceW":100,"sourceH":100},
"line":{"x":0,"y":408,"w":282,"h":1,"offX":0,"offY":0,"sourceW":282,"sourceH":1},
"l9":{"x":213,"y":693,"w":71,"h":92,"offX":24,"offY":14,"sourceW":120,"sourceH":120},
"l8":{"x":624,"y":559,"w":108,"h":108,"offX":0,"offY":4,"sourceW":120,"sourceH":120},
"l7":{"x":106,"y":699,"w":92,"h":68,"offX":30,"offY":41,"sourceW":150,"sourceH":150},
"l6":{"x":0,"y":589,"w":104,"h":111,"offX":10,"offY":2,"sourceW":120,"sourceH":120},
"l5":{"x":790,"y":517,"w":119,"h":115,"offX":17,"offY":30,"sourceW":150,"sourceH":150},
"l4":{"x":938,"y":655,"w":81,"h":121,"offX":39,"offY":14,"sourceW":150,"sourceH":150},
"l3":{"x":911,"y":530,"w":101,"h":123,"offX":27,"offY":13,"sourceW":150,"sourceH":150},
"l2":{"x":213,"y":589,"w":102,"h":102,"offX":6,"offY":5,"sourceW":120,"sourceH":120},
"l1":{"x":106,"y":589,"w":105,"h":108,"offX":15,"offY":6,"sourceW":120,"sourceH":120},
"kuang01":{"x":521,"y":673,"w":100,"h":90,"offX":0,"offY":0,"sourceW":100,"sourceH":90},
"kuang00":{"x":317,"y":691,"w":90,"h":80,"offX":5,"offY":5,"sourceW":100,"sourceH":90},
"k2150x150":{"x":553,"y":268,"w":130,"h":130,"offX":0,"offY":0,"sourceW":130,"sourceH":130},
"k150x150":{"x":843,"y":194,"w":130,"h":130,"offX":0,"offY":0,"sourceW":130,"sourceH":130},
"k128x129":{"x":790,"y":388,"w":128,"h":127,"offX":0,"offY":1,"sourceW":128,"sourceH":129},
"huodongkuang":{"x":510,"y":497,"w":278,"h":60,"offX":0,"offY":0,"sourceW":278,"sourceH":60},
"di":{"x":0,"y":0,"w":316,"h":406,"offX":0,"offY":0,"sourceW":316,"sourceH":406},
"daojuwaikuang":{"x":317,"y":589,"w":100,"h":100,"offX":0,"offY":0,"sourceW":100,"sourceH":100},
"c200x200":{"x":553,"y":0,"w":200,"h":200,"offX":0,"offY":0,"sourceW":200,"sourceH":200},
"c98x140":{"x":920,"y":388,"w":98,"h":140,"offX":0,"offY":0,"sourceW":98,"sourceH":140},
"biaotikuang":{"x":685,"y":326,"w":278,"h":60,"offX":0,"offY":0,"sourceW":278,"sourceH":60},
"biaotiban":{"x":553,"y":202,"w":288,"h":64,"offX":0,"offY":0,"sourceW":288,"sourceH":64},
"b200x200":{"x":908,"y":0,"w":110,"h":192,"offX":7,"offY":0,"sourceW":200,"sourceH":200},
"a780x74":{"x":0,"y":421,"w":780,"h":74,"offX":0,"offY":0,"sourceW":780,"sourceH":74},
"a508x90":{"x":0,"y":497,"w":508,"h":90,"offX":0,"offY":0,"sourceW":508,"sourceH":90},
"a242x406":{"x":318,"y":0,"w":233,"h":419,"offX":0,"offY":0,"sourceW":234,"sourceH":420},
"a200x200":{"x":755,"y":0,"w":151,"h":151,"offX":24,"offY":25,"sourceW":200,"sourceH":200},
"a129x10":{"x":755,"y":153,"w":129,"h":10,"offX":0,"offY":0,"sourceW":129,"sourceH":10},
"a128x128":{"x":510,"y":559,"w":112,"h":112,"offX":0,"offY":0,"sourceW":112,"sourceH":112},
"a100x100":{"x":734,"y":634,"w":100,"h":100,"offX":0,"offY":0,"sourceW":100,"sourceH":100},
"a72x72":{"x":419,"y":589,"w":71,"h":70,"offX":1,"offY":0,"sourceW":72,"sourceH":72},
"a34x42":{"x":975,"y":194,"w":33,"h":42,"offX":1,"offY":0,"sourceW":34,"sourceH":42}}}