{"file":"hallBtn2Sheet.png","frames":{
"t_0":{"x":608,"y":770,"w":150,"h":58,"offX":0,"offY":0,"sourceW":150,"sourceH":58},
"ss_1":{"x":456,"y":770,"w":150,"h":58,"offX":0,"offY":0,"sourceW":150,"sourceH":58},
"ss_0":{"x":1824,"y":768,"w":150,"h":58,"offX":0,"offY":0,"sourceW":150,"sourceH":58},
"smgd_1":{"x":1672,"y":768,"w":150,"h":58,"offX":0,"offY":0,"sourceW":150,"sourceH":58},
"smgd_0":{"x":1520,"y":768,"w":150,"h":58,"offX":0,"offY":0,"sourceW":150,"sourceH":58},
"smdg_1":{"x":304,"y":768,"w":150,"h":58,"offX":0,"offY":0,"sourceW":150,"sourceH":58},
"smdg_0":{"x":152,"y":768,"w":150,"h":58,"offX":0,"offY":0,"sourceW":150,"sourceH":58},
"shiyongtouxiang_1":{"x":302,"y":590,"w":300,"h":116,"offX":0,"offY":0,"sourceW":300,"sourceH":116},
"shiyongtouxiang_0":{"x":0,"y":590,"w":300,"h":116,"offX":0,"offY":0,"sourceW":300,"sourceH":116},
"shiyong_1":{"x":1510,"y":472,"w":300,"h":116,"offX":0,"offY":0,"sourceW":300,"sourceH":116},
"shiyong_0":{"x":1208,"y":472,"w":300,"h":116,"offX":0,"offY":0,"sourceW":300,"sourceH":116},
"shengxing_2":{"x":906,"y":472,"w":300,"h":116,"offX":0,"offY":0,"sourceW":300,"sourceH":116},
"shengxing_1":{"x":604,"y":472,"w":300,"h":116,"offX":0,"offY":0,"sourceW":300,"sourceH":116},
"shengxing_0":{"x":302,"y":472,"w":300,"h":116,"offX":0,"offY":0,"sourceW":300,"sourceH":116},
"sh_1":{"x":456,"y":710,"w":150,"h":58,"offX":0,"offY":0,"sourceW":150,"sourceH":58},
"sh_0":{"x":1820,"y":708,"w":150,"h":58,"offX":0,"offY":0,"sourceW":150,"sourceH":58},
"s_1":{"x":1668,"y":708,"w":150,"h":58,"offX":0,"offY":0,"sourceW":150,"sourceH":58},
"s_0":{"x":304,"y":708,"w":150,"h":58,"offX":0,"offY":0,"sourceW":150,"sourceH":58},
"qwx_1":{"x":152,"y":708,"w":150,"h":58,"offX":0,"offY":0,"sourceW":150,"sourceH":58},
"qwx_0":{"x":0,"y":708,"w":150,"h":58,"offX":0,"offY":0,"sourceW":150,"sourceH":58},
"quxiao_1":{"x":0,"y":472,"w":300,"h":116,"offX":0,"offY":0,"sourceW":300,"sourceH":116},
"quxiao_0":{"x":1510,"y":354,"w":300,"h":116,"offX":0,"offY":0,"sourceW":300,"sourceH":116},
"queding_1":{"x":1208,"y":354,"w":300,"h":116,"offX":0,"offY":0,"sourceW":300,"sourceH":116},
"queding_0":{"x":906,"y":354,"w":300,"h":116,"offX":0,"offY":0,"sourceW":300,"sourceH":116},
"qpz_1":{"x":908,"y":650,"w":150,"h":58,"offX":0,"offY":0,"sourceW":150,"sourceH":58},
"qpz_0":{"x":756,"y":650,"w":150,"h":58,"offX":0,"offY":0,"sourceW":150,"sourceH":58},
"qianwangshengcheng_1":{"x":604,"y":354,"w":300,"h":116,"offX":0,"offY":0,"sourceW":300,"sourceH":116},
"qianwangshengcheng_0":{"x":302,"y":354,"w":300,"h":116,"offX":0,"offY":0,"sourceW":300,"sourceH":116},
"pt_1":{"x":1668,"y":648,"w":150,"h":58,"offX":0,"offY":0,"sourceW":150,"sourceH":58},
"pt_0":{"x":1516,"y":590,"w":150,"h":58,"offX":0,"offY":0,"sourceW":150,"sourceH":58},
"peizhikazu_1":{"x":0,"y":354,"w":300,"h":116,"offX":0,"offY":0,"sourceW":300,"sourceH":116},
"peizhikazu_0":{"x":1510,"y":236,"w":300,"h":116,"offX":0,"offY":0,"sourceW":300,"sourceH":116},
"mu_1":{"x":1060,"y":590,"w":150,"h":58,"offX":0,"offY":0,"sourceW":150,"sourceH":58},
"mu_0":{"x":908,"y":590,"w":150,"h":58,"offX":0,"offY":0,"sourceW":150,"sourceH":58},
"kazu_1":{"x":1208,"y":236,"w":300,"h":116,"offX":0,"offY":0,"sourceW":300,"sourceH":116},
"kazu_0":{"x":906,"y":236,"w":300,"h":116,"offX":0,"offY":0,"sourceW":300,"sourceH":116},
"jinjie_2":{"x":604,"y":236,"w":300,"h":116,"offX":0,"offY":0,"sourceW":300,"sourceH":116},
"jinjie_1":{"x":302,"y":236,"w":300,"h":116,"offX":0,"offY":0,"sourceW":300,"sourceH":116},
"jinjie_0":{"x":0,"y":236,"w":300,"h":116,"offX":0,"offY":0,"sourceW":300,"sourceH":116},
"j_1":{"x":1812,"y":408,"w":150,"h":58,"offX":0,"offY":0,"sourceW":150,"sourceH":58},
"j_0":{"x":1812,"y":348,"w":150,"h":58,"offX":0,"offY":0,"sourceW":150,"sourceH":58},
"huishou_1":{"x":1812,"y":216,"w":180,"h":70,"offX":0,"offY":0,"sourceW":180,"sourceH":70},
"huishou_0":{"x":1812,"y":144,"w":180,"h":70,"offX":0,"offY":0,"sourceW":180,"sourceH":70},
"h_1":{"x":1368,"y":710,"w":150,"h":58,"offX":0,"offY":0,"sourceW":150,"sourceH":58},
"h_0":{"x":1216,"y":710,"w":150,"h":58,"offX":0,"offY":0,"sourceW":150,"sourceH":58},
"goumai_1":{"x":1510,"y":118,"w":300,"h":116,"offX":0,"offY":0,"sourceW":300,"sourceH":116},
"goumai_0":{"x":1208,"y":118,"w":300,"h":116,"offX":0,"offY":0,"sourceW":300,"sourceH":116},
"gongjigd_1":{"x":760,"y":710,"w":150,"h":58,"offX":0,"offY":0,"sourceW":150,"sourceH":58},
"gongjigd_0":{"x":608,"y":710,"w":150,"h":58,"offX":0,"offY":0,"sourceW":150,"sourceH":58},
"gongjidg_1":{"x":1516,"y":650,"w":150,"h":58,"offX":0,"offY":0,"sourceW":150,"sourceH":58},
"gongjidg_0":{"x":1364,"y":650,"w":150,"h":58,"offX":0,"offY":0,"sourceW":150,"sourceH":58},
"fygd_1":{"x":1212,"y":650,"w":150,"h":58,"offX":0,"offY":0,"sourceW":150,"sourceH":58},
"fygd_0":{"x":1060,"y":650,"w":150,"h":58,"offX":0,"offY":0,"sourceW":150,"sourceH":58},
"fydg_1":{"x":604,"y":650,"w":150,"h":58,"offX":0,"offY":0,"sourceW":150,"sourceH":58},
"fydg_0":{"x":1820,"y":648,"w":150,"h":58,"offX":0,"offY":0,"sourceW":150,"sourceH":58},
"cuihui_1":{"x":906,"y":118,"w":300,"h":116,"offX":0,"offY":0,"sourceW":300,"sourceH":116},
"cuihui_0":{"x":604,"y":118,"w":300,"h":116,"offX":0,"offY":0,"sourceW":300,"sourceH":116},
"cq_1":{"x":756,"y":590,"w":150,"h":58,"offX":0,"offY":0,"sourceW":150,"sourceH":58},
"cq_0":{"x":604,"y":590,"w":150,"h":58,"offX":0,"offY":0,"sourceW":150,"sourceH":58},
"chushou_1":{"x":302,"y":118,"w":300,"h":116,"offX":0,"offY":0,"sourceW":300,"sourceH":116},
"chushou_0":{"x":0,"y":118,"w":300,"h":116,"offX":0,"offY":0,"sourceW":300,"sourceH":116},
"chongzhi_1":{"x":1812,"y":72,"w":180,"h":70,"offX":0,"offY":0,"sourceW":180,"sourceH":70},
"chongzhi_0":{"x":1812,"y":0,"w":180,"h":70,"offX":0,"offY":0,"sourceW":180,"sourceH":70},
"baocun_1":{"x":0,"y":768,"w":150,"h":58,"offX":0,"offY":0,"sourceW":150,"sourceH":58},
"baocun_0":{"x":1064,"y":710,"w":150,"h":58,"offX":0,"offY":0,"sourceW":150,"sourceH":58},
"zhanligd_1":{"x":912,"y":710,"w":150,"h":58,"offX":0,"offY":0,"sourceW":150,"sourceH":58},
"zhanligd_0":{"x":1364,"y":590,"w":150,"h":58,"offX":0,"offY":0,"sourceW":150,"sourceH":58},
"zhanlidg_1":{"x":1212,"y":590,"w":150,"h":58,"offX":0,"offY":0,"sourceW":150,"sourceH":58},
"zhanlidg_0":{"x":1812,"y":588,"w":150,"h":58,"offX":0,"offY":0,"sourceW":150,"sourceH":58},
"zaichouyici_1":{"x":1510,"y":0,"w":300,"h":116,"offX":0,"offY":0,"sourceW":300,"sourceH":116},
"zaichouyici_0":{"x":1208,"y":0,"w":300,"h":116,"offX":0,"offY":0,"sourceW":300,"sourceH":116},
"xy_1":{"x":1812,"y":288,"w":150,"h":58,"offX":0,"offY":0,"sourceW":150,"sourceH":58},
"xy_0":{"x":1812,"y":528,"w":150,"h":58,"offX":0,"offY":0,"sourceW":150,"sourceH":58},
"tuichudenglu_1":{"x":906,"y":0,"w":300,"h":116,"offX":0,"offY":0,"sourceW":300,"sourceH":116},
"tuichudenglu_0":{"x":604,"y":0,"w":300,"h":116,"offX":0,"offY":0,"sourceW":300,"sourceH":116},
"tingzhipipei_1":{"x":302,"y":0,"w":300,"h":116,"offX":0,"offY":0,"sourceW":300,"sourceH":116},
"tingzhipipei_0":{"x":0,"y":0,"w":300,"h":116,"offX":0,"offY":0,"sourceW":300,"sourceH":116},
"t_1":{"x":1812,"y":468,"w":150,"h":58,"offX":0,"offY":0,"sourceW":150,"sourceH":58}}}