{"file":"headImg0Sheet.png","frames":{
"huatuo":{"x":352,"y":616,"w":86,"h":86,"offX":0,"offY":0,"sourceW":86,"sourceH":86},
"jiangwei":{"x":264,"y":616,"w":86,"h":86,"offX":0,"offY":0,"sourceW":86,"sourceH":86},
"lejin":{"x":176,"y":616,"w":86,"h":86,"offX":0,"offY":0,"sourceW":86,"sourceH":86},
"liaohua":{"x":88,"y":616,"w":86,"h":86,"offX":0,"offY":0,"sourceW":86,"sourceH":86},
"lingtong":{"x":0,"y":616,"w":86,"h":86,"offX":0,"offY":0,"sourceW":86,"sourceH":86},
"liubei":{"x":352,"y":528,"w":86,"h":86,"offX":0,"offY":0,"sourceW":86,"sourceH":86},
"luxun":{"x":264,"y":528,"w":86,"h":86,"offX":0,"offY":0,"sourceW":86,"sourceH":86},
"lvbu":{"x":176,"y":528,"w":86,"h":86,"offX":0,"offY":0,"sourceW":86,"sourceH":86},
"lvmeng":{"x":88,"y":528,"w":86,"h":86,"offX":0,"offY":0,"sourceW":86,"sourceH":86},
"machao":{"x":0,"y":528,"w":86,"h":86,"offX":0,"offY":0,"sourceW":86,"sourceH":86},
"masu":{"x":352,"y":440,"w":86,"h":86,"offX":0,"offY":0,"sourceW":86,"sourceH":86},
"pangde":{"x":264,"y":440,"w":86,"h":86,"offX":0,"offY":0,"sourceW":86,"sourceH":86},
"simayi":{"x":176,"y":440,"w":86,"h":86,"offX":0,"offY":0,"sourceW":86,"sourceH":86},
"sunce":{"x":88,"y":440,"w":86,"h":86,"offX":0,"offY":0,"sourceW":86,"sourceH":86},
"sunquan":{"x":0,"y":440,"w":86,"h":86,"offX":0,"offY":0,"sourceW":86,"sourceH":86},
"taishici":{"x":352,"y":352,"w":86,"h":86,"offX":0,"offY":0,"sourceW":86,"sourceH":86},
"weiyan":{"x":264,"y":352,"w":86,"h":86,"offX":0,"offY":0,"sourceW":86,"sourceH":86},
"xuchu":{"x":176,"y":352,"w":86,"h":86,"offX":0,"offY":0,"sourceW":86,"sourceH":86},
"xuhuang":{"x":88,"y":352,"w":86,"h":86,"offX":0,"offY":0,"sourceW":86,"sourceH":86},
"xunyu":{"x":0,"y":352,"w":86,"h":86,"offX":0,"offY":0,"sourceW":86,"sourceH":86},
"xusheng":{"x":352,"y":264,"w":86,"h":86,"offX":0,"offY":0,"sourceW":86,"sourceH":86},
"yuanshao":{"x":264,"y":264,"w":86,"h":86,"offX":0,"offY":0,"sourceW":86,"sourceH":86},
"yujin":{"x":176,"y":264,"w":86,"h":86,"offX":0,"offY":0,"sourceW":86,"sourceH":86},
"zhangfei":{"x":88,"y":264,"w":86,"h":86,"offX":0,"offY":0,"sourceW":86,"sourceH":86},
"zhanghe":{"x":0,"y":264,"w":86,"h":86,"offX":0,"offY":0,"sourceW":86,"sourceH":86},
"zhangliao":{"x":352,"y":176,"w":86,"h":86,"offX":0,"offY":0,"sourceW":86,"sourceH":86},
"zhaoyun":{"x":264,"y":176,"w":86,"h":86,"offX":0,"offY":0,"sourceW":86,"sourceH":86},
"zhoutai":{"x":176,"y":176,"w":86,"h":86,"offX":0,"offY":0,"sourceW":86,"sourceH":86},
"zhouyu":{"x":88,"y":176,"w":86,"h":86,"offX":0,"offY":0,"sourceW":86,"sourceH":86},
"zhugeliang":{"x":0,"y":176,"w":86,"h":86,"offX":0,"offY":0,"sourceW":86,"sourceH":86},
"caocao":{"x":352,"y":88,"w":86,"h":86,"offX":0,"offY":0,"sourceW":86,"sourceH":86},
"chengpu":{"x":264,"y":88,"w":86,"h":86,"offX":0,"offY":0,"sourceW":86,"sourceH":86},
"dianwei":{"x":176,"y":88,"w":86,"h":86,"offX":0,"offY":0,"sourceW":86,"sourceH":86},
"diaochan":{"x":88,"y":88,"w":86,"h":86,"offX":0,"offY":0,"sourceW":86,"sourceH":86},
"dongzhuo":{"x":0,"y":88,"w":86,"h":86,"offX":0,"offY":0,"sourceW":86,"sourceH":86},
"ganning":{"x":352,"y":0,"w":86,"h":86,"offX":0,"offY":0,"sourceW":86,"sourceH":86},
"guanyu":{"x":264,"y":0,"w":86,"h":86,"offX":0,"offY":0,"sourceW":86,"sourceH":86},
"guojia":{"x":176,"y":0,"w":86,"h":86,"offX":0,"offY":0,"sourceW":86,"sourceH":86},
"huanggai":{"x":88,"y":0,"w":86,"h":86,"offX":0,"offY":0,"sourceW":86,"sourceH":86},
"huangzhong":{"x":0,"y":0,"w":86,"h":86,"offX":0,"offY":0,"sourceW":86,"sourceH":86}}}