{"mc":{
	"rc_bengdai":{
		"frameRate":19,
		"labels":[
			{"name":"playani","frame":1,"end":19}
			
			],
		"events":[
			
			],
		"frames":[
			
			{
			"res":"00000",
			"x":-109,
			"y":-71
			},
			{
			"res":"00001",
			"x":-133,
			"y":-123
			},
			{
			"res":"00002",
			"x":-73,
			"y":-123
			},
			{
			"res":"00003",
			"x":-91,
			"y":-123
			},
			{
			"res":"00004",
			"x":-120,
			"y":-123
			},
			{
			"res":"00005",
			"x":-153,
			"y":-123
			},
			{
			"res":"00006",
			"x":-139,
			"y":-123
			},
			{
			"res":"00007",
			"x":-158,
			"y":-123
			},
			{
			"res":"00008",
			"x":-165,
			"y":-123
			},
			{
			"res":"00009",
			"x":-130,
			"y":-123
			},
			{
			"res":"00010",
			"x":-122,
			"y":-123
			},
			{
			"res":"00011",
			"x":-73,
			"y":-123
			},
			{
			"res":"00012",
			"x":-129,
			"y":-123
			},
			{
			"res":"00013",
			"x":-122,
			"y":-123
			},
			{
			"res":"00014",
			"x":-113,
			"y":-123
			},
			{
			"res":"00015",
			"x":-83,
			"y":-123
			},
			{
			"res":"00016",
			"x":-87,
			"y":-102
			},
			{
			"res":"00017",
			"x":-69,
			"y":-102
			},
			{
			"res":"00018",
			"x":-43,
			"y":-62
			}
			]
}},
	"res":{
		"00009":{"x":0,"y":0,"w":304,"h":323},
		"00018":{"x":886,"y":0,"w":82,"h":61},
		"00000":{"x":522,"y":1283,"w":274,"h":271},
		"00004":{"x":306,"y":320,"w":282,"h":322},
		"00013":{"x":544,"y":648,"w":275,"h":308},
		"00002":{"x":0,"y":1280,"w":228,"h":300},
		"00011":{"x":266,"y":969,"w":254,"h":323},
		"00010":{"x":601,"y":0,"w":283,"h":323},
		"00007":{"x":277,"y":644,"w":265,"h":323},
		"00008":{"x":0,"y":959,"w":264,"h":319},
		"00015":{"x":821,"y":648,"w":184,"h":229},
		"00016":{"x":821,"y":879,"w":175,"h":206},
		"00001":{"x":544,"y":958,"w":262,"h":323},
		"00012":{"x":306,"y":0,"w":293,"h":318},
		"00014":{"x":230,"y":1294,"w":244,"h":262},
		"00006":{"x":0,"y":325,"w":284,"h":314},
		"00017":{"x":863,"y":325,"w":138,"h":206},
		"00005":{"x":0,"y":641,"w":275,"h":316},
		"00003":{"x":590,"y":325,"w":271,"h":321}
	}}