{"mc":{
	"rc_chongfeng0":{
		"frameRate":16,
		"labels":[
			{"name":"playani","frame":1,"end":16}
			
			],
		"events":[
			
			],
		"frames":[
			
			{
			"res":"00000",
			"x":-95,
			"y":-210
			},
			{
			"res":"00001",
			"x":-97,
			"y":-210
			},
			{
			"res":"00002",
			"x":-100,
			"y":-210
			},
			{
			"res":"00003",
			"x":-96,
			"y":-210
			},
			{
			"res":"00004",
			"x":-96,
			"y":-210
			},
			{
			"res":"00005",
			"x":-95,
			"y":-210
			},
			{
			"res":"00006",
			"x":-96,
			"y":-210
			},
			{
			"res":"00007",
			"x":-95,
			"y":-210
			},
			{
			"res":"00008",
			"x":-96,
			"y":-210
			},
			{
			"res":"00009",
			"x":-97,
			"y":-210
			},
			{
			"res":"00010",
			"x":-96,
			"y":-210
			},
			{
			"res":"00011",
			"x":-96,
			"y":-210
			},
			{
			"res":"00012",
			"x":-96,
			"y":-210
			},
			{
			"res":"00013",
			"x":-96,
			"y":-210
			},
			{
			"res":"00014",
			"x":-95,
			"y":-210
			},
			{
			"res":"00015",
			"x":-95,
			"y":-210
			}
			]
}},
	"res":{
		"00014":{"x":382,"y":389,"w":188,"h":387},
		"00002":{"x":0,"y":0,"w":196,"h":387},
		"00004":{"x":572,"y":389,"w":188,"h":387},
		"00011":{"x":564,"y":778,"w":187,"h":382},
		"00015":{"x":780,"y":0,"w":190,"h":387},
		"00009":{"x":0,"y":778,"w":187,"h":387},
		"00010":{"x":762,"y":389,"w":187,"h":387},
		"00012":{"x":0,"y":389,"w":189,"h":387},
		"00003":{"x":394,"y":0,"w":191,"h":387},
		"00008":{"x":753,"y":778,"w":184,"h":387},
		"00005":{"x":189,"y":778,"w":186,"h":387},
		"00001":{"x":198,"y":0,"w":194,"h":387},
		"00006":{"x":377,"y":778,"w":185,"h":387},
		"00000":{"x":587,"y":0,"w":191,"h":387},
		"00007":{"x":564,"y":1162,"w":183,"h":387},
		"00013":{"x":191,"y":389,"w":189,"h":387}
	}}