{"mc":{
	"rc_chongsheng":{
		"frameRate":18,
		"labels":[
			{"name":"playani","frame":1,"end":18}
			
			],
		"events":[
			
			],
		"frames":[
			
			{
			"res":"00000",
			"x":-96,
			"y":-139
			},
			{
			"res":"00001",
			"x":-103,
			"y":-139
			},
			{
			"res":"00002",
			"x":-107,
			"y":-139
			},
			{
			"res":"00003",
			"x":-110,
			"y":-139
			},
			{
			"res":"00004",
			"x":-119,
			"y":-139
			},
			{
			"res":"00005",
			"x":-123,
			"y":-139
			},
			{
			"res":"00006",
			"x":-150,
			"y":-139
			},
			{
			"res":"00007",
			"x":-123,
			"y":-139
			},
			{
			"res":"00008",
			"x":-145,
			"y":-139
			},
			{
			"res":"00009",
			"x":-148,
			"y":-139
			},
			{
			"res":"00010",
			"x":-129,
			"y":-139
			},
			{
			"res":"00011",
			"x":-153,
			"y":-139
			},
			{
			"res":"00012",
			"x":-123,
			"y":-144
			},
			{
			"res":"00013",
			"x":-125,
			"y":-138
			},
			{
			"res":"00014",
			"x":-111,
			"y":-135
			},
			{
			"res":"00015",
			"x":-131,
			"y":-134
			},
			{
			"res":"00016",
			"x":-80,
			"y":-131
			},
			{
			"res":"00017",
			"x":-82,
			"y":-130
			}
			]
}},
	"res":{
		"00012":{"x":259,"y":732,"w":249,"h":369},
		"00017":{"x":806,"y":366,"w":173,"h":355},
		"00003":{"x":803,"y":724,"w":217,"h":287},
		"00013":{"x":0,"y":366,"w":270,"h":363},
		"00001":{"x":762,"y":1443,"w":201,"h":252},
		"00014":{"x":0,"y":1094,"w":222,"h":360},
		"00011":{"x":303,"y":0,"w":295,"h":364},
		"00009":{"x":0,"y":0,"w":301,"h":364},
		"00005":{"x":0,"y":731,"w":257,"h":361},
		"00016":{"x":762,"y":1085,"w":255,"h":356},
		"00000":{"x":437,"y":1451,"w":188,"h":233},
		"00004":{"x":224,"y":1103,"w":236,"h":334},
		"00008":{"x":600,"y":0,"w":283,"h":364},
		"00006":{"x":272,"y":366,"w":268,"h":364},
		"00015":{"x":542,"y":724,"w":259,"h":359},
		"00002":{"x":224,"y":1439,"w":211,"h":273},
		"00010":{"x":542,"y":366,"w":262,"h":356},
		"00007":{"x":510,"y":1085,"w":250,"h":364}
	}}