{"mc":{
	"rc_fantan":{
		"frameRate":14,
		"labels":[
			{"name":"playani","frame":1,"end":14}
			
			],
		"events":[
			
			],
		"frames":[
			
			{
			"res":"00000",
			"x":-128,
			"y":-148
			},
			{
			"res":"00001",
			"x":-146,
			"y":-183
			},
			{
			"res":"00002",
			"x":-170,
			"y":-190
			},
			{
			"res":"00003",
			"x":-185,
			"y":-190
			},
			{
			"res":"00004",
			"x":-219,
			"y":-221
			},
			{
			"res":"00005",
			"x":-206,
			"y":-212
			},
			{
			"res":"00006",
			"x":-201,
			"y":-207
			},
			{
			"res":"00007",
			"x":-188,
			"y":-195
			},
			{
			"res":"00008",
			"x":-186,
			"y":-179
			},
			{
			"res":"00009",
			"x":-169,
			"y":-171
			},
			{
			"res":"00010",
			"x":-137,
			"y":-187
			},
			{
			"res":"00011",
			"x":-123,
			"y":-133
			},
			{
			"res":"00012",
			"x":-55,
			"y":-154
			},
			{
			"res":"00013",
			"x":-35,
			"y":-137
			}
			]
}},
	"res":{
		"00003":{"x":0,"y":837,"w":371,"h":384},
		"00009":{"x":0,"y":1223,"w":354,"h":328},
		"00004":{"x":0,"y":0,"w":443,"h":439},
		"00006":{"x":445,"y":425,"w":414,"h":416},
		"00011":{"x":0,"y":1553,"w":248,"h":254},
		"00010":{"x":735,"y":843,"w":286,"h":301},
		"00008":{"x":373,"y":843,"w":360,"h":362},
		"00013":{"x":865,"y":0,"w":22,"h":7},
		"00001":{"x":708,"y":1207,"w":289,"h":332},
		"00005":{"x":445,"y":0,"w":418,"h":423},
		"00000":{"x":708,"y":1541,"w":259,"h":280},
		"00007":{"x":0,"y":441,"w":392,"h":394},
		"00002":{"x":373,"y":1207,"w":333,"h":382},
		"00012":{"x":861,"y":425,"w":158,"h":51}
	}}