{"mc":{
	"rc_fuchou":{
		"frameRate":40,
		"labels":[
			{"name":"playani","frame":1,"end":40}
			
			],
		"events":[
			
			],
		"frames":[
			
			{
			"res":"00000",
			"x":-256,
			"y":-256
			},
			{
			"res":"00001",
			"x":-256,
			"y":-256
			},
			{
			"res":"00002",
			"x":-149,
			"y":-129
			},
			{
			"res":"00003",
			"x":-149,
			"y":-129
			},
			{
			"res":"00004",
			"x":-149,
			"y":-129
			},
			{
			"res":"00005",
			"x":-149,
			"y":-129
			},
			{
			"res":"00006",
			"x":-149,
			"y":-129
			},
			{
			"res":"00007",
			"x":-149,
			"y":-129
			},
			{
			"res":"00008",
			"x":-149,
			"y":-129
			},
			{
			"res":"00009",
			"x":-154,
			"y":-139
			},
			{
			"res":"00010",
			"x":-159,
			"y":-144
			},
			{
			"res":"00011",
			"x":-159,
			"y":-144
			},
			{
			"res":"00012",
			"x":-163,
			"y":-148
			},
			{
			"res":"00013",
			"x":-163,
			"y":-148
			},
			{
			"res":"00014",
			"x":-163,
			"y":-148
			},
			{
			"res":"00015",
			"x":-163,
			"y":-148
			},
			{
			"res":"00016",
			"x":-163,
			"y":-148
			},
			{
			"res":"00017",
			"x":-163,
			"y":-148
			},
			{
			"res":"00018",
			"x":-163,
			"y":-148
			},
			{
			"res":"00019",
			"x":-163,
			"y":-148
			},
			{
			"res":"00020",
			"x":-163,
			"y":-148
			},
			{
			"res":"00021",
			"x":-163,
			"y":-148
			},
			{
			"res":"00022",
			"x":-163,
			"y":-148
			},
			{
			"res":"00023",
			"x":-163,
			"y":-148
			},
			{
			"res":"00024",
			"x":-163,
			"y":-148
			},
			{
			"res":"00025",
			"x":-163,
			"y":-148
			},
			{
			"res":"00026",
			"x":-163,
			"y":-148
			},
			{
			"res":"00027",
			"x":-163,
			"y":-148
			},
			{
			"res":"00028",
			"x":-163,
			"y":-148
			},
			{
			"res":"00029",
			"x":-163,
			"y":-148
			},
			{
			"res":"00030",
			"x":-159,
			"y":-144
			},
			{
			"res":"00031",
			"x":-157,
			"y":-144
			},
			{
			"res":"00032",
			"x":-116,
			"y":-132
			},
			{
			"res":"00033",
			"x":-109,
			"y":-128
			},
			{
			"res":"00034",
			"x":-256,
			"y":-256
			},
			{
			"res":"00035",
			"x":-256,
			"y":-256
			},
			{
			"res":"00036",
			"x":-256,
			"y":-256
			},
			{
			"res":"00037",
			"x":-256,
			"y":-256
			},
			{
			"res":"00038",
			"x":-256,
			"y":-256
			},
			{
			"res":"00039",
			"x":-256,
			"y":-256
			}
			]
}},
	"res":{
		"00018":{"x":1710,"y":320,"w":283,"h":318},
		"00003":{"x":771,"y":1167,"w":255,"h":185},
		"00011":{"x":1140,"y":640,"w":277,"h":308},
		"00037":{"x":1995,"y":0,"w":5,"h":5},
		"00012":{"x":1710,"y":0,"w":283,"h":318},
		"00008":{"x":1683,"y":950,"w":255,"h":269},
		"00007":{"x":0,"y":960,"w":255,"h":252},
		"00009":{"x":1414,"y":950,"w":267,"h":297},
		"00028":{"x":570,"y":0,"w":283,"h":318},
		"00014":{"x":1140,"y":320,"w":283,"h":318},
		"00029":{"x":285,"y":640,"w":283,"h":318},
		"00030":{"x":1698,"y":640,"w":277,"h":308},
		"00033":{"x":1940,"y":950,"w":106,"h":118},
		"00020":{"x":570,"y":320,"w":283,"h":318},
		"00002":{"x":514,"y":1185,"w":254,"h":170},
		"00017":{"x":1425,"y":320,"w":283,"h":318},
		"00035":{"x":1995,"y":0,"w":5,"h":5},
		"00022":{"x":855,"y":0,"w":283,"h":318},
		"00015":{"x":1425,"y":0,"w":283,"h":318},
		"00036":{"x":1995,"y":0,"w":5,"h":5},
		"00000":{"x":1995,"y":0,"w":5,"h":5},
		"00024":{"x":0,"y":320,"w":283,"h":318},
		"00032":{"x":257,"y":1206,"w":213,"h":155},
		"00034":{"x":1995,"y":0,"w":5,"h":5},
		"00005":{"x":514,"y":960,"w":255,"h":223},
		"00001":{"x":1995,"y":0,"w":5,"h":5},
		"00039":{"x":1995,"y":0,"w":5,"h":5},
		"00013":{"x":285,"y":320,"w":283,"h":318},
		"00010":{"x":1419,"y":640,"w":277,"h":308},
		"00031":{"x":1140,"y":950,"w":272,"h":304},
		"00025":{"x":855,"y":640,"w":283,"h":318},
		"00019":{"x":855,"y":320,"w":283,"h":318},
		"00026":{"x":0,"y":640,"w":283,"h":318},
		"00038":{"x":1995,"y":0,"w":5,"h":5},
		"00021":{"x":1140,"y":0,"w":283,"h":318},
		"00006":{"x":257,"y":960,"w":255,"h":244},
		"00016":{"x":570,"y":640,"w":283,"h":318},
		"00023":{"x":0,"y":0,"w":283,"h":318},
		"00027":{"x":285,"y":0,"w":283,"h":318},
		"00004":{"x":771,"y":960,"w":255,"h":205}
	}}