{"mc":{
	"rc_fuhuo":{
		"frameRate":18,
		"labels":[
			{"name":"playani","frame":1,"end":18}
			
			],
		"events":[
			
			],
		"frames":[
			
			{
			"res":"00000",
			"x":-133,
			"y":-121
			},
			{
			"res":"00001",
			"x":-151,
			"y":-157
			},
			{
			"res":"00002",
			"x":-154,
			"y":-162
			},
			{
			"res":"00003",
			"x":-152,
			"y":-158
			},
			{
			"res":"00004",
			"x":-152,
			"y":-160
			},
			{
			"res":"00005",
			"x":-146,
			"y":-148
			},
			{
			"res":"00006",
			"x":-131,
			"y":-131
			},
			{
			"res":"00007",
			"x":-149,
			"y":-170
			},
			{
			"res":"00008",
			"x":-192,
			"y":-200
			},
			{
			"res":"00009",
			"x":-197,
			"y":-192
			},
			{
			"res":"00010",
			"x":-143,
			"y":-162
			},
			{
			"res":"00011",
			"x":-134,
			"y":-140
			},
			{
			"res":"00012",
			"x":-131,
			"y":-133
			},
			{
			"res":"00013",
			"x":-119,
			"y":-126
			},
			{
			"res":"00014",
			"x":-101,
			"y":-124
			},
			{
			"res":"00015",
			"x":-99,
			"y":-115
			},
			{
			"res":"00016",
			"x":-93,
			"y":-116
			},
			{
			"res":"00017",
			"x":-61,
			"y":-116
			}
			]
}},
	"res":{
		"00013":{"x":782,"y":0,"w":240,"h":253},
		"00010":{"x":621,"y":739,"w":292,"h":318},
		"00002":{"x":388,"y":394,"w":312,"h":334},
		"00001":{"x":305,"y":730,"w":314,"h":317},
		"00009":{"x":388,"y":0,"w":392,"h":392},
		"00015":{"x":0,"y":1591,"w":188,"h":208},
		"00000":{"x":0,"y":1342,"w":256,"h":247},
		"00005":{"x":302,"y":1049,"w":290,"h":315},
		"00011":{"x":594,"y":1059,"w":277,"h":278},
		"00004":{"x":702,"y":394,"w":302,"h":343},
		"00008":{"x":0,"y":0,"w":386,"h":400},
		"00007":{"x":0,"y":738,"w":300,"h":330},
		"00016":{"x":460,"y":1606,"w":181,"h":207},
		"00003":{"x":0,"y":402,"w":303,"h":334},
		"00014":{"x":258,"y":1366,"w":200,"h":250},
		"00006":{"x":0,"y":1070,"w":263,"h":270},
		"00012":{"x":594,"y":1339,"w":263,"h":265},
		"00017":{"x":873,"y":1059,"w":135,"h":208}
	}}