{"mc":{
	"rc_guanghuan0":{
		"frameRate":38,
		"labels":[
			{"name":"playani","frame":1,"end":38}
			
			],
		"events":[
			
			],
		"frames":[
			
			{
			"res":"00000",
			"x":-256,
			"y":-256
			},
			{
			"res":"00001",
			"x":-83,
			"y":-82
			},
			{
			"res":"00002",
			"x":-90,
			"y":-89
			},
			{
			"res":"00003",
			"x":-97,
			"y":-97
			},
			{
			"res":"00004",
			"x":-100,
			"y":-100
			},
			{
			"res":"00005",
			"x":-103,
			"y":-104
			},
			{
			"res":"00006",
			"x":-103,
			"y":-103
			},
			{
			"res":"00007",
			"x":-103,
			"y":-104
			},
			{
			"res":"00008",
			"x":-107,
			"y":-106
			},
			{
			"res":"00009",
			"x":-110,
			"y":-110
			},
			{
			"res":"00010",
			"x":-113,
			"y":-112
			},
			{
			"res":"00011",
			"x":-114,
			"y":-113
			},
			{
			"res":"00012",
			"x":-114,
			"y":-113
			},
			{
			"res":"00013",
			"x":-113,
			"y":-113
			},
			{
			"res":"00014",
			"x":-112,
			"y":-111
			},
			{
			"res":"00015",
			"x":-110,
			"y":-109
			},
			{
			"res":"00016",
			"x":-106,
			"y":-106
			},
			{
			"res":"00017",
			"x":-103,
			"y":-104
			},
			{
			"res":"00018",
			"x":-103,
			"y":-103
			},
			{
			"res":"00019",
			"x":-103,
			"y":-104
			},
			{
			"res":"00020",
			"x":-107,
			"y":-106
			},
			{
			"res":"00021",
			"x":-110,
			"y":-110
			},
			{
			"res":"00022",
			"x":-113,
			"y":-112
			},
			{
			"res":"00023",
			"x":-114,
			"y":-113
			},
			{
			"res":"00024",
			"x":-114,
			"y":-113
			},
			{
			"res":"00025",
			"x":-113,
			"y":-113
			},
			{
			"res":"00026",
			"x":-112,
			"y":-111
			},
			{
			"res":"00027",
			"x":-110,
			"y":-109
			},
			{
			"res":"00028",
			"x":-106,
			"y":-106
			},
			{
			"res":"00029",
			"x":-103,
			"y":-104
			},
			{
			"res":"00030",
			"x":-103,
			"y":-103
			},
			{
			"res":"00031",
			"x":-103,
			"y":-104
			},
			{
			"res":"00032",
			"x":-107,
			"y":-106
			},
			{
			"res":"00033",
			"x":-104,
			"y":-104
			},
			{
			"res":"00034",
			"x":-100,
			"y":-99
			},
			{
			"res":"00035",
			"x":-96,
			"y":-95
			},
			{
			"res":"00036",
			"x":-85,
			"y":-85
			},
			{
			"res":"00037",
			"x":-77,
			"y":-77
			}
			]
}},
	"res":{
		"00034":{"x":212,"y":669,"w":202,"h":201},
		"00005":{"x":217,"y":456,"w":210,"h":211},
		"00014":{"x":695,"y":228,"w":226,"h":226},
		"00002":{"x":212,"y":872,"w":182,"h":182},
		"00035":{"x":416,"y":868,"w":193,"h":192},
		"00030":{"x":0,"y":668,"w":210,"h":210},
		"00026":{"x":695,"y":228,"w":226,"h":226},
		"00028":{"x":0,"y":451,"w":215,"h":215},
		"00008":{"x":0,"y":233,"w":216,"h":216},
		"00029":{"x":217,"y":456,"w":210,"h":211},
		"00032":{"x":0,"y":233,"w":216,"h":216},
		"00020":{"x":0,"y":233,"w":216,"h":216},
		"00003":{"x":416,"y":669,"w":197,"h":197},
		"00027":{"x":232,"y":232,"w":221,"h":222},
		"00021":{"x":463,"y":231,"w":222,"h":222},
		"00022":{"x":695,"y":0,"w":227,"h":226},
		"00018":{"x":0,"y":668,"w":210,"h":210},
		"00017":{"x":217,"y":456,"w":210,"h":211},
		"00015":{"x":232,"y":232,"w":221,"h":222},
		"00023":{"x":463,"y":0,"w":230,"h":229},
		"00011":{"x":463,"y":0,"w":230,"h":229},
		"00000":{"x":924,"y":0,"w":5,"h":5},
		"00036":{"x":611,"y":873,"w":173,"h":174},
		"00004":{"x":667,"y":668,"w":203,"h":203},
		"00016":{"x":0,"y":451,"w":215,"h":215},
		"00013":{"x":232,"y":0,"w":229,"h":230},
		"00007":{"x":455,"y":455,"w":210,"h":212},
		"00033":{"x":667,"y":456,"w":210,"h":210},
		"00010":{"x":695,"y":0,"w":227,"h":226},
		"00001":{"x":786,"y":873,"w":168,"h":168},
		"00019":{"x":455,"y":455,"w":210,"h":212},
		"00037":{"x":0,"y":880,"w":156,"h":157},
		"00009":{"x":463,"y":231,"w":222,"h":222},
		"00025":{"x":232,"y":0,"w":229,"h":230},
		"00031":{"x":455,"y":455,"w":210,"h":212},
		"00012":{"x":0,"y":0,"w":230,"h":231},
		"00024":{"x":0,"y":0,"w":230,"h":231},
		"00006":{"x":0,"y":668,"w":210,"h":210}
	}}