{"mc":{
	"rc_guwu":{
		"frameRate":16,
		"labels":[
			{"name":"playani","frame":1,"end":16}
			
			],
		"events":[
			
			],
		"frames":[
			
			{
			"res":"00000",
			"x":-213,
			"y":-217
			},
			{
			"res":"00001",
			"x":-219,
			"y":-224
			},
			{
			"res":"00002",
			"x":-218,
			"y":-221
			},
			{
			"res":"00003",
			"x":-239,
			"y":-233
			},
			{
			"res":"00004",
			"x":-240,
			"y":-250
			},
			{
			"res":"00005",
			"x":-238,
			"y":-250
			},
			{
			"res":"00006",
			"x":-231,
			"y":-250
			},
			{
			"res":"00007",
			"x":-223,
			"y":-235
			},
			{
			"res":"00008",
			"x":-230,
			"y":-244
			},
			{
			"res":"00009",
			"x":-225,
			"y":-250
			},
			{
			"res":"00010",
			"x":-226,
			"y":-250
			},
			{
			"res":"00011",
			"x":-229,
			"y":-221
			},
			{
			"res":"00012",
			"x":-207,
			"y":-225
			},
			{
			"res":"00013",
			"x":-183,
			"y":-229
			},
			{
			"res":"00014",
			"x":-143,
			"y":-237
			},
			{
			"res":"00015",
			"x":-121,
			"y":-242
			}
			]
}},
	"res":{
		"00002":{"x":442,"y":936,"w":439,"h":431},
		"00000":{"x":1315,"y":1357,"w":367,"h":422},
		"00008":{"x":950,"y":0,"w":458,"h":466},
		"00015":{"x":795,"y":1377,"w":225,"h":365},
		"00014":{"x":1684,"y":1357,"w":312,"h":364},
		"00007":{"x":1406,"y":468,"w":464,"h":452},
		"00003":{"x":484,"y":485,"w":464,"h":449},
		"00010":{"x":950,"y":468,"w":454,"h":467},
		"00005":{"x":484,"y":0,"w":464,"h":483},
		"00011":{"x":1406,"y":922,"w":456,"h":433},
		"00006":{"x":1410,"y":0,"w":455,"h":466},
		"00001":{"x":883,"y":937,"w":430,"h":438},
		"00013":{"x":415,"y":1369,"w":378,"h":408},
		"00009":{"x":0,"y":487,"w":440,"h":463},
		"00004":{"x":0,"y":0,"w":482,"h":485},
		"00012":{"x":0,"y":952,"w":413,"h":427}
	}}