{"mc":{
	"rc_huzhu":{
		"frameRate":20,
		"labels":[
			{"name":"playani","frame":1,"end":20}
			
			],
		"events":[
			
			],
		"frames":[
			
			{
			"res":"00000",
			"x":-101,
			"y":-153
			},
			{
			"res":"00001",
			"x":-102,
			"y":-155
			},
			{
			"res":"00002",
			"x":-105,
			"y":-158
			},
			{
			"res":"00003",
			"x":-105,
			"y":-158
			},
			{
			"res":"00004",
			"x":-105,
			"y":-158
			},
			{
			"res":"00005",
			"x":-105,
			"y":-158
			},
			{
			"res":"00006",
			"x":-105,
			"y":-158
			},
			{
			"res":"00007",
			"x":-105,
			"y":-158
			},
			{
			"res":"00008",
			"x":-105,
			"y":-158
			},
			{
			"res":"00009",
			"x":-105,
			"y":-158
			},
			{
			"res":"00010",
			"x":-105,
			"y":-158
			},
			{
			"res":"00011",
			"x":-105,
			"y":-158
			},
			{
			"res":"00012",
			"x":-105,
			"y":-158
			},
			{
			"res":"00013",
			"x":-105,
			"y":-158
			},
			{
			"res":"00014",
			"x":-105,
			"y":-158
			},
			{
			"res":"00015",
			"x":-105,
			"y":-158
			},
			{
			"res":"00016",
			"x":-105,
			"y":-158
			},
			{
			"res":"00017",
			"x":-105,
			"y":-158
			},
			{
			"res":"00018",
			"x":-104,
			"y":-155
			},
			{
			"res":"00019",
			"x":-104,
			"y":-153
			}
			]
}},
	"res":{
		"00017":{"x":668,"y":286,"w":220,"h":284},
		"00015":{"x":677,"y":0,"w":222,"h":284},
		"00002":{"x":441,"y":572,"w":214,"h":284},
		"00008":{"x":446,"y":286,"w":220,"h":284},
		"00012":{"x":226,"y":0,"w":224,"h":284},
		"00019":{"x":430,"y":1144,"w":209,"h":274},
		"00003":{"x":0,"y":858,"w":214,"h":284},
		"00000":{"x":641,"y":1144,"w":206,"h":274},
		"00011":{"x":223,"y":286,"w":221,"h":284},
		"00005":{"x":216,"y":858,"w":214,"h":284},
		"00009":{"x":221,"y":572,"w":218,"h":284},
		"00018":{"x":0,"y":1144,"w":217,"h":278},
		"00007":{"x":432,"y":858,"w":214,"h":284},
		"00016":{"x":0,"y":286,"w":221,"h":284},
		"00004":{"x":657,"y":572,"w":214,"h":284},
		"00014":{"x":452,"y":0,"w":223,"h":284},
		"00001":{"x":219,"y":1144,"w":209,"h":278},
		"00013":{"x":0,"y":0,"w":224,"h":284},
		"00006":{"x":648,"y":858,"w":214,"h":284},
		"00010":{"x":0,"y":572,"w":219,"h":284}
	}}