{"mc":{
	"rc_jingjidun":{
		"frameRate":24,
		"labels":[
			{"name":"playani","frame":1,"end":24}
			
			],
		"events":[
			
			],
		"frames":[
			
			{
			"res":"00000",
			"x":-72,
			"y":-91
			},
			{
			"res":"00001",
			"x":-83,
			"y":-91
			},
			{
			"res":"00002",
			"x":-150,
			"y":-149
			},
			{
			"res":"00003",
			"x":-150,
			"y":-150
			},
			{
			"res":"00004",
			"x":-150,
			"y":-149
			},
			{
			"res":"00005",
			"x":-150,
			"y":-148
			},
			{
			"res":"00006",
			"x":-150,
			"y":-149
			},
			{
			"res":"00007",
			"x":-150,
			"y":-148
			},
			{
			"res":"00008",
			"x":-150,
			"y":-150
			},
			{
			"res":"00009",
			"x":-150,
			"y":-148
			},
			{
			"res":"00010",
			"x":-150,
			"y":-149
			},
			{
			"res":"00011",
			"x":-150,
			"y":-150
			},
			{
			"res":"00012",
			"x":-150,
			"y":-149
			},
			{
			"res":"00013",
			"x":-150,
			"y":-148
			},
			{
			"res":"00014",
			"x":-150,
			"y":-150
			},
			{
			"res":"00015",
			"x":-150,
			"y":-148
			},
			{
			"res":"00016",
			"x":-150,
			"y":-148
			},
			{
			"res":"00017",
			"x":-150,
			"y":-150
			},
			{
			"res":"00018",
			"x":-150,
			"y":-148
			},
			{
			"res":"00019",
			"x":-150,
			"y":-148
			},
			{
			"res":"00020",
			"x":-88,
			"y":-122
			},
			{
			"res":"00021",
			"x":-71,
			"y":-92
			},
			{
			"res":"00022",
			"x":7,
			"y":-5
			},
			{
			"res":"00023",
			"x":10,
			"y":13
			}
			]
}},
	"res":{
		"00015":{"x":906,"y":302,"w":300,"h":298},
		"00001":{"x":1812,"y":249,"w":171,"h":216},
		"00017":{"x":906,"y":0,"w":300,"h":300},
		"00012":{"x":1510,"y":301,"w":300,"h":299},
		"00020":{"x":1812,"y":0,"w":176,"h":247},
		"00010":{"x":604,"y":302,"w":300,"h":299},
		"00011":{"x":0,"y":0,"w":300,"h":300},
		"00013":{"x":302,"y":603,"w":300,"h":298},
		"00003":{"x":302,"y":0,"w":300,"h":300},
		"00022":{"x":1990,"y":0,"w":18,"h":12},
		"00023":{"x":2010,"y":0,"w":10,"h":9},
		"00000":{"x":1812,"y":653,"w":144,"h":181},
		"00002":{"x":0,"y":302,"w":300,"h":299},
		"00019":{"x":0,"y":603,"w":300,"h":298},
		"00014":{"x":1208,"y":0,"w":300,"h":300},
		"00018":{"x":1510,"y":602,"w":300,"h":298},
		"00009":{"x":604,"y":603,"w":300,"h":298},
		"00006":{"x":302,"y":302,"w":300,"h":299},
		"00008":{"x":604,"y":0,"w":300,"h":300},
		"00005":{"x":906,"y":602,"w":300,"h":298},
		"00007":{"x":1208,"y":302,"w":300,"h":298},
		"00016":{"x":1208,"y":602,"w":300,"h":298},
		"00004":{"x":1510,"y":0,"w":300,"h":299},
		"00021":{"x":1812,"y":467,"w":142,"h":184}
	}}