{"mc":{
	"rc_lianji":{
		"frameRate":16,
		"labels":[
			{"name":"playani","frame":1,"end":16}
			
			],
		"events":[
			
			],
		"frames":[
			
			{
			"res":"00000",
			"x":-191,
			"y":-225
			},
			{
			"res":"00001",
			"x":-204,
			"y":-225
			},
			{
			"res":"00002",
			"x":-181,
			"y":-225
			},
			{
			"res":"00003",
			"x":-170,
			"y":-223
			},
			{
			"res":"00004",
			"x":-181,
			"y":-225
			},
			{
			"res":"00005",
			"x":-191,
			"y":-225
			},
			{
			"res":"00006",
			"x":-171,
			"y":-139
			},
			{
			"res":"00007",
			"x":-159,
			"y":-120
			},
			{
			"res":"00008",
			"x":-131,
			"y":-101
			},
			{
			"res":"00009",
			"x":-134,
			"y":-92
			},
			{
			"res":"00010",
			"x":-99,
			"y":-89
			},
			{
			"res":"00011",
			"x":-100,
			"y":-91
			},
			{
			"res":"00012",
			"x":-73,
			"y":-91
			},
			{
			"res":"00013",
			"x":-74,
			"y":-89
			},
			{
			"res":"00014",
			"x":-74,
			"y":-90
			},
			{
			"res":"00015",
			"x":-64,
			"y":-22
			}
			]
}},
	"res":{
		"00005":{"x":0,"y":0,"w":403,"h":427},
		"00010":{"x":802,"y":214,"w":192,"h":204},
		"00003":{"x":0,"y":429,"w":366,"h":355},
		"00015":{"x":793,"y":639,"w":124,"h":150},
		"00008":{"x":772,"y":854,"w":240,"h":248},
		"00006":{"x":402,"y":854,"w":368,"h":304},
		"00013":{"x":664,"y":1310,"w":165,"h":218},
		"00004":{"x":405,"y":427,"w":386,"h":425},
		"00009":{"x":772,"y":1104,"w":239,"h":204},
		"00000":{"x":0,"y":1068,"w":349,"h":261},
		"00002":{"x":405,"y":0,"w":395,"h":425},
		"00007":{"x":351,"y":1160,"w":311,"h":265},
		"00011":{"x":802,"y":0,"w":197,"h":212},
		"00014":{"x":831,"y":1310,"w":164,"h":219},
		"00001":{"x":0,"y":786,"w":400,"h":280},
		"00012":{"x":802,"y":420,"w":173,"h":217}
	}}