{"mc":{
	"rc_lingqiaoshu":{
		"frameRate":20,
		"labels":[
			{"name":"playani","frame":1,"end":20}
			
			],
		"events":[
			
			],
		"frames":[
			
			{
			"res":"00000",
			"x":-67,
			"y":-121
			},
			{
			"res":"00001",
			"x":-115,
			"y":-155
			},
			{
			"res":"00002",
			"x":-115,
			"y":-172
			},
			{
			"res":"00003",
			"x":-115,
			"y":-172
			},
			{
			"res":"00004",
			"x":-114,
			"y":-172
			},
			{
			"res":"00005",
			"x":-115,
			"y":-172
			},
			{
			"res":"00006",
			"x":-115,
			"y":-172
			},
			{
			"res":"00007",
			"x":-115,
			"y":-175
			},
			{
			"res":"00008",
			"x":-115,
			"y":-175
			},
			{
			"res":"00009",
			"x":-115,
			"y":-175
			},
			{
			"res":"00010",
			"x":-115,
			"y":-175
			},
			{
			"res":"00011",
			"x":-115,
			"y":-175
			},
			{
			"res":"00012",
			"x":-115,
			"y":-175
			},
			{
			"res":"00013",
			"x":-115,
			"y":-175
			},
			{
			"res":"00014",
			"x":-115,
			"y":-175
			},
			{
			"res":"00015",
			"x":-115,
			"y":-175
			},
			{
			"res":"00016",
			"x":-115,
			"y":-175
			},
			{
			"res":"00017",
			"x":-115,
			"y":-175
			},
			{
			"res":"00018",
			"x":-103,
			"y":-175
			},
			{
			"res":"00019",
			"x":-104,
			"y":-175
			}
			]
}},
	"res":{
		"00016":{"x":0,"y":1156,"w":240,"h":269},
		"00003":{"x":484,"y":0,"w":244,"h":293},
		"00004":{"x":726,"y":880,"w":239,"h":281},
		"00009":{"x":242,"y":598,"w":240,"h":280},
		"00008":{"x":484,"y":591,"w":240,"h":290},
		"00000":{"x":709,"y":1163,"w":137,"h":215},
		"00014":{"x":242,"y":880,"w":240,"h":280},
		"00012":{"x":726,"y":593,"w":240,"h":285},
		"00011":{"x":242,"y":0,"w":240,"h":300},
		"00006":{"x":484,"y":295,"w":240,"h":294},
		"00001":{"x":484,"y":883,"w":240,"h":273},
		"00018":{"x":484,"y":1158,"w":223,"h":263},
		"00017":{"x":726,"y":297,"w":240,"h":294},
		"00010":{"x":0,"y":303,"w":240,"h":293},
		"00015":{"x":0,"y":885,"w":240,"h":269},
		"00013":{"x":0,"y":0,"w":240,"h":301},
		"00002":{"x":730,"y":0,"w":240,"h":295},
		"00019":{"x":242,"y":1162,"w":217,"h":262},
		"00007":{"x":242,"y":302,"w":240,"h":294},
		"00005":{"x":0,"y":598,"w":240,"h":285}
	}}