{"mc":{
	"rc_meihuo2":{
		"frameRate":20,
		"labels":[
			{"name":"playani","frame":1,"end":20}
			
			],
		"events":[
			
			],
		"frames":[
			
			{
			"res":"00000",
			"x":-58,
			"y":-51
			},
			{
			"res":"00001",
			"x":-225,
			"y":-225
			},
			{
			"res":"00002",
			"x":-225,
			"y":-225
			},
			{
			"res":"00003",
			"x":-197,
			"y":-190
			},
			{
			"res":"00004",
			"x":-219,
			"y":-167
			},
			{
			"res":"00005",
			"x":-219,
			"y":-167
			},
			{
			"res":"00006",
			"x":-217,
			"y":-182
			},
			{
			"res":"00007",
			"x":-191,
			"y":-174
			},
			{
			"res":"00008",
			"x":-197,
			"y":-164
			},
			{
			"res":"00009",
			"x":-197,
			"y":-164
			},
			{
			"res":"00010",
			"x":-196,
			"y":-198
			},
			{
			"res":"00011",
			"x":-208,
			"y":-199
			},
			{
			"res":"00012",
			"x":-205,
			"y":-190
			},
			{
			"res":"00013",
			"x":-205,
			"y":-190
			},
			{
			"res":"00014",
			"x":-191,
			"y":-225
			},
			{
			"res":"00015",
			"x":-157,
			"y":-206
			},
			{
			"res":"00016",
			"x":-133,
			"y":-182
			},
			{
			"res":"00017",
			"x":-133,
			"y":-182
			},
			{
			"res":"00018",
			"x":-102,
			"y":-184
			},
			{
			"res":"00019",
			"x":12,
			"y":-78
			}
			]
}},
	"res":{
		"00009":{"x":0,"y":869,"w":412,"h":389},
		"00004":{"x":846,"y":834,"w":444,"h":392},
		"00007":{"x":414,"y":869,"w":399,"h":399},
		"00015":{"x":1292,"y":873,"w":361,"h":391},
		"00001":{"x":0,"y":0,"w":450,"h":450},
		"00013":{"x":424,"y":452,"w":420,"h":415},
		"00008":{"x":0,"y":869,"w":412,"h":389},
		"00012":{"x":424,"y":452,"w":420,"h":415},
		"00006":{"x":904,"y":0,"w":442,"h":407},
		"00011":{"x":1348,"y":0,"w":422,"h":424},
		"00010":{"x":904,"y":409,"w":421,"h":423},
		"00005":{"x":846,"y":834,"w":444,"h":392},
		"00019":{"x":1890,"y":256,"w":26,"h":26},
		"00018":{"x":1772,"y":0,"w":252,"h":254},
		"00003":{"x":0,"y":452,"w":422,"h":415},
		"00017":{"x":1724,"y":426,"w":303,"h":341},
		"00014":{"x":1327,"y":426,"w":395,"h":445},
		"00016":{"x":1724,"y":426,"w":303,"h":341},
		"00002":{"x":452,"y":0,"w":450,"h":450},
		"00000":{"x":1772,"y":256,"w":116,"h":100}
	}}