{"mc":{
	"rc_qiangji":{
		"frameRate":13,
		"labels":[
			{"name":"playani","frame":1,"end":12}
			
			],
		"events":[
			
			],
		"frames":[
			
			{
			"res":"00001",
			"x":-59,
			"y":-61
			},
			{
			"res":"00002",
			"x":-67,
			"y":-64
			},
			{
			"res":"00003",
			"x":-74,
			"y":-68
			},
			{
			"res":"00004",
			"x":-85,
			"y":-80
			},
			{
			"res":"00005",
			"x":-89,
			"y":-87
			},
			{
			"res":"00006",
			"x":-93,
			"y":-89
			},
			{
			"res":"00007",
			"x":-94,
			"y":-92
			},
			{
			"res":"00008",
			"x":-94,
			"y":-93
			},
			{
			"res":"00009",
			"x":-94,
			"y":-94
			},
			{
			"res":"00010",
			"x":-94,
			"y":-94
			},
			{
			"res":"00011",
			"x":-94,
			"y":-92
			},
			{
			"res":"00012",
			"x":-95,
			"y":-93
			}
			]
}},
	"res":{
		"00007":{"x":191,"y":383,"w":189,"h":187},
		"00006":{"x":191,"y":572,"w":186,"h":183},
		"00009":{"x":192,"y":0,"w":189,"h":190},
		"00005":{"x":0,"y":573,"w":179,"h":175},
		"00010":{"x":0,"y":191,"w":189,"h":190},
		"00012":{"x":0,"y":0,"w":190,"h":189},
		"00011":{"x":0,"y":383,"w":189,"h":188},
		"00004":{"x":0,"y":750,"w":165,"h":167},
		"00001":{"x":383,"y":0,"w":111,"h":115},
		"00002":{"x":316,"y":757,"w":132,"h":134},
		"00008":{"x":191,"y":192,"w":189,"h":189},
		"00003":{"x":167,"y":757,"w":147,"h":147}
	}}