{"mc":{
	"rc_shengmingchouqu1":{
		"frameRate":24,
		"labels":[
			{"name":"playani","frame":1,"end":24}
			
			],
		"events":[
			
			],
		"frames":[
			
			{
			"res":"00000",
			"x":-171,
			"y":-134
			},
			{
			"res":"00001",
			"x":-136,
			"y":-132
			},
			{
			"res":"00002",
			"x":-161,
			"y":-134
			},
			{
			"res":"00003",
			"x":-169,
			"y":-134
			},
			{
			"res":"00004",
			"x":-156,
			"y":-134
			},
			{
			"res":"00005",
			"x":-168,
			"y":-134
			},
			{
			"res":"00006",
			"x":-152,
			"y":-134
			},
			{
			"res":"00007",
			"x":-160,
			"y":-134
			},
			{
			"res":"00008",
			"x":-142,
			"y":-134
			},
			{
			"res":"00009",
			"x":-163,
			"y":-134
			},
			{
			"res":"00010",
			"x":-135,
			"y":-134
			},
			{
			"res":"00011",
			"x":-163,
			"y":-134
			},
			{
			"res":"00012",
			"x":-134,
			"y":-134
			},
			{
			"res":"00013",
			"x":-161,
			"y":-134
			},
			{
			"res":"00014",
			"x":-132,
			"y":-133
			},
			{
			"res":"00015",
			"x":-153,
			"y":-134
			},
			{
			"res":"00016",
			"x":-150,
			"y":-134
			},
			{
			"res":"00017",
			"x":-159,
			"y":-134
			},
			{
			"res":"00018",
			"x":-172,
			"y":-134
			},
			{
			"res":"00019",
			"x":-158,
			"y":-134
			},
			{
			"res":"00020",
			"x":-153,
			"y":-134
			},
			{
			"res":"00021",
			"x":-152,
			"y":-134
			},
			{
			"res":"00022",
			"x":-152,
			"y":-134
			},
			{
			"res":"00023",
			"x":-145,
			"y":-134
			}
			]
}},
	"res":{
		"00017":{"x":1012,"y":327,"w":327,"h":293},
		"00001":{"x":1195,"y":942,"w":271,"h":278},
		"00009":{"x":340,"y":0,"w":341,"h":313},
		"00013":{"x":1683,"y":0,"w":324,"h":309},
		"00007":{"x":347,"y":315,"w":318,"h":307},
		"00019":{"x":1672,"y":610,"w":318,"h":296},
		"00004":{"x":667,"y":612,"w":316,"h":288},
		"00000":{"x":1683,"y":311,"w":335,"h":297},
		"00022":{"x":1358,"y":0,"w":323,"h":319},
		"00016":{"x":1572,"y":908,"w":295,"h":275},
		"00018":{"x":0,"y":0,"w":338,"h":318},
		"00002":{"x":0,"y":606,"w":319,"h":296},
		"00008":{"x":0,"y":904,"w":286,"h":285},
		"00003":{"x":0,"y":320,"w":345,"h":284},
		"00021":{"x":321,"y":624,"w":309,"h":290},
		"00023":{"x":632,"y":902,"w":291,"h":282},
		"00011":{"x":683,"y":305,"w":327,"h":305},
		"00010":{"x":288,"y":916,"w":274,"h":277},
		"00005":{"x":683,"y":0,"w":350,"h":303},
		"00015":{"x":1035,"y":0,"w":321,"h":325},
		"00012":{"x":1298,"y":628,"w":272,"h":312},
		"00020":{"x":1358,"y":321,"w":312,"h":305},
		"00014":{"x":925,"y":913,"w":268,"h":299},
		"00006":{"x":985,"y":622,"w":311,"h":289}
	}}