{"mc":{
	"rc_shixue1":{
		"frameRate":23,
		"labels":[
			{"name":"playani","frame":1,"end":23}
			
			],
		"events":[
			
			],
		"frames":[
			
			{
			"res":"00000",
			"x":-94,
			"y":-90
			},
			{
			"res":"00001",
			"x":-96,
			"y":-94
			},
			{
			"res":"00002",
			"x":-97,
			"y":-116
			},
			{
			"res":"00003",
			"x":-109,
			"y":-116
			},
			{
			"res":"00004",
			"x":-125,
			"y":-109
			},
			{
			"res":"00005",
			"x":-125,
			"y":-114
			},
			{
			"res":"00006",
			"x":-125,
			"y":-118
			},
			{
			"res":"00007",
			"x":-125,
			"y":-120
			},
			{
			"res":"00008",
			"x":-125,
			"y":-124
			},
			{
			"res":"00009",
			"x":-112,
			"y":-125
			},
			{
			"res":"00010",
			"x":-115,
			"y":-125
			},
			{
			"res":"00011",
			"x":-117,
			"y":-123
			},
			{
			"res":"00012",
			"x":-120,
			"y":-94
			},
			{
			"res":"00013",
			"x":-122,
			"y":-92
			},
			{
			"res":"00014",
			"x":-115,
			"y":-96
			},
			{
			"res":"00015",
			"x":-121,
			"y":-99
			},
			{
			"res":"00016",
			"x":-124,
			"y":-100
			},
			{
			"res":"00017",
			"x":-120,
			"y":-84
			},
			{
			"res":"00018",
			"x":-81,
			"y":-83
			},
			{
			"res":"00019",
			"x":-87,
			"y":-76
			},
			{
			"res":"00020",
			"x":-88,
			"y":-75
			},
			{
			"res":"00021",
			"x":-87,
			"y":-67
			},
			{
			"res":"00022",
			"x":-67,
			"y":-66
			}
			]
}},
	"res":{
		"00003":{"x":958,"y":221,"w":209,"h":230},
		"00001":{"x":1169,"y":432,"w":180,"h":179},
		"00017":{"x":1649,"y":218,"w":231,"h":209},
		"00020":{"x":1646,"y":429,"w":204,"h":193},
		"00008":{"x":240,"y":0,"w":241,"h":231},
		"00002":{"x":0,"y":236,"w":204,"h":222},
		"00013":{"x":718,"y":227,"w":238,"h":202},
		"00012":{"x":240,"y":233,"w":238,"h":195},
		"00007":{"x":0,"y":0,"w":238,"h":234},
		"00009":{"x":1188,"y":218,"w":230,"h":212},
		"00004":{"x":1420,"y":224,"w":224,"h":212},
		"00021":{"x":1852,"y":429,"w":193,"h":185},
		"00011":{"x":951,"y":0,"w":235,"h":219},
		"00018":{"x":700,"y":431,"w":195,"h":191},
		"00005":{"x":1649,"y":0,"w":227,"h":216},
		"00014":{"x":483,"y":230,"w":215,"h":211},
		"00019":{"x":206,"y":430,"w":204,"h":190},
		"00000":{"x":1351,"y":438,"w":175,"h":171},
		"00010":{"x":1188,"y":0,"w":232,"h":216},
		"00022":{"x":1878,"y":0,"w":147,"h":140},
		"00016":{"x":718,"y":0,"w":231,"h":225},
		"00006":{"x":483,"y":0,"w":233,"h":228},
		"00015":{"x":1422,"y":0,"w":225,"h":222}
	}}