{"mc":{
	"rc_shengmingqianghua":{
		"frameRate":22,
		"labels":[
			{"name":"playani","frame":1,"end":22}
			
			],
		"events":[
			
			],
		"frames":[
			
			{
			"res":"00000",
			"x":-39,
			"y":-40
			},
			{
			"res":"00001",
			"x":-40,
			"y":-41
			},
			{
			"res":"00002",
			"x":-43,
			"y":-42
			},
			{
			"res":"00003",
			"x":-43,
			"y":-41
			},
			{
			"res":"00004",
			"x":-104,
			"y":-101
			},
			{
			"res":"00005",
			"x":-110,
			"y":-109
			},
			{
			"res":"00006",
			"x":-112,
			"y":-112
			},
			{
			"res":"00007",
			"x":-112,
			"y":-112
			},
			{
			"res":"00008",
			"x":-112,
			"y":-112
			},
			{
			"res":"00009",
			"x":-114,
			"y":-114
			},
			{
			"res":"00010",
			"x":-117,
			"y":-115
			},
			{
			"res":"00011",
			"x":-117,
			"y":-117
			},
			{
			"res":"00012",
			"x":-118,
			"y":-117
			},
			{
			"res":"00013",
			"x":-117,
			"y":-118
			},
			{
			"res":"00014",
			"x":-115,
			"y":-118
			},
			{
			"res":"00015",
			"x":-114,
			"y":-117
			},
			{
			"res":"00016",
			"x":-113,
			"y":-116
			},
			{
			"res":"00017",
			"x":-112,
			"y":-112
			},
			{
			"res":"00018",
			"x":-112,
			"y":-112
			},
			{
			"res":"00019",
			"x":-112,
			"y":-112
			},
			{
			"res":"00020",
			"x":-112,
			"y":-112
			},
			{
			"res":"00021",
			"x":-110,
			"y":-109
			}
			]
}},
	"res":{
		"00004":{"x":0,"y":972,"w":215,"h":217},
		"00007":{"x":468,"y":492,"w":232,"h":239},
		"00008":{"x":715,"y":490,"w":232,"h":239},
		"00016":{"x":239,"y":247,"w":233,"h":243},
		"00018":{"x":234,"y":492,"w":232,"h":239},
		"00013":{"x":240,"y":0,"w":237,"h":245},
		"00021":{"x":468,"y":733,"w":228,"h":232},
		"00017":{"x":702,"y":731,"w":232,"h":239},
		"00005":{"x":468,"y":967,"w":228,"h":232},
		"00003":{"x":794,"y":972,"w":94,"h":79},
		"00020":{"x":234,"y":733,"w":232,"h":239},
		"00019":{"x":0,"y":731,"w":232,"h":239},
		"00000":{"x":936,"y":731,"w":86,"h":75},
		"00012":{"x":0,"y":0,"w":238,"h":244},
		"00009":{"x":715,"y":247,"w":234,"h":241},
		"00002":{"x":698,"y":972,"w":94,"h":81},
		"00001":{"x":890,"y":972,"w":88,"h":77},
		"00014":{"x":718,"y":0,"w":235,"h":245},
		"00010":{"x":0,"y":246,"w":237,"h":242},
		"00006":{"x":0,"y":490,"w":232,"h":239},
		"00011":{"x":479,"y":0,"w":237,"h":244},
		"00015":{"x":479,"y":246,"w":234,"h":244}
	}}