{"mc":{
	"rc_shuailaoxuehongse":{
		"frameRate":19,
		"labels":[
			{"name":"playani","frame":1,"end":19}
			
			],
		"events":[
			
			],
		"frames":[
			
			{
			"res":"00000",
			"x":-23,
			"y":149
			},
			{
			"res":"00001",
			"x":-24,
			"y":101
			},
			{
			"res":"00002",
			"x":-33,
			"y":44
			},
			{
			"res":"00003",
			"x":-24,
			"y":3
			},
			{
			"res":"00004",
			"x":-25,
			"y":-21
			},
			{
			"res":"00005",
			"x":-79,
			"y":-97
			},
			{
			"res":"00006",
			"x":-80,
			"y":-105
			},
			{
			"res":"00007",
			"x":-86,
			"y":-109
			},
			{
			"res":"00008",
			"x":-86,
			"y":-111
			},
			{
			"res":"00009",
			"x":-92,
			"y":-112
			},
			{
			"res":"00010",
			"x":-96,
			"y":-113
			},
			{
			"res":"00011",
			"x":-92,
			"y":-115
			},
			{
			"res":"00012",
			"x":-97,
			"y":-114
			},
			{
			"res":"00013",
			"x":-102,
			"y":-118
			},
			{
			"res":"00014",
			"x":-109,
			"y":-123
			},
			{
			"res":"00015",
			"x":-111,
			"y":-127
			},
			{
			"res":"00016",
			"x":-114,
			"y":-133
			},
			{
			"res":"00017",
			"x":-117,
			"y":-136
			},
			{
			"res":"00018",
			"x":-111,
			"y":-137
			}
			]
}},
	"res":{
		"00001":{"x":605,"y":500,"w":42,"h":99},
		"00007":{"x":181,"y":498,"w":168,"h":212},
		"00002":{"x":356,"y":268,"w":58,"h":156},
		"00003":{"x":513,"y":500,"w":43,"h":197},
		"00005":{"x":351,"y":500,"w":160,"h":192},
		"00011":{"x":178,"y":268,"w":176,"h":228},
		"00004":{"x":558,"y":500,"w":45,"h":157},
		"00009":{"x":850,"y":254,"w":170,"h":219},
		"00013":{"x":434,"y":262,"w":185,"h":236},
		"00012":{"x":0,"y":266,"w":176,"h":229},
		"00006":{"x":856,"y":0,"w":162,"h":204},
		"00015":{"x":649,"y":0,"w":205,"h":252},
		"00018":{"x":220,"y":0,"w":212,"h":266},
		"00010":{"x":0,"y":498,"w":179,"h":223},
		"00014":{"x":649,"y":254,"w":199,"h":246},
		"00017":{"x":0,"y":0,"w":218,"h":264},
		"00008":{"x":850,"y":475,"w":168,"h":215},
		"00016":{"x":434,"y":0,"w":213,"h":260},
		"00000":{"x":356,"y":426,"w":41,"h":51}
	}}