{"mc":{
	"rc_wanqiang":{
		"frameRate":24,
		"labels":[
			{"name":"playani","frame":1,"end":24}
			
			],
		"events":[
			
			],
		"frames":[
			
			{
			"res":"00000",
			"x":-157,
			"y":-161
			},
			{
			"res":"00001",
			"x":-157,
			"y":-161
			},
			{
			"res":"00002",
			"x":-158,
			"y":-161
			},
			{
			"res":"00003",
			"x":-159,
			"y":-161
			},
			{
			"res":"00004",
			"x":-161,
			"y":-161
			},
			{
			"res":"00005",
			"x":-160,
			"y":-161
			},
			{
			"res":"00006",
			"x":-162,
			"y":-161
			},
			{
			"res":"00007",
			"x":-159,
			"y":-161
			},
			{
			"res":"00008",
			"x":-159,
			"y":-161
			},
			{
			"res":"00009",
			"x":-151,
			"y":-161
			},
			{
			"res":"00010",
			"x":-149,
			"y":-161
			},
			{
			"res":"00011",
			"x":-126,
			"y":-161
			},
			{
			"res":"00012",
			"x":-119,
			"y":-161
			},
			{
			"res":"00013",
			"x":-119,
			"y":-161
			},
			{
			"res":"00014",
			"x":-119,
			"y":-161
			},
			{
			"res":"00015",
			"x":-119,
			"y":-161
			},
			{
			"res":"00016",
			"x":-119,
			"y":-161
			},
			{
			"res":"00017",
			"x":-116,
			"y":-156
			},
			{
			"res":"00018",
			"x":-78,
			"y":-106
			},
			{
			"res":"00019",
			"x":-76,
			"y":-106
			},
			{
			"res":"00020",
			"x":-76,
			"y":-106
			},
			{
			"res":"00021",
			"x":-256,
			"y":-256
			},
			{
			"res":"00022",
			"x":-256,
			"y":-256
			},
			{
			"res":"00023",
			"x":-256,
			"y":-256
			}
			]
}},
	"res":{
		"00007":{"x":319,"y":647,"w":306,"h":317},
		"00001":{"x":331,"y":0,"w":327,"h":320},
		"00017":{"x":0,"y":1607,"w":234,"h":307},
		"00023":{"x":979,"y":0,"w":5,"h":5},
		"00003":{"x":0,"y":322,"w":321,"h":323},
		"00019":{"x":859,"y":1124,"w":155,"h":145},
		"00011":{"x":610,"y":971,"w":247,"h":317},
		"00008":{"x":627,"y":652,"w":303,"h":317},
		"00006":{"x":646,"y":332,"w":319,"h":318},
		"00002":{"x":0,"y":647,"w":317,"h":320},
		"00000":{"x":0,"y":0,"w":329,"h":320},
		"00010":{"x":0,"y":969,"w":276,"h":317},
		"00018":{"x":859,"y":971,"w":159,"h":151},
		"00013":{"x":762,"y":1290,"w":240,"h":317},
		"00009":{"x":319,"y":966,"w":289,"h":317},
		"00012":{"x":520,"y":1290,"w":240,"h":317},
		"00016":{"x":0,"y":1288,"w":240,"h":317},
		"00015":{"x":242,"y":1604,"w":240,"h":317},
		"00021":{"x":979,"y":0,"w":5,"h":5},
		"00020":{"x":859,"y":1124,"w":155,"h":145},
		"00022":{"x":979,"y":0,"w":5,"h":5},
		"00005":{"x":660,"y":0,"w":317,"h":330},
		"00004":{"x":323,"y":322,"w":321,"h":323},
		"00014":{"x":278,"y":1285,"w":240,"h":317}
	}}