{"mc":{
	"rc_zhongji":{
		"frameRate":22,
		"labels":[
			{"name":"playani","frame":1,"end":22}
			
			],
		"events":[
			
			],
		"frames":[
			
			{
			"res":"00000",
			"x":-77,
			"y":-84
			},
			{
			"res":"00001",
			"x":-77,
			"y":-85
			},
			{
			"res":"00002",
			"x":-77,
			"y":-85
			},
			{
			"res":"00003",
			"x":-79,
			"y":-86
			},
			{
			"res":"00004",
			"x":-81,
			"y":-86
			},
			{
			"res":"00005",
			"x":-82,
			"y":-85
			},
			{
			"res":"00006",
			"x":-83,
			"y":-84
			},
			{
			"res":"00007",
			"x":-84,
			"y":-84
			},
			{
			"res":"00008",
			"x":-85,
			"y":-85
			},
			{
			"res":"00009",
			"x":-86,
			"y":-87
			},
			{
			"res":"00010",
			"x":-85,
			"y":-86
			},
			{
			"res":"00011",
			"x":-83,
			"y":-85
			},
			{
			"res":"00012",
			"x":-82,
			"y":-86
			},
			{
			"res":"00013",
			"x":-80,
			"y":-85
			},
			{
			"res":"00014",
			"x":-80,
			"y":-83
			},
			{
			"res":"00015",
			"x":-81,
			"y":-81
			},
			{
			"res":"00016",
			"x":-82,
			"y":-80
			},
			{
			"res":"00017",
			"x":-82,
			"y":-80
			},
			{
			"res":"00018",
			"x":-82,
			"y":-80
			},
			{
			"res":"00019",
			"x":-80,
			"y":-80
			},
			{
			"res":"00020",
			"x":-79,
			"y":-81
			},
			{
			"res":"00021",
			"x":-78,
			"y":-83
			}
			]
}},
	"res":{
		"00015":{"x":158,"y":323,"w":158,"h":156},
		"00013":{"x":170,"y":161,"w":157,"h":160},
		"00012":{"x":834,"y":0,"w":159,"h":161},
		"00003":{"x":318,"y":323,"w":156,"h":158},
		"00009":{"x":0,"y":0,"w":168,"h":162},
		"00011":{"x":672,"y":0,"w":160,"h":160},
		"00016":{"x":649,"y":473,"w":160,"h":154},
		"00020":{"x":811,"y":475,"w":160,"h":153},
		"00019":{"x":476,"y":475,"w":161,"h":153},
		"00021":{"x":488,"y":317,"w":159,"h":156},
		"00007":{"x":505,"y":0,"w":165,"h":156},
		"00004":{"x":833,"y":163,"w":159,"h":156},
		"00005":{"x":505,"y":158,"w":161,"h":157},
		"00018":{"x":813,"y":321,"w":163,"h":152},
		"00000":{"x":329,"y":163,"w":157,"h":158},
		"00006":{"x":668,"y":162,"w":163,"h":154},
		"00008":{"x":170,"y":0,"w":167,"h":159},
		"00010":{"x":339,"y":0,"w":164,"h":161},
		"00014":{"x":0,"y":325,"w":155,"h":158},
		"00017":{"x":649,"y":318,"w":162,"h":153},
		"00001":{"x":0,"y":164,"w":156,"h":159},
		"00002":{"x":157,"y":481,"w":154,"h":158}
	}}