{"mc":{
	"rc_zuzhou":{
		"frameRate":24,
		"labels":[
			{"name":"playani","frame":1,"end":24}
			
			],
		"events":[
			
			],
		"frames":[
			
			{
			"res":"00000",
			"x":-181,
			"y":-181
			},
			{
			"res":"00001",
			"x":-181,
			"y":-181
			},
			{
			"res":"00002",
			"x":-180,
			"y":-181
			},
			{
			"res":"00003",
			"x":-179,
			"y":-181
			},
			{
			"res":"00004",
			"x":-179,
			"y":-181
			},
			{
			"res":"00005",
			"x":-180,
			"y":-181
			},
			{
			"res":"00006",
			"x":-180,
			"y":-181
			},
			{
			"res":"00007",
			"x":-179,
			"y":-181
			},
			{
			"res":"00008",
			"x":-178,
			"y":-181
			},
			{
			"res":"00009",
			"x":-180,
			"y":-181
			},
			{
			"res":"00010",
			"x":-180,
			"y":-181
			},
			{
			"res":"00011",
			"x":-180,
			"y":-181
			},
			{
			"res":"00012",
			"x":-180,
			"y":-181
			},
			{
			"res":"00013",
			"x":-179,
			"y":-181
			},
			{
			"res":"00014",
			"x":-178,
			"y":-181
			},
			{
			"res":"00015",
			"x":-180,
			"y":-181
			},
			{
			"res":"00016",
			"x":-179,
			"y":-181
			},
			{
			"res":"00017",
			"x":-177,
			"y":-181
			},
			{
			"res":"00018",
			"x":-159,
			"y":-181
			},
			{
			"res":"00019",
			"x":-151,
			"y":-174
			},
			{
			"res":"00020",
			"x":-138,
			"y":-128
			},
			{
			"res":"00021",
			"x":-104,
			"y":-100
			},
			{
			"res":"00022",
			"x":-38,
			"y":-38
			},
			{
			"res":"00023",
			"x":-35,
			"y":-34
			}
			]
}},
	"res":{
		"00014":{"x":0,"y":728,"w":351,"h":362},
		"00016":{"x":350,"y":1092,"w":347,"h":362},
		"00010":{"x":1081,"y":0,"w":353,"h":362},
		"00008":{"x":353,"y":728,"w":350,"h":362},
		"00017":{"x":699,"y":1092,"w":338,"h":362},
		"00015":{"x":354,"y":364,"w":352,"h":362},
		"00005":{"x":0,"y":364,"w":352,"h":362},
		"00003":{"x":1409,"y":728,"w":349,"h":362},
		"00000":{"x":0,"y":0,"w":362,"h":362},
		"00012":{"x":708,"y":364,"w":352,"h":362},
		"00019":{"x":1359,"y":1092,"w":301,"h":327},
		"00020":{"x":1760,"y":728,"w":286,"h":269},
		"00018":{"x":1039,"y":1092,"w":318,"h":360},
		"00001":{"x":364,"y":0,"w":360,"h":362},
		"00002":{"x":1062,"y":364,"w":352,"h":362},
		"00013":{"x":1057,"y":728,"w":350,"h":362},
		"00023":{"x":1864,"y":218,"w":69,"h":62},
		"00021":{"x":1790,"y":0,"w":220,"h":216},
		"00022":{"x":1790,"y":218,"w":72,"h":73},
		"00007":{"x":1436,"y":0,"w":352,"h":362},
		"00011":{"x":726,"y":0,"w":353,"h":362},
		"00009":{"x":1416,"y":364,"w":351,"h":362},
		"00006":{"x":705,"y":728,"w":350,"h":362},
		"00004":{"x":0,"y":1092,"w":348,"h":362}
	}}