{"file":"loginSheet.png","frames":{
"kaishiyouxi00":{"x":562,"y":95,"w":452,"h":93,"offX":0,"offY":1,"sourceW":452,"sourceH":94},
"huoqu":{"x":962,"y":190,"w":59,"h":30,"offX":1,"offY":0,"sourceW":60,"sourceH":30},
"biyan":{"x":962,"y":263,"w":38,"h":32,"offX":0,"offY":0,"sourceW":38,"sourceH":32},
"zhuce01":{"x":562,"y":268,"w":198,"h":76,"offX":0,"offY":0,"sourceW":198,"sourceH":76},
"zhuce00":{"x":762,"y":190,"w":198,"h":76,"offX":0,"offY":0,"sourceW":198,"sourceH":76},
"zhmm":{"x":791,"y":434,"w":119,"h":28,"offX":1,"offY":0,"sourceW":120,"sourceH":28},
"zhezhao":{"x":0,"y":0,"w":560,"h":576,"offX":0,"offY":0,"sourceW":560,"sourceH":576},
"zczh01":{"x":922,"y":346,"w":84,"h":86,"offX":0,"offY":0,"sourceW":84,"sourceH":86},
"zczh00":{"x":836,"y":346,"w":84,"h":86,"offX":0,"offY":0,"sourceW":84,"sourceH":86},
"zczh":{"x":791,"y":464,"w":118,"h":28,"offX":0,"offY":0,"sourceW":118,"sourceH":28},
"yzm":{"x":912,"y":434,"w":94,"h":30,"offX":0,"offY":0,"sourceW":94,"sourceH":30},
"yonghuming":{"x":664,"y":476,"w":94,"h":29,"offX":0,"offY":1,"sourceW":94,"sourceH":30},
"xuankuang01":{"x":962,"y":222,"w":40,"h":39,"offX":0,"offY":1,"sourceW":40,"sourceH":40},
"xuankuang00":{"x":962,"y":297,"w":30,"h":34,"offX":3,"offY":6,"sourceW":40,"sourceH":40},
"wjmm01":{"x":750,"y":346,"w":84,"h":86,"offX":0,"offY":0,"sourceW":84,"sourceH":86},
"wjmm00":{"x":664,"y":346,"w":84,"h":86,"offX":0,"offY":0,"sourceW":84,"sourceH":86},
"smxz":{"x":664,"y":434,"w":125,"h":40,"offX":1,"offY":0,"sourceW":126,"sourceH":40},
"sjh":{"x":562,"y":490,"w":94,"h":29,"offX":0,"offY":1,"sourceW":94,"sourceH":30},
"shuru":{"x":562,"y":428,"w":100,"h":60,"offX":0,"offY":0,"sourceW":100,"sourceH":60},
"queding01":{"x":762,"y":268,"w":198,"h":76,"offX":0,"offY":0,"sourceW":198,"sourceH":76},
"queding00":{"x":562,"y":190,"w":198,"h":76,"offX":0,"offY":0,"sourceW":198,"sourceH":76},
"mm":{"x":911,"y":466,"w":93,"h":30,"offX":1,"offY":0,"sourceW":94,"sourceH":30},
"logo":{"x":0,"y":578,"w":581,"h":335,"offX":33,"offY":20,"sourceW":614,"sourceH":355},
"kuang":{"x":562,"y":346,"w":100,"h":80,"offX":0,"offY":0,"sourceW":100,"sourceH":80},
"kaiyan":{"x":760,"y":494,"w":38,"h":22,"offX":0,"offY":6,"sourceW":38,"sourceH":32},
"kaishiyouxi01":{"x":562,"y":0,"w":452,"h":93,"offX":0,"offY":1,"sourceW":452,"sourceH":94}}}