{"file":"combatRecordSheet.png","frames":{
"a28x28_4":{"x":479,"y":290,"w":28,"h":28,"offX":0,"offY":0,"sourceW":28,"sourceH":28},
"a86x86_0":{"x":176,"y":156,"w":86,"h":86,"offX":0,"offY":0,"sourceW":86,"sourceH":86},
"a86x86_1":{"x":88,"y":156,"w":86,"h":86,"offX":0,"offY":0,"sourceW":86,"sourceH":86},
"a86x86_2":{"x":0,"y":156,"w":86,"h":86,"offX":0,"offY":0,"sourceW":86,"sourceH":86},
"a86x86_3":{"x":412,"y":88,"w":86,"h":86,"offX":0,"offY":0,"sourceW":86,"sourceH":86},
"a86x86_4":{"x":412,"y":0,"w":86,"h":86,"offX":0,"offY":0,"sourceW":86,"sourceH":86},
"a130x130_0":{"x":280,"y":0,"w":130,"h":130,"offX":0,"offY":0,"sourceW":130,"sourceH":130},
"bai":{"x":266,"y":132,"w":135,"h":55,"offX":1,"offY":1,"sourceW":136,"sourceH":56},
"exp":{"x":348,"y":189,"w":36,"h":36,"offX":0,"offY":0,"sourceW":36,"sourceH":36},
"line":{"x":487,"y":176,"w":20,"h":2,"offX":0,"offY":0,"sourceW":20,"sourceH":2},
"shengli":{"x":0,"y":328,"w":118,"h":54,"offX":0,"offY":0,"sourceW":118,"sourceH":54},
"shibai":{"x":348,"y":260,"w":99,"h":66,"offX":1,"offY":0,"sourceW":100,"sourceH":66},
"t_duizhanjilu":{"x":120,"y":328,"w":160,"h":33,"offX":0,"offY":0,"sourceW":160,"sourceH":33},
"vs":{"x":252,"y":273,"w":65,"h":35,"offX":1,"offY":1,"sourceW":66,"sourceH":36},
"y1":{"x":0,"y":244,"w":82,"h":82,"offX":0,"offY":0,"sourceW":82,"sourceH":82},
"y2":{"x":264,"y":189,"w":82,"h":82,"offX":0,"offY":0,"sourceW":82,"sourceH":82},
"y3":{"x":403,"y":176,"w":82,"h":82,"offX":0,"offY":0,"sourceW":82,"sourceH":82},
"y4":{"x":168,"y":244,"w":82,"h":82,"offX":0,"offY":0,"sourceW":82,"sourceH":82},
"y5":{"x":84,"y":244,"w":82,"h":82,"offX":0,"offY":0,"sourceW":82,"sourceH":82},
"zuoan00":{"x":0,"y":78,"w":264,"h":76,"offX":0,"offY":0,"sourceW":278,"sourceH":76},
"zuoan01":{"x":0,"y":0,"w":278,"h":76,"offX":0,"offY":0,"sourceW":278,"sourceH":76},
"a28x28_0":{"x":348,"y":227,"w":28,"h":28,"offX":0,"offY":0,"sourceW":28,"sourceH":28},
"a28x28_1":{"x":449,"y":290,"w":28,"h":28,"offX":0,"offY":0,"sourceW":28,"sourceH":28},
"a28x28_2":{"x":479,"y":260,"w":28,"h":28,"offX":0,"offY":0,"sourceW":28,"sourceH":28},
"a28x28_3":{"x":449,"y":260,"w":28,"h":28,"offX":0,"offY":0,"sourceW":28,"sourceH":28}}}