{"file":"hallBtn1Sheet.png","frames":{
"huishou01":{"x":854,"y":451,"w":105,"h":106,"offX":11,"offY":0,"sourceW":128,"sourceH":108},
"huishou00":{"x":747,"y":451,"w":105,"h":106,"offX":11,"offY":0,"sourceW":128,"sourceH":108},
"f98x96_1":{"x":635,"y":357,"w":110,"h":103,"offX":12,"offY":0,"sourceW":128,"sourceH":108},
"f98x96_0":{"x":523,"y":357,"w":110,"h":103,"offX":12,"offY":0,"sourceW":128,"sourceH":108},
"e98x96_1":{"x":523,"y":462,"w":104,"h":103,"offX":13,"offY":0,"sourceW":128,"sourceH":108},
"e98x96_0":{"x":216,"y":458,"w":104,"h":103,"offX":13,"offY":0,"sourceW":128,"sourceH":108},
"d98x96_1":{"x":629,"y":462,"w":96,"h":103,"offX":16,"offY":0,"sourceW":128,"sourceH":108},
"d98x96_0":{"x":919,"y":342,"w":96,"h":103,"offX":16,"offY":0,"sourceW":128,"sourceH":108},
"c176x175_1":{"x":636,"y":0,"w":178,"h":184,"offX":0,"offY":0,"sourceW":178,"sourceH":184},
"c176x175_0":{"x":456,"y":0,"w":178,"h":184,"offX":0,"offY":0,"sourceW":178,"sourceH":184},
"c98x96_1":{"x":420,"y":464,"w":96,"h":103,"offX":16,"offY":0,"sourceW":128,"sourceH":108},
"c98x96_0":{"x":322,"y":464,"w":96,"h":103,"offX":16,"offY":0,"sourceW":128,"sourceH":108},
"b176x175_1":{"x":816,"y":171,"w":165,"h":169,"offX":7,"offY":15,"sourceW":178,"sourceH":184},
"b176x175_0":{"x":816,"y":0,"w":165,"h":169,"offX":7,"offY":15,"sourceW":178,"sourceH":184},
"b98x96_1":{"x":108,"y":450,"w":106,"h":106,"offX":11,"offY":0,"sourceW":128,"sourceH":108},
"b98x96_0":{"x":0,"y":450,"w":106,"h":106,"offX":11,"offY":0,"sourceW":128,"sourceH":108},
"a272x102_1":{"x":0,"y":346,"w":272,"h":102,"offX":0,"offY":0,"sourceW":272,"sourceH":102},
"a272x102_0":{"x":0,"y":242,"w":272,"h":102,"offX":0,"offY":0,"sourceW":272,"sourceH":102},
"a260x260_1":{"x":228,"y":0,"w":226,"h":240,"offX":0,"offY":0,"sourceW":226,"sourceH":240},
"a260x260_0":{"x":0,"y":0,"w":226,"h":240,"offX":0,"offY":0,"sourceW":226,"sourceH":240},
"a176x175_1":{"x":623,"y":186,"w":165,"h":169,"offX":7,"offY":15,"sourceW":178,"sourceH":184},
"a176x175_0":{"x":456,"y":186,"w":165,"h":169,"offX":7,"offY":15,"sourceW":178,"sourceH":184},
"a98x96_1":{"x":790,"y":342,"w":127,"h":107,"offX":0,"offY":0,"sourceW":128,"sourceH":108},
"a98x96_0":{"x":274,"y":242,"w":127,"h":107,"offX":0,"offY":0,"sourceW":128,"sourceH":108},
"a96x90_1":{"x":606,"y":567,"w":86,"h":87,"offX":2,"offY":1,"sourceW":88,"sourceH":88},
"a96x90_0":{"x":518,"y":567,"w":86,"h":87,"offX":2,"offY":1,"sourceW":88,"sourceH":88},
"a86x114_1":{"x":0,"y":558,"w":86,"h":114,"offX":0,"offY":0,"sourceW":86,"sourceH":114},
"a86x114_0":{"x":877,"y":559,"w":78,"h":114,"offX":0,"offY":0,"sourceW":86,"sourceH":114},
"a78x80_1":{"x":317,"y":569,"w":77,"h":80,"offX":1,"offY":0,"sourceW":78,"sourceH":80},
"a78x80_0":{"x":238,"y":563,"w":77,"h":80,"offX":1,"offY":0,"sourceW":78,"sourceH":80},
"a52x52_1":{"x":961,"y":505,"w":52,"h":56,"offX":0,"offY":0,"sourceW":52,"sourceH":56},
"a52x52_0":{"x":961,"y":447,"w":52,"h":56,"offX":0,"offY":0,"sourceW":52,"sourceH":56},
"a48x52_1":{"x":983,"y":0,"w":39,"h":40,"offX":4,"offY":6,"sourceW":48,"sourceH":52},
"a48x52_0":{"x":983,"y":42,"w":39,"h":40,"offX":4,"offY":6,"sourceW":48,"sourceH":52},
"a44x48_1":{"x":790,"y":186,"w":22,"h":24,"offX":11,"offY":12,"sourceW":44,"sourceH":48},
"a44x48_0":{"x":983,"y":172,"w":22,"h":24,"offX":11,"offY":12,"sourceW":44,"sourceH":48},
"a44x44_1":{"x":983,"y":146,"w":24,"h":24,"offX":10,"offY":10,"sourceW":44,"sourceH":44},
"a44x44_0":{"x":983,"y":120,"w":24,"h":24,"offX":10,"offY":10,"sourceW":44,"sourceH":44},
"a40x40_1":{"x":403,"y":242,"w":40,"h":39,"offX":0,"offY":1,"sourceW":40,"sourceH":40},
"a40x40_0":{"x":983,"y":84,"w":30,"h":34,"offX":3,"offY":6,"sourceW":40,"sourceH":40},
"a26x42_1":{"x":727,"y":559,"w":148,"h":66,"offX":0,"offY":0,"sourceW":148,"sourceH":66},
"a26x42_0":{"x":88,"y":563,"w":148,"h":66,"offX":0,"offY":0,"sourceW":148,"sourceH":66},
"e_duihuan00":{"x":274,"y":351,"w":123,"h":105,"offX":3,"offY":0,"sourceW":128,"sourceH":108},
"e_duihuan01":{"x":399,"y":357,"w":122,"h":105,"offX":3,"offY":0,"sourceW":128,"sourceH":108}}}