{"file":"commonBtn0Sheet.png","frames":{
"c300x116_1":{"x":0,"y":236,"w":300,"h":116,"offX":0,"offY":0,"sourceW":300,"sourceH":116},
"a78x78_0":{"x":906,"y":0,"w":78,"h":78,"offX":0,"offY":0,"sourceW":78,"sourceH":78},
"a78x78_1":{"x":906,"y":80,"w":78,"h":78,"offX":0,"offY":0,"sourceW":78,"sourceH":78},
"a300x116_0":{"x":604,"y":118,"w":300,"h":116,"offX":0,"offY":0,"sourceW":300,"sourceH":116},
"a300x116_1":{"x":302,"y":118,"w":300,"h":116,"offX":0,"offY":0,"sourceW":300,"sourceH":116},
"a300x116_2":{"x":0,"y":118,"w":300,"h":116,"offX":0,"offY":0,"sourceW":300,"sourceH":116},
"b300x116_0":{"x":604,"y":0,"w":300,"h":116,"offX":0,"offY":0,"sourceW":300,"sourceH":116},
"b300x116_1":{"x":302,"y":0,"w":300,"h":116,"offX":0,"offY":0,"sourceW":300,"sourceH":116},
"c300x116_0":{"x":0,"y":0,"w":300,"h":116,"offX":0,"offY":0,"sourceW":300,"sourceH":116}}}