{
    "-4":"非法请求!",
    "-5":"系统许可证已过期,请重新登录!",
    
    "-100":"已经有匹敌任务",
    "-101":"匹配错误",
    "-104":"不存在匹敌信息,请返回重试",
    "-108":"匹敌错误,请先配置队伍信息",
    "-109":"你的卡组有经验为零的卡牌，请升星！",

    "-500":"失败",
    "-501":"发送短信错误",
    "-502":"账号为空",
    "-503":"账户不合法",
    "-504":"电话号码不合法",
    "-505":"两次密码不一致",
    "-506":"密码错误",
    "-507":"账号已存在",
    "-508":"电话号码已存在",
    "-510":"注册错误",
    "-511":"登陆错误",
    "-512":"账号不存在",
    "-513":"修改密码错误",
    "-514":"验证码错误",
    "-515":"错误的参数",
    "-523":"用户密码错误",

    "-996":"重连游戏",
    "-997":"您已断开连接. \n请重新连接游戏!",
    "-998":"您的网络不稳定,请重新尝试!",
    "-999":"发生未知错误,请重新尝试!"
}