{"file":"combatBtn0Sheet.png","frames":{
"a46x46_0":{"x":972,"y":167,"w":46,"h":45,"offX":0,"offY":1,"sourceW":46,"sourceH":46},
"a46x46_1":{"x":972,"y":120,"w":46,"h":45,"offX":0,"offY":1,"sourceW":46,"sourceH":46},
"a68x32_0":{"x":902,"y":154,"w":68,"h":32,"offX":0,"offY":0,"sourceW":68,"sourceH":32},
"a68x32_1":{"x":902,"y":120,"w":68,"h":32,"offX":0,"offY":0,"sourceW":68,"sourceH":32},
"a118x118_0":{"x":562,"y":700,"w":118,"h":118,"offX":0,"offY":0,"sourceW":118,"sourceH":118},
"a118x118_1":{"x":442,"y":700,"w":118,"h":118,"offX":0,"offY":0,"sourceW":118,"sourceH":118},
"a138x138_0":{"x":302,"y":580,"w":138,"h":138,"offX":0,"offY":0,"sourceW":138,"sourceH":138},
"a138x138_1":{"x":778,"y":226,"w":138,"h":138,"offX":0,"offY":0,"sourceW":138,"sourceH":138},
"a172x228_0":{"x":0,"y":226,"w":172,"h":224,"offX":0,"offY":0,"sourceW":188,"sourceH":224},
"a172x228_1":{"x":728,"y":0,"w":172,"h":224,"offX":0,"offY":0,"sourceW":188,"sourceH":224},
"a202x58_0":{"x":682,"y":760,"w":202,"h":58,"offX":0,"offY":0,"sourceW":202,"sourceH":58},
"a202x58_1":{"x":682,"y":700,"w":202,"h":58,"offX":0,"offY":0,"sourceW":202,"sourceH":58},
"b118x118_0":{"x":562,"y":580,"w":118,"h":118,"offX":0,"offY":0,"sourceW":118,"sourceH":118},
"b118x118_1":{"x":442,"y":580,"w":118,"h":118,"offX":0,"offY":0,"sourceW":118,"sourceH":118},
"b118x118_2":{"x":902,"y":0,"w":118,"h":118,"offX":0,"offY":0,"sourceW":118,"sourceH":118},
"b172x228_0":{"x":190,"y":0,"w":188,"h":224,"offX":0,"offY":0,"sourceW":188,"sourceH":224},
"b172x228_1":{"x":0,"y":0,"w":188,"h":224,"offX":0,"offY":0,"sourceW":188,"sourceH":224},
"c118x118_0":{"x":802,"y":580,"w":118,"h":118,"offX":0,"offY":0,"sourceW":118,"sourceH":118},
"c118x118_1":{"x":682,"y":580,"w":118,"h":118,"offX":0,"offY":0,"sourceW":118,"sourceH":118},
"c172x228_0":{"x":554,"y":0,"w":172,"h":224,"offX":0,"offY":0,"sourceW":188,"sourceH":224},
"c172x228_1":{"x":380,"y":0,"w":172,"h":224,"offX":0,"offY":0,"sourceW":188,"sourceH":224},
"d118x118_0":{"x":906,"y":366,"w":116,"h":116,"offX":1,"offY":1,"sourceW":118,"sourceH":118},
"d118x118_1":{"x":120,"y":698,"w":118,"h":118,"offX":0,"offY":0,"sourceW":118,"sourceH":118},
"d118x118_2":{"x":0,"y":698,"w":118,"h":118,"offX":0,"offY":0,"sourceW":118,"sourceH":118},
"jujue_0":{"x":476,"y":226,"w":300,"h":116,"offX":0,"offY":0,"sourceW":300,"sourceH":116},
"jujue_1":{"x":174,"y":226,"w":300,"h":116,"offX":0,"offY":0,"sourceW":300,"sourceH":116},
"queding_0":{"x":0,"y":580,"w":300,"h":116,"offX":0,"offY":0,"sourceW":300,"sourceH":116},
"queding_1":{"x":604,"y":462,"w":300,"h":116,"offX":0,"offY":0,"sourceW":300,"sourceH":116},
"quxiao_0":{"x":302,"y":462,"w":300,"h":116,"offX":0,"offY":0,"sourceW":300,"sourceH":116},
"quxiao_1":{"x":0,"y":462,"w":300,"h":116,"offX":0,"offY":0,"sourceW":300,"sourceH":116},
"tongyi_0":{"x":476,"y":344,"w":300,"h":116,"offX":0,"offY":0,"sourceW":300,"sourceH":116},
"tongyi_1":{"x":174,"y":344,"w":300,"h":116,"offX":0,"offY":0,"sourceW":300,"sourceH":116}}}