{
	"skins": {
		"eui.Button": "resource/eui_skins/ButtonSkin.exml",
		"eui.CheckBox": "resource/eui_skins/CheckBoxSkin.exml",
		"eui.HScrollBar": "resource/eui_skins/HScrollBarSkin.exml",
		"eui.HSlider": "resource/eui_skins/HSliderSkin.exml",
		"eui.Panel": "resource/eui_skins/PanelSkin.exml",
		"eui.TextInput": "resource/eui_skins/TextInputSkin.exml",
		"eui.ProgressBar": "resource/eui_skins/ProgressBarSkin.exml",
		"eui.RadioButton": "resource/eui_skins/RadioButtonSkin.exml",
		"eui.Scroller": "resource/eui_skins/ScrollerSkin.exml",
		"eui.ToggleSwitch": "resource/eui_skins/ToggleSwitchSkin.exml",
		"eui.VScrollBar": "resource/eui_skins/VScrollBarSkin.exml",
		"eui.VSlider": "resource/eui_skins/VSliderSkin.exml",
		"eui.ItemRenderer": "resource/eui_skins/ItemRendererSkin.exml"
	},
	"autoGenerateExmlsList": true,
	"exmls": [
		"resource/skins/common/button/ButtonB1Skin.exml",
		"resource/skins/common/button/ButtonR1Skin.exml",
		"resource/skins/common/button/ButtonY1Skin.exml",
		"resource/skins/common/card/CardFetterSkin.exml",
		"resource/skins/common/card/CardRectangleSkin.exml",
		"resource/skins/common/card/CardSkillSkin.exml",
		"resource/skins/common/card/CardSquareSkin.exml",
		"resource/skins/common/popup/PromptBoxSkin.exml",
		"resource/skins/load/LoadingBSkin.exml",
		"resource/skins/load/LoadingHSkin.exml",
		"resource/skins/load/LoadingRSkin.exml",
		"resource/skins/load/LoadingSSkin.exml",
		"resource/skins/load/TextSkin.exml",
		"resource/skins/login/DebugItemSkin.exml",
		"resource/skins/login/DebugSkin.exml",
		"resource/skins/login/ForgotSkin.exml",
		"resource/skins/login/LoginSkin.exml",
		"resource/skins/login/RegisterSkin.exml"
	],
	"path": "resource/default.thm.json"
}