{
    "ButtonB1Skin": "(#be){function t(){e.call(this),#!elementsContent=[#!_a1_i(),#!labelDisplay_i()],#!states=[new eui.State(\"up\",[]),new eui.State(\"down\",[new eui.SetProperty(\"_a1\",\"source\",\"commonBtn0Sheet_json.a300x116_1\")]),new eui.State(\"disabled\",[new eui.SetProperty(\"_a1\",\"source\",\"commonBtn0Sheet_json.a300x116_2\")])]}__extends(t,e);var n=t.prototype;return n._a1_i=#b){var e=new eui.Image;return #!_a1=e,e.percentHeight=100,e.source=\"commonBtn0Sheet_json.a300x116_0\",e.percentWidth=100,e},n.labelDisplay_i=#b){var e=new eui.Label;return #!labelDisplay=e,e.bottom=8,e.fontFamily=\"SimHei\",e.left=8,e.right=8,e.size=48,e.textAlign=\"center\",e.textColor=15793407,e.top=8,e.verticalAlign=\"middle\",e},Object.defineProperty(n,\"skinParts\",{get:#b){return[\"labelDisplay\"]},enumerable:!0,configurable:!0}),t})(eui.Skin);",
    "ButtonR1Skin": "(#be){function t(){e.call(this),#!elementsContent=[#!_a1_i(),#!labelDisplay_i()],#!states=[new eui.State(\"up\",[]),new eui.State(\"down\",[new eui.SetProperty(\"_a1\",\"source\",\"commonBtn0Sheet_json.b300x116_1\")]),new eui.State(\"disabled\",[new eui.SetProperty(\"_a1\",\"source\",\"commonBtn0Sheet_json.a300x116_2\")])]}__extends(t,e);var n=t.prototype;return n._a1_i=#b){var e=new eui.Image;return #!_a1=e,e.percentHeight=100,e.source=\"commonBtn0Sheet_json.b300x116_0\",e.percentWidth=100,e},n.labelDisplay_i=#b){var e=new eui.Label;return #!labelDisplay=e,e.bottom=8,e.fontFamily=\"SimHei\",e.left=8,e.right=8,e.size=48,e.strokeColor=11145508,e.textAlign=\"center\",e.textColor=16770534,e.top=8,e.verticalAlign=\"middle\",e},Object.defineProperty(n,\"skinParts\",{get:#b){return[\"labelDisplay\"]},enumerable:!0,configurable:!0}),t})(eui.Skin);",
    "ButtonY1Skin": "(#be){function t(){e.call(this),#!elementsContent=[#!_a1_i(),#!labelDisplay_i()],#!states=[new eui.State(\"up\",[]),new eui.State(\"down\",[new eui.SetProperty(\"_a1\",\"source\",\"commonBtn0Sheet_json.c300x116_1\")]),new eui.State(\"disabled\",[new eui.SetProperty(\"_a1\",\"source\",\"commonBtn0Sheet_json.a300x116_2\")])]}__extends(t,e);var n=t.prototype;return n._a1_i=#b){var e=new eui.Image;return #!_a1=e,e.percentHeight=100,e.source=\"commonBtn0Sheet_json.c300x116_0\",e.percentWidth=100,e},n.labelDisplay_i=#b){var e=new eui.Label;return #!labelDisplay=e,e.bottom=8,e.fontFamily=\"SimHei\",e.left=8,e.right=8,e.size=48,e.textAlign=\"center\",e.textColor=15793407,e.top=8,e.verticalAlign=\"middle\",e},Object.defineProperty(n,\"skinParts\",{get:#b){return[\"labelDisplay\"]},enumerable:!0,configurable:!0}),t})(eui.Skin);",
    "CardFetterSkin": "(#be){function t(){e.call(this),#!height=130,#!width=130,#!elementsContent=[#!groupCF_i()]}__extends(t,e);var n=#be){function t(){e.call(this),#!elementsContent=[#!_a1_i(),#!labelDisplay_i()],#!states=[new eui.State(\"up\",[]),new eui.State(\"down\",[new eui.SetProperty(\"_a1\",\"source\",\"jibanshuoming_json.djb01\")]),new eui.State(\"disabled\",[])]}__extends(t,e);var n=t.prototype;return n._a1_i=#b){var e=new eui.Image;return #!_a1=e,e.percentHeight=100,e.source=\"jibanshuoming_json.djb01\",e.percentWidth=100,e},n.labelDisplay_i=#b){var e=new eui.Label;return #!labelDisplay=e,e.horizontalCenter=0,e.verticalCenter=0,e},Object.defineProperty(n,\"skinParts\",{get:#b){return[\"labelDisplay\"]},enumerable:!0,configurable:!0}),t}(eui.Skin),i=t.prototype;return i.groupCF_i=#b){var e=new eui.Group;return #!groupCF=e,e.height=130,e.width=130,e.x=0,e.y=0,e.elementsContent=[#!imgBG_i(),#!btnFetter_i()],e},i.imgBG_i=#b){var e=new eui.Image;return #!imgBG=e,e.anchorOffsetX=.43,e.anchorOffsetY=.43,e.percentHeight=100,e.horizontalCenter=0,e.source=\"jibanshuoming_json.jbR_0\",e.verticalCenter=0,e.percentWidth=100,e},i.btnFetter_i=#b){var e=new eui.Button;return #!btnFetter=e,e.anchorOffsetX=.5,e.anchorOffsetY=.5,e.height=80,e.horizontalCenter=0,e.label=\"\",e.scaleX=1,e.scaleY=1,e.verticalCenter=0,e.width=80,e.skinName=n,e},Object.defineProperty(i,\"skinParts\",{get:#b){return[\"imgBG\",\"btnFetter\",\"groupCF\"]},enumerable:!0,configurable:!0}),t})(eui.Skin);",
    "CardRectangleSkin": "(#be){function i(){e.call(this),#!height=572,#!width=382,#!elementsContent=[#!groupCR_i(),#!groupCRB_i()]}__extends(i,e);var t=i.prototype;return t.groupCR_i=#b){var e=new eui.Group;return #!groupCR=e,e.height=572,e.touchChildren=!1,e.width=382,e.x=0,e.y=0,e.elementsContent=[#!imgBG_i(),#!imgIcon_i(),#!imgRarity_i(),#!levelbg_i(),#!imgElement_i(),#!lblRound_i(),#!lblName_i(),#!lblAtk_i(),#!lblHp_i(),#!groupLevel_i(),#!imgChoose_i()],e},t.imgBG_i=#b){var e=new eui.Image;return #!imgBG=e,e.source=\"cardCommonImg0Sheet_json.tongyonga\",e.x=0,e.y=0,e},t.imgIcon_i=#b){var e=new eui.Image;return #!imgIcon=e,e.source=\"\",e.x=0,e.y=0,e},t.imgRarity_i=#b){var e=new eui.Image;return #!imgRarity=e,e.source=\"cardCommonImg1Sheet_json.r_rb1\",e.x=0,e.y=0,e},t.levelbg_i=#b){var e=new eui.Image;return #!levelbg=e,e.horizontalCenter=0,e.source=\"cardCommonImg0Sheet_json.r_dangban\",e.y=85,e},t.imgElement_i=#b){var e=new eui.Image;return #!imgElement=e,e.source=\"cardCommonImg2Sheet_json.r_e1\",e.x=302,e.y=8,e},t.lblRound_i=#b){var e=new eui.Label;return #!lblRound=e,e.fontFamily=\"SimHei\",e.height=55,e.size=52,e.stroke=2,e.text=\"6\",e.textAlign=\"center\",e.textColor=16777215,e.verticalAlign=\"middle\",e.width=55,e.x=21,e.y=22,e},t.lblName_i=#b){var e=new eui.Label;return #!lblName=e,e.fontFamily=\"SimHei\",e.horizontalCenter=0,e.size=34,e.stroke=2,e.text=\"诸葛村夫\",e.textAlign=\"center\",e.textColor=16777215,e.width=200,e.y=30,e},t.lblAtk_i=#b){var e=new eui.Label;return #!lblAtk=e,e.bold=!0,e.fontFamily=\"SimHei\",e.size=34,e.stroke=2,e.text=\"6666\",e.textAlign=\"center\",e.textColor=16777215,e.width=90,e.x=75,e.y=514,e},t.lblHp_i=#b){var e=new eui.Label;return #!lblHp=e,e.bold=!0,e.fontFamily=\"SimHei\",e.size=34,e.stroke=2,e.text=\"6666\",e.textAlign=\"center\",e.textColor=16777215,e.width=90,e.x=270,e.y=514,e},t.groupLevel_i=#b){var e=new eui.Group;return #!groupLevel=e,e.anchorOffsetX=0,e.anchorOffsetY=0,e.width=230,e.x=80,e.y=85,e.elementsContent=[#!imgGeneration_i(),#!imgLv1_i(),#!imgLv2_i(),#!imgLv3_i(),#!imgLv4_i(),#!imgLv5_i(),#!imgLv6_i()],e},t.imgGeneration_i=#b){var e=new eui.Image;return #!imgGeneration=e,e.scaleX=1,e.scaleY=1,e.source=\"cardCommonText0Sheet_json.r_g1\",e.width=48,e.x=0,e.y=0,e},t.imgLv1_i=#b){var e=new eui.Image;return #!imgLv1=e,e.scaleX=1,e.scaleY=1,e.source=\"cardCommonImg0Sheet_json.r_star\",e.width=30,e.x=50,e.y=0,e},t.imgLv2_i=#b){var e=new eui.Image;return #!imgLv2=e,e.scaleX=1,e.scaleY=1,e.source=\"cardCommonImg0Sheet_json.r_star\",e.width=30,e.x=80,e.y=0,e},t.imgLv3_i=#b){var e=new eui.Image;return #!imgLv3=e,e.scaleX=1,e.scaleY=1,e.source=\"cardCommonImg0Sheet_json.r_star\",e.width=30,e.x=110,e.y=0,e},t.imgLv4_i=#b){var e=new eui.Image;return #!imgLv4=e,e.scaleX=1,e.scaleY=1,e.source=\"cardCommonImg0Sheet_json.r_star\",e.width=30,e.x=140,e.y=0,e},t.imgLv5_i=#b){var e=new eui.Image;return #!imgLv5=e,e.scaleX=1,e.scaleY=1,e.source=\"cardCommonImg0Sheet_json.r_star\",e.width=30,e.x=170,e.y=0,e},t.imgLv6_i=#b){var e=new eui.Image;return #!imgLv6=e,e.scaleX=1,e.scaleY=1,e.source=\"cardCommonImg0Sheet_json.r_star\",e.width=30,e.x=200,e.y=0,e},t.imgChoose_i=#b){var e=new eui.Image;return #!imgChoose=e,e.height=112,e.horizontalCenter=0,e.scaleX=1.85,e.scaleY=1.85,e.source=\"cardCommonImg2Sheet_json.a108x112\",e.touchEnabled=!1,e.verticalCenter=0,e.visible=!1,e.width=108,e.x=463,e.y=132,e},t.groupCRB_i=#b){var e=new eui.Group;return #!groupCRB=e,e.height=572,e.touchChildren=!1,e.visible=!1,e.width=382,e.x=0,e.y=0,e.elementsContent=[#!_a1_i()],e},t._a1_i=#b){var e=new eui.Image;return e.scaleX=1,e.scaleY=1,e.source=\"cardCommonImg1Sheet_json.r_rb0\",e.x=0,e.y=0,e},Object.defineProperty(t,\"skinParts\",{get:#b){return[\"imgBG\",\"imgIcon\",\"imgRarity\",\"levelbg\",\"imgElement\",\"lblRound\",\"lblName\",\"lblAtk\",\"lblHp\",\"imgGeneration\",\"imgLv1\",\"imgLv2\",\"imgLv3\",\"imgLv4\",\"imgLv5\",\"imgLv6\",\"groupLevel\",\"imgChoose\",\"groupCR\",\"groupCRB\"]},enumerable:!0,configurable:!0}),i})(eui.Skin);",
    "CardSkillSkin": "(#be){function t(){e.call(this),#!height=72,#!width=72,#!elementsContent=[#!groupCSK_i()]}__extends(t,e);var n=t.prototype;return n.groupCSK_i=#b){var e=new eui.Group;return #!groupCSK=e,e.percentHeight=100,e.percentWidth=100,e.x=0,e.y=0,e.elementsContent=[#!imgIcon_i(),#!imgBG_i()],e},n.imgIcon_i=#b){var e=new eui.Image;return #!imgIcon=e,e.percentHeight=100,e.horizontalCenter=0,e.source=\"cardCommonImg4Sheet_json.sk_linshi\",e.touchEnabled=!1,e.verticalCenter=0,e.percentWidth=100,e},n.imgBG_i=#b){var e=new eui.Image;return #!imgBG=e,e.percentHeight=100,e.horizontalCenter=0,e.source=\"cardCommonImg4Sheet_json.sk_b1\",e.touchEnabled=!1,e.verticalCenter=0,e.percentWidth=100,e},Object.defineProperty(n,\"skinParts\",{get:#b){return[\"imgIcon\",\"imgBG\",\"groupCSK\"]},enumerable:!0,configurable:!0}),t})(eui.Skin);",
    "CardSquareSkin": "(#be){function i(){e.call(this),#!height=196,#!width=196,#!elementsContent=[#!groupCS_i(),#!groupCSB_i()]}__extends(i,e);var t=i.prototype;return t.groupCS_i=#b){var e=new eui.Group;return #!groupCS=e,e.height=196,e.touchChildren=!1,e.width=196,e.x=0,e.y=0,e.elementsContent=[#!imgBG_i(),#!imgIcon_i(),#!imgRarity_i(),#!flag_i(),#!imgRound_i(),#!imgElement_i(),#!lblRound_i(),#!lblName_i(),#!lblCost_i(),#!groupLevel_i(),#!lblAtk_i(),#!lblHp_i(),#!imgChoose_i()],e},t.imgBG_i=#b){var e=new eui.Image;return #!imgBG=e,e.source=\"cardCommonImg0Sheet_json.tongyongb\",e.x=0,e.y=0,e},t.imgIcon_i=#b){var e=new eui.Image;return #!imgIcon=e,e.source=\"\",e.x=0,e.y=0,e},t.imgRarity_i=#b){var e=new eui.Image;return #!imgRarity=e,e.source=\"cardCommonImg0Sheet_json.s_rb1\",e.x=0,e.y=0,e},t.flag_i=#b){var e=new eui.Image;return #!flag=e,e.source=\"cardCommonImg0Sheet_json.s_cost\",e.x=10,e.y=35,e},t.imgRound_i=#b){var e=new eui.Image;return #!imgRound=e,e.source=\"cardCommonImg0Sheet_json.s_r1\",e.x=0,e.y=0,e},t.imgElement_i=#b){var e=new eui.Image;return #!imgElement=e,e.scaleX=.8,e.scaleY=.8,e.source=\"cardCommonImg2Sheet_json.s_e1\",e.x=155,e.y=5.4,e},t.lblRound_i=#b){var e=new eui.Label;return #!lblRound=e,e.fontFamily=\"SimHei\",e.height=34,e.size=26,e.stroke=2,e.text=\"6\",e.textAlign=\"center\",e.verticalAlign=\"middle\",e.width=33,e.x=7,e.y=4,e},t.lblName_i=#b){var e=new eui.Label;return #!lblName=e,e.fontFamily=\"SimHei\",e.size=22,e.stroke=2,e.text=\"诸葛匹夫\",e.textAlign=\"center\",e.width=110,e.x=45,e.y=12,e},t.lblCost_i=#b){var e=new eui.Label;return #!lblCost=e,e.fontFamily=\"SimHei\",e.size=18,e.stroke=1,e.text=\"66\",e.textAlign=\"center\",e.width=30,e.x=10,e.y=44,e},t.groupLevel_i=#b){var e=new eui.Group;return #!groupLevel=e,e.anchorOffsetX=0,e.anchorOffsetY=0,e.width=134,e.x=40,e.y=35,e.elementsContent=[#!imgGeneration_i(),#!imgLv1_i(),#!imgLv2_i(),#!imgLv3_i(),#!imgLv4_i(),#!imgLv5_i(),#!imgLv6_i()],e},t.imgGeneration_i=#b){var e=new eui.Image;return #!imgGeneration=e,e.source=\"cardCommonText0Sheet_json.s_g1\",e.width=32,e.x=0,e.y=0,e},t.imgLv1_i=#b){var e=new eui.Image;return #!imgLv1=e,e.scaleX=1,e.scaleY=1,e.source=\"cardCommonImg0Sheet_json.s_star\",e.width=17,e.x=32,e.y=2,e},t.imgLv2_i=#b){var e=new eui.Image;return #!imgLv2=e,e.scaleX=1,e.scaleY=1,e.source=\"cardCommonImg0Sheet_json.s_star\",e.width=17,e.x=49,e.y=2,e},t.imgLv3_i=#b){var e=new eui.Image;return #!imgLv3=e,e.scaleX=1,e.scaleY=1,e.source=\"cardCommonImg0Sheet_json.s_star\",e.width=17,e.x=66,e.y=2,e},t.imgLv4_i=#b){var e=new eui.Image;return #!imgLv4=e,e.scaleX=1,e.scaleY=1,e.source=\"cardCommonImg0Sheet_json.s_star\",e.width=17,e.x=83,e.y=2,e},t.imgLv5_i=#b){var e=new eui.Image;return #!imgLv5=e,e.scaleX=1,e.scaleY=1,e.source=\"cardCommonImg0Sheet_json.s_star\",e.width=17,e.x=100,e.y=2,e},t.imgLv6_i=#b){var e=new eui.Image;return #!imgLv6=e,e.scaleX=1,e.scaleY=1,e.source=\"cardCommonImg0Sheet_json.s_star\",e.width=17,e.x=117,e.y=2,e},t.lblAtk_i=#b){var e=new eui.Label;return #!lblAtk=e,e.bold=!0,e.fontFamily=\"SimHei\",e.size=21,e.stroke=1,e.text=\"6666\",e.textAlign=\"center\",e.width=50,e.x=30,e.y=166,e},t.lblHp_i=#b){var e=new eui.Label;return #!lblHp=e,e.bold=!0,e.fontFamily=\"SimHei\",e.size=21,e.stroke=1,e.text=\"6666\",e.textAlign=\"center\",e.width=50,e.x=115,e.y=166,e},t.imgChoose_i=#b){var e=new eui.Image;return #!imgChoose=e,e.height=112,e.horizontalCenter=0,e.scaleX=1,e.scaleY=1,e.source=\"cardCommonImg2Sheet_json.a108x112\",e.touchEnabled=!1,e.verticalCenter=0,e.visible=!1,e.width=108,e.x=-7,e.y=-7,e},t.groupCSB_i=#b){var e=new eui.Group;return #!groupCSB=e,e.height=196,e.touchChildren=!1,e.visible=!1,e.width=196,e.x=0,e.y=0,e.elementsContent=[#!_a1_i()],e},t._a1_i=#b){var e=new eui.Image;return e.scaleX=1,e.scaleY=1,e.source=\"cardCommonImg0Sheet_json.s_rb0\",e.x=0,e.y=0,e},Object.defineProperty(t,\"skinParts\",{get:#b){return[\"imgBG\",\"imgIcon\",\"imgRarity\",\"flag\",\"imgRound\",\"imgElement\",\"lblRound\",\"lblName\",\"lblCost\",\"imgGeneration\",\"imgLv1\",\"imgLv2\",\"imgLv3\",\"imgLv4\",\"imgLv5\",\"imgLv6\",\"groupLevel\",\"lblAtk\",\"lblHp\",\"imgChoose\",\"groupCS\",\"groupCSB\"]},enumerable:!0,configurable:!0}),i})(eui.Skin);",
    "PromptBoxSkin": "(#bt){function e(){t.call(this),#!height=750,#!width=1334,#!elementsContent=[#!groupPromptBox_i()]}__extends(e,t);var n=e.prototype;return n.groupPromptBox_i=#b){var t=new eui.Group;return #!groupPromptBox=t,t.percentHeight=100,t.percentWidth=100,t.x=0,t.y=0,t.elementsContent=[#!rectBG_i(),#!_c1_i()],t},n.rectBG_i=#b){var t=new eui.Rect;return #!rectBG=t,t.fillAlpha=.7,t.percentHeight=100,t.percentWidth=100,t.x=0,t.y=0,t},n._c1_i=#b){var t=new eui.Group;return t.anchorOffsetX=0,t.anchorOffsetY=0,t.height=440,t.horizontalCenter=0,t.verticalCenter=0,t.width=840,t.elementsContent=[#!_a1_i(),#!lblContent_i(),#!btnCancel_i(),#!btnConfirm_i(),#!btnConfirmCenter_i()],t},n._a1_i=#b){var t=new eui.Image;return t.anchorOffsetX=0,t.anchorOffsetY=0,t.percentHeight=100,t.left=0,t.scale9Grid=new egret.Rectangle(21,15,60,62),t.scaleX=1,t.scaleY=1,t.source=\"commonImg0Sheet_json.a100x100\",t.percentWidth=100,t.y=0,t},n.lblContent_i=#b){var t=new eui.Label;return #!lblContent=t,t.fontFamily=\"SimHei\",t.height=260,t.horizontalCenter=0,t.lineSpacing=10,t.scaleX=1,t.scaleY=1,t.size=32,t.stroke=2,t.text=\"\",t.textAlign=\"center\",t.textColor=16777215,t.verticalAlign=\"middle\",t.width=760,t.wordWrap=!0,t.y=10,t},n.btnCancel_i=#b){var t=new eui.Button;return #!btnCancel=t,t.label=\"取消\",t.scaleX=.68,t.scaleY=.68,t.skinName=\"ButtonR1Skin\",t.x=105,t.y=295,t},n.btnConfirm_i=#b){var t=new eui.Button;return #!btnConfirm=t,t.anchorOffsetX=0,t.anchorOffsetY=0,t.label=\"确定\",t.scaleX=.68,t.scaleY=.68,t.skinName=\"ButtonB1Skin\",t.x=540,t.y=295,t},n.btnConfirmCenter_i=#b){var t=new eui.Button;return #!btnConfirmCenter=t,t.anchorOffsetX=0,t.anchorOffsetY=0,t.horizontalCenter=0,t.label=\"确定\",t.scaleX=.68,t.scaleY=.68,t.skinName=\"ButtonB1Skin\",t.x=253,t.y=295,t},Object.defineProperty(n,\"skinParts\",{get:#b){return[\"rectBG\",\"lblContent\",\"btnCancel\",\"btnConfirm\",\"btnConfirmCenter\",\"groupPromptBox\"]},enumerable:!0,configurable:!0}),e})(eui.Skin);",
    "LoadingBSkin": "(#be){function t(){e.call(this),#!height=16,#!width=650,#!elementsContent=[#!_a1_i(),#!thumb_i()]}__extends(t,e);var n=t.prototype;return n._a1_i=#b){var e=new eui.Image;return e.percentHeight=100,e.scale9Grid=new egret.Rectangle(7,2,34,12),e.source=\"l2_png\",e.percentWidth=100,e},n.thumb_i=#b){var e=new eui.Image;return #!thumb=e,e.percentHeight=100,e.scale9Grid=new egret.Rectangle(0,0,0,0),e.source=\"l1_png\",e.percentWidth=100,e.x=0,e.y=0,e},Object.defineProperty(n,\"skinParts\",{get:#b){return[\"thumb\"]},enumerable:!0,configurable:!0}),t})(eui.Skin);",
    "LoadingHSkin": "(#be){function t(){e.call(this),#!height=750,#!width=1334,#!elementsContent=[#!_s1_i(),#!_a1_i(),#!prbLoading_i(),#!lblProgress_i(),#!lblProgress0_i()]}__extends(t,e);var r=t.prototype;return r._s1_i=#b){var e=new eui.Rect;return e.fillColor=12566463,e.percentHeight=100,e.percentWidth=100,e.x=0,e.y=0,e},r._a1_i=#b){var e=new eui.Image;return e.percentHeight=100,e.source=\"bjt_jpg\",e.percentWidth=100,e.x=0,e.y=0,e},r.prbLoading_i=#b){var e=new eui.ProgressBar;return #!prbLoading=e,e.bottom=27,e.horizontalCenter=0,e.skinName=\"LoadingBSkin\",e.value=0,e},r.lblProgress_i=#b){var e=new eui.Label;return #!lblProgress=e,e.horizontalCenter=37.5,e.size=30,e.text=\"0%\",e.textColor=16244658,e.y=670,e},r.lblProgress0_i=#b){var e=new eui.Label;return #!lblProgress0=e,e.horizontalCenter=-60.5,e.size=30,e.text=\"Loading\",e.textColor=15904579,e.y=670,e},Object.defineProperty(r,\"skinParts\",{get:#b){return[\"prbLoading\",\"lblProgress\",\"lblProgress0\"]},enumerable:!0,configurable:!0}),t})(eui.Skin);",
    "LoadingRSkin": "(#be){function t(){e.call(this),#!height=86,#!width=86,#!elementsContent=[#!_c1_i()]}__extends(t,e);var n=t.prototype;return n._c1_i=#b){var e=new eui.Group;return e.percentHeight=100,e.percentWidth=100,e.x=0,e.y=0,e.elementsContent=[#!imgZQ_i()],e},n.imgZQ_i=#b){var e=new eui.Image;return #!imgZQ=e,e.scaleX=1,e.scaleY=1,e.source=\"commonImg0Sheet_json.a86x86\",e.x=0,e.y=0,e},Object.defineProperty(n,\"skinParts\",{get:#b){return[\"imgZQ\"]},enumerable:!0,configurable:!0}),t})(eui.Skin);",
    "LoadingSSkin": "(#be){function t(){e.call(this),#!height=1334,#!width=750,#!elementsContent=[#!_s1_i(),#!_a1_i(),#!prbLoading_i(),#!lblProgress_i()]}__extends(t,e);var i=t.prototype;return i._s1_i=#b){var e=new eui.Rect;return e.fillColor=38834,e.percentHeight=100,e.percentWidth=100,e.x=0,e.y=0,e},i._a1_i=#b){var e=new eui.Image;return e.percentHeight=100,e.source=\"\",e.percentWidth=100,e.x=0,e.y=0,e},i.prbLoading_i=#b){var e=new eui.ProgressBar;return #!prbLoading=e,e.bottom=254,e.horizontalCenter=0,e.skinName=\"LoadingBSkin\",e},i.lblProgress_i=#b){var e=new eui.Label;return #!lblProgress=e,e.bottom=326,e.horizontalCenter=.5,e.size=54,e.text=\"Label\",e},Object.defineProperty(i,\"skinParts\",{get:#b){return[\"prbLoading\",\"lblProgress\"]},enumerable:!0,configurable:!0}),t})(eui.Skin);",
    "TextSkin": "(#bt){function e(){t.call(this),#!height=270,#!width=270,#!elementsContent=[#!_c1_i()]}__extends(e,t);var i=e.prototype;return i._c1_i=#b){var t=new eui.Group;return t.percentHeight=100,t.percentWidth=100,t.x=0,t.y=0,t.elementsContent=[#!text_i()],t},i.text_i=#b){var t=new eui.Label;return #!text=t,t.text=\"tishitishi\",t.x=47,t.y=105,t},Object.defineProperty(i,\"skinParts\",{get:#b){return[\"text\"]},enumerable:!0,configurable:!0}),e})(eui.Skin);",
    "DebugItemSkin": "(#be){function t(){e.call(this),#!height=50,#!width=90,#!elementsContent=[#!groupDebugItem_i()]}__extends(t,e);var i=t.prototype;return i.groupDebugItem_i=#b){var e=new eui.Group;return #!groupDebugItem=e,e.height=50,e.scaleX=1,e.scaleY=1,e.touchChildren=!1,e.width=90,e.x=0,e.y=0,e.elementsContent=[#!_s1_i(),#!lblRoom_i(),#!lblState_i()],e},i._s1_i=#b){var e=new eui.Rect;return e.fillAlpha=1,e.fillColor=5000268,e.percentHeight=100,e.percentWidth=100,e.x=0,e.y=0,e},i.lblRoom_i=#b){var e=new eui.Label;return #!lblRoom=e,e.horizontalCenter=0,e.scaleX=1,e.scaleY=1,e.size=16,e.text=\"房间号：100\",e.y=10,e},i.lblState_i=#b){var e=new eui.Label;return #!lblState=e,e.horizontalCenter=0,e.scaleX=1,e.scaleY=1,e.size=16,e.text=\"状态：正常\",e.y=30,e},Object.defineProperty(i,\"skinParts\",{get:#b){return[\"lblRoom\",\"lblState\",\"groupDebugItem\"]},enumerable:!0,configurable:!0}),t})(eui.Skin);",
    "DebugSkin": "(#be){function t(){e.call(this),#!height=750,#!width=1334,#!elementsContent=[#!_c2_i()]}__extends(t,e);var n=t.prototype;return n._c2_i=#b){var e=new eui.Group;return e.percentHeight=100,e.percentWidth=100,e.x=0,e.y=0,e.elementsContent=[#!_s1_i(),#!_a1_i(),#!group1_i(),#!group2_i()],e},n._s1_i=#b){var e=new eui.Rect;return e.fillColor=12566463,e.percentHeight=100,e.scaleX=1,e.scaleY=1,e.percentWidth=100,e.x=0,e.y=0,e},n._a1_i=#b){var e=new eui.Image;return e.percentHeight=100,e.scaleX=1,e.scaleY=1,e.source=\"bg0_jpg\",e.percentWidth=100,e.x=0,e.y=0,e},n.group1_i=#b){var e=new eui.Group;return #!group1=e,e.percentHeight=100,e.touchEnabled=!1,e.visible=!1,e.percentWidth=100,e.x=0,e.y=0,e.elementsContent=[#!btnCreate_i(),#!btnOpen_i(),#!btnClose_i(),#!lblAccount0_i(),#!lblAccount1_i()],e},n.btnCreate_i=#b){var e=new eui.Button;return #!btnCreate=e,e.anchorOffsetX=0,e.horizontalCenter=0,e.label=\"创建房间\",e.scaleX=1,e.scaleY=1,e.skinName=\"ButtonB1Skin\",e.y=480,e},n.btnOpen_i=#b){var e=new eui.Button;return #!btnOpen=e,e.anchorOffsetX=0,e.horizontalCenter=0,e.label=\"打开窗口\",e.scaleX=1,e.scaleY=1,e.skinName=\"ButtonB1Skin\",e.y=400,e},n.btnClose_i=#b){var e=new eui.Button;return #!btnClose=e,e.anchorOffsetX=0,e.horizontalCenter=0,e.label=\"关闭房间\",e.scaleX=1,e.scaleY=1,e.skinName=\"ButtonB1Skin\",e.y=530,e},n.lblAccount0_i=#b){var e=new eui.Label;return #!lblAccount0=e,e.scaleX=1,e.scaleY=1,e.text=\"用户1：\",e.x=0,e.y=50,e},n.lblAccount1_i=#b){var e=new eui.Label;return #!lblAccount1=e,e.scaleX=1,e.scaleY=1,e.text=\"用户2：\",e.x=0,e.y=100,e},n.group2_i=#b){var e=new eui.Group;return #!group2=e,e.percentHeight=100,e.touchEnabled=!1,e.percentWidth=100,e.x=0,e.y=0,e.elementsContent=[#!groupRData_i(),#!groupRDetail_i(),#!groupRCreate_i()],e},n.groupRData_i=#b){var e=new eui.Group;return #!groupRData=e,e.percentHeight=100,e.touchEnabled=!1,e.visible=!1,e.percentWidth=100,e.x=0,e.y=0,e.elementsContent=[#!scrRoom_i(),#!lblTime_i(),#!_e1_i(),#!editCurCSIndex_i()],e},n.scrRoom_i=#b){var e=new eui.Scroller;return #!scrRoom=e,e.height=670,e.horizontalCenter=0,e.scaleX=1,e.scaleY=1,e.percentWidth=100,e.x=0,e.y=80,e.viewport=#!groupRoom_i(),e},n.groupRoom_i=#b){var e=new eui.Group;return #!groupRoom=e,e.layout=#!_TileLayout1_i(),e},n._TileLayout1_i=#b){var e=new eui.TileLayout;return e},n.lblTime_i=#b){var e=new eui.Label;return #!lblTime=e,e.scaleX=1,e.scaleY=1,e.text=\"刷新倒计时: 00:00\",e.x=0,e.y=20,e},n._e1_i=#b){var e=new eui.Label;return e.scaleX=1,e.scaleY=1,e.text=\"当前测试下标:\",e.x=260,e.y=20,e},n.editCurCSIndex_i=#b){var e=new eui.EditableText;return #!editCurCSIndex=e,e.height=50,e.text=\"0\",e.width=150,e.x=465,e.y=20,e},n.groupRDetail_i=#b){var e=new eui.Group;return #!groupRDetail=e,e.percentHeight=100,e.horizontalCenter=0,e.scaleX=1,e.scaleY=1,e.touchEnabled=!1,e.visible=!1,e.percentWidth=100,e.x=0,e.y=0,e.elementsContent=[#!_e2_i(),#!lblRAccount0_i(),#!lblRAccount1_i(),#!lblRState_i(),#!_c1_i(),#!btnROpen_i(),#!btnRClose_i(),#!btnRRecovery_i(),#!btnRGetBattleInfo_i(),#!btnRBack_i(),#!editBattleInfo_i()],e},n._e2_i=#b){var e=new eui.Label;return e.scaleX=1,e.scaleY=1,e.text=\"房间信息：\",e.x=0,e.y=10,e},n.lblRAccount0_i=#b){var e=new eui.Label;return #!lblRAccount0=e,e.scaleX=1,e.scaleY=1,e.text=\"用户1：\",e.x=0,e.y=50,e},n.lblRAccount1_i=#b){var e=new eui.Label;return #!lblRAccount1=e,e.scaleX=1,e.scaleY=1,e.text=\"用户2：\",e.x=0,e.y=100,e},n.lblRState_i=#b){var e=new eui.Label;return #!lblRState=e,e.scaleX=1,e.scaleY=1,e.text=\"状态：\",e.x=0,e.y=150,e},n._c1_i=#b){var e=new eui.Group;return e.horizontalCenter=0,e.touchEnabled=!1,e.percentWidth=100,e.y=200,e.layout=#!_VerticalLayout1_i(),e.elementsContent=[#!_e3_i(),#!editJson_i()],e},n._VerticalLayout1_i=#b){var e=new eui.VerticalLayout;return e},n._e3_i=#b){var e=new eui.Label;return e.text=\"卡牌json：\",e.verticalAlign=\"middle\",e.x=0,e.y=200,e},n.editJson_i=#b){var e=new eui.EditableText;return #!editJson=e,e.anchorOffsetX=0,e.fontFamily=\"Microsoft YaHei\",e.height=150,e.prompt=\"点击选择复制\",e.promptColor=16367434,e.scaleX=1,e.scaleY=1,e.size=24,e.textAlign=\"left\",e.textColor=16777215,e.verticalAlign=\"middle\",e.percentWidth=100,e.x=100,e.y=-50,e},n.btnROpen_i=#b){var e=new eui.Button;return #!btnROpen=e,e.anchorOffsetX=0,e.horizontalCenter=0,e.label=\"打开窗口\",e.scaleX=1,e.scaleY=1,e.skinName=\"ButtonB1Skin\",e.x=491,e.y=400,e},n.btnRClose_i=#b){var e=new eui.Button;return #!btnRClose=e,e.anchorOffsetX=0,e.horizontalCenter=0,e.label=\"关闭房间\",e.scaleX=1,e.scaleY=1,e.skinName=\"ButtonB1Skin\",e.x=491,e.y=530,e},n.btnRRecovery_i=#b){var e=new eui.Button;return #!btnRRecovery=e,e.anchorOffsetX=0,e.label=\"回收房间\",e.right=0,e.scaleX=1,e.scaleY=1,e.skinName=\"ButtonB1Skin\",e.y=400,e},n.btnRGetBattleInfo_i=#b){var e=new eui.Button;return #!btnRGetBattleInfo=e,e.anchorOffsetX=0,e.label=\"获取战斗信息\",e.right=0,e.scaleX=1,e.scaleY=1,e.skinName=\"ButtonB1Skin\",e.x=10,e.y=530,e},n.btnRBack_i=#b){var e=new eui.Button;return #!btnRBack=e,e.anchorOffsetX=0,e.label=\"返回\",e.left=0,e.scaleX=1,e.scaleY=1,e.skinName=\"ButtonB1Skin\",e.y=400,e},n.editBattleInfo_i=#b){var e=new eui.EditableText;return #!editBattleInfo=e,e.anchorOffsetX=0,e.fontFamily=\"Microsoft YaHei\",e.height=100,e.prompt=\"点击获取战斗信息按钮获取\",e.promptColor=16367434,e.scaleX=1,e.scaleY=1,e.size=24,e.textAlign=\"left\",e.textColor=16777215,e.verticalAlign=\"middle\",e.percentWidth=100,e.x=0,e.y=640,e},n.groupRCreate_i=#b){var e=new eui.Group;return #!groupRCreate=e,e.percentHeight=100,e.horizontalCenter=0,e.touchEnabled=!1,e.visible=!1,e.percentWidth=100,e.elementsContent=[#!btnRCreate_i(),#!btnChangeCurCSIndex_i(),#!_e4_i(),#!editCCurCSIndex_i()],e},n.btnRCreate_i=#b){var e=new eui.Button;return #!btnRCreate=e,e.anchorOffsetX=0,e.horizontalCenter=0,e.label=\"创建房间\",e.scaleX=1,e.scaleY=1,e.skinName=\"ButtonB1Skin\",e.x=491,e.y=480,e},n.btnChangeCurCSIndex_i=#b){var e=new eui.Button;return #!btnChangeCurCSIndex=e,e.anchorOffsetX=0,e.label=\"修改下标\",e.scaleX=1,e.scaleY=1,e.skinName=\"ButtonB1Skin\",e.x=10,e.y=71,e},n._e4_i=#b){var e=new eui.Label;return e.scaleX=1,e.scaleY=1,e.text=\"当前测试下标:\",e.x=0,e.y=20,e},n.editCCurCSIndex_i=#b){var e=new eui.EditableText;return #!editCCurCSIndex=e,e.height=50,e.scaleX=1,e.scaleY=1,e.text=\"0\",e.width=150,e.x=207,e.y=20,e},Object.defineProperty(n,\"skinParts\",{get:#b){return[\"btnCreate\",\"btnOpen\",\"btnClose\",\"lblAccount0\",\"lblAccount1\",\"group1\",\"groupRoom\",\"scrRoom\",\"lblTime\",\"editCurCSIndex\",\"groupRData\",\"lblRAccount0\",\"lblRAccount1\",\"lblRState\",\"editJson\",\"btnROpen\",\"btnRClose\",\"btnRRecovery\",\"btnRGetBattleInfo\",\"btnRBack\",\"editBattleInfo\",\"groupRDetail\",\"btnRCreate\",\"btnChangeCurCSIndex\",\"editCCurCSIndex\",\"groupRCreate\",\"group2\"]},enumerable:!0,configurable:!0}),t})(eui.Skin);",
    "ForgotSkin": "(#be){function t(){e.call(this),#!height=750,#!width=1334,#!elementsContent=[#!groupForgot_i()]}__extends(t,e);var i=#be){function t(){e.call(this),#!elementsContent=[#!_a1_i(),#!labelDisplay_i()],#!states=[new eui.State(\"up\",[]),new eui.State(\"down\",[new eui.SetProperty(\"_a1\",\"source\",\"loginSheet_json.huoqu\")]),new eui.State(\"disabled\",[])]}__extends(t,e);var i=t.prototype;return i._a1_i=#b){var e=new eui.Image;return #!_a1=e,e.percentHeight=100,e.source=\"loginSheet_json.huoqu\",e.percentWidth=100,e},i.labelDisplay_i=#b){var e=new eui.Label;return #!labelDisplay=e,e.horizontalCenter=0,e.verticalCenter=0,e},Object.defineProperty(i,\"skinParts\",{get:#b){return[\"labelDisplay\"]},enumerable:!0,configurable:!0}),t}(eui.Skin),n=#be){function t(){e.call(this),#!elementsContent=[#!_a1_i(),#!labelDisplay_i()],#!states=[new eui.State(\"up\",[]),new eui.State(\"down\",[new eui.SetProperty(\"_a1\",\"source\",\"commonBtn0Sheet_json.a78x78_1\")]),new eui.State(\"disabled\",[])]}__extends(t,e);var i=t.prototype;return i._a1_i=#b){var e=new eui.Image;return #!_a1=e,e.percentHeight=100,e.source=\"commonBtn0Sheet_json.a78x78_0\",e.percentWidth=100,e},i.labelDisplay_i=#b){var e=new eui.Label;return #!labelDisplay=e,e.horizontalCenter=0,e.verticalCenter=0,e},Object.defineProperty(i,\"skinParts\",{get:#b){return[\"labelDisplay\"]},enumerable:!0,configurable:!0}),t}(eui.Skin),r=#be){function t(){e.call(this),#!elementsContent=[#!_a1_i(),#!labelDisplay_i()],#!states=[new eui.State(\"up\",[]),new eui.State(\"down\",[new eui.SetProperty(\"_a1\",\"source\",\"loginSheet_json.queding01\")]),new eui.State(\"disabled\",[])]}__extends(t,e);var i=t.prototype;return i._a1_i=#b){var e=new eui.Image;return #!_a1=e,e.percentHeight=100,e.source=\"loginSheet_json.queding00\",e.percentWidth=100,e},i.labelDisplay_i=#b){var e=new eui.Label;return #!labelDisplay=e,e.horizontalCenter=0,e.verticalCenter=0,e},Object.defineProperty(i,\"skinParts\",{get:#b){return[\"labelDisplay\"]},enumerable:!0,configurable:!0}),t}(eui.Skin),a=t.prototype;return a.groupForgot_i=#b){var e=new eui.Group;return #!groupForgot=e,e.percentHeight=100,e.percentWidth=100,e.x=0,e.y=0,e.elementsContent=[#!rectBG_i(),#!_c1_i()],e},a.rectBG_i=#b){var e=new eui.Rect;return #!rectBG=e,e.fillAlpha=.7,e.percentHeight=100,e.percentWidth=100,e.x=0,e.y=0,e},a._c1_i=#b){var e=new eui.Group;return e.height=515,e.horizontalCenter=0,e.touchEnabled=!1,e.verticalCenter=-10,e.width=760,e.elementsContent=[#!_a1_i(),#!_a2_i(),#!_a3_i(),#!_a4_i(),#!_a5_i(),#!editPhone_i(),#!_a6_i(),#!_a7_i(),#!btnGetVCode_i(),#!lblVCodeTime_i(),#!editVCode_i(),#!_a8_i(),#!_a9_i(),#!editPassword0_i(),#!imgWatch_i(),#!_a10_i(),#!_a11_i(),#!editPassword1_i(),#!btnClose_i(),#!btnConfirm_i()],e},a._a1_i=#b){var e=new eui.Image;return e.percentHeight=100,e.scale9Grid=new egret.Rectangle(21,17,59,59),e.scaleX=1,e.scaleY=1,e.source=\"commonImg0Sheet_json.a100x100\",e.percentWidth=100,e.y=0,e},a._a2_i=#b){var e=new eui.Image;return e.horizontalCenter=0,e.scaleX=1,e.scaleY=1,e.source=\"commonImg0Sheet_json.a288x64\",e.y=-28,e},a._a3_i=#b){var e=new eui.Image;return e.horizontalCenter=0,e.scaleX=1,e.scaleY=1,e.source=\"loginSheet_json.zhmm\",e.y=-10,e},a._a4_i=#b){var e=new eui.Image;return e.scaleX=1,e.scaleY=1,e.source=\"loginSheet_json.sjh\",e.x=140,e.y=80,e},a._a5_i=#b){var e=new eui.Image;return e.scale9Grid=new egret.Rectangle(15,13,72,36),e.source=\"loginSheet_json.shuru\",e.width=350,e.x=270,e.y=65,e},a.editPhone_i=#b){var e=new eui.EditableText;return #!editPhone=e,e.fontFamily=\"Microsoft YaHei\",e.height=60,e.maxChars=11,e.prompt=\"请输入手机号\",e.promptColor=14211288,e.scaleX=1,e.scaleY=1,e.size=28,e.textAlign=\"left\",e.textColor=16777215,e.verticalAlign=\"middle\",e.width=300,e.x=290,e.y=65,e},a._a6_i=#b){var e=new eui.Image;return e.scaleX=1,e.scaleY=1,e.source=\"loginSheet_json.yzm\",e.x=140,e.y=160,e},a._a7_i=#b){var e=new eui.Image;return e.scale9Grid=new egret.Rectangle(15,13,72,36),e.source=\"loginSheet_json.shuru\",e.width=350,e.x=270,e.y=145,e},a.btnGetVCode_i=#b){var e=new eui.Button;return #!btnGetVCode=e,e.label=\"\",e.right=150,e.y=160,e.skinName=i,e},a.lblVCodeTime_i=#b){var e=new eui.Label;return #!lblVCodeTime=e,e.bold=!0,e.fontFamily=\"SimHei\",e.height=30,e.right=150,e.size=28,e.text=\"60S\",e.textAlign=\"center\",e.textColor=645922,e.touchEnabled=!1,e.verticalAlign=\"middle\",e.width=60,e.y=162,e},a.editVCode_i=#b){var e=new eui.EditableText;return #!editVCode=e,e.fontFamily=\"Microsoft YaHei\",e.height=60,e.maxChars=8,e.prompt=\"请输入验证码\",e.promptColor=14211288,e.scaleX=1,e.scaleY=1,e.size=28,e.textAlign=\"left\",e.textColor=16777215,e.verticalAlign=\"middle\",e.width=250,e.x=290,e.y=145,e},a._a8_i=#b){var e=new eui.Image;return e.scaleX=1,e.scaleY=1,e.source=\"loginSheet_json.mm\",e.x=140,e.y=240,e},a._a9_i=#b){var e=new eui.Image;return e.scale9Grid=new egret.Rectangle(15,13,72,36),e.source=\"loginSheet_json.shuru\",e.width=350,e.x=270,e.y=225,e},a.editPassword0_i=#b){var e=new eui.EditableText;return #!editPassword0=e,e.fontFamily=\"Microsoft YaHei\",e.height=60,e.maxChars=18,e.prompt=\"请输入密码\",e.promptColor=14211288,e.scaleX=1,e.scaleY=1,e.size=28,e.textAlign=\"left\",e.textColor=16777215,e.verticalAlign=\"middle\",e.width=275,e.x=290,e.y=225,e},a.imgWatch_i=#b){var e=new eui.Image;return #!imgWatch=e,e.source=\"loginSheet_json.biyan\",e.x=570,e.y=240,e},a._a10_i=#b){var e=new eui.Image;return e.scaleX=1,e.scaleY=1,e.source=\"loginSheet_json.mm\",e.x=140,e.y=320,e},a._a11_i=#b){var e=new eui.Image;return e.scale9Grid=new egret.Rectangle(15,13,72,36),e.source=\"loginSheet_json.shuru\",e.width=350,e.x=270,e.y=305,e},a.editPassword1_i=#b){var e=new eui.EditableText;return #!editPassword1=e,e.fontFamily=\"Microsoft YaHei\",e.height=60,e.maxChars=18,e.prompt=\"请确定密码\",e.promptColor=14211288,e.scaleX=1,e.scaleY=1,e.size=28,e.textAlign=\"left\",e.textColor=16777215,e.verticalAlign=\"middle\",e.width=275,e.x=290,e.y=305,e},a.btnClose_i=#b){var e=new eui.Button;return #!btnClose=e,e.label=\"\",e.x=715,e.y=-40,e.skinName=n,e},a.btnConfirm_i=#b){var e=new eui.Button;return #!btnConfirm=e,e.anchorOffsetX=0,e.horizontalCenter=0,e.label=\"\",e.scaleX=1,e.scaleY=1,e.y=405,e.skinName=r,e},Object.defineProperty(a,\"skinParts\",{get:#b){return[\"rectBG\",\"editPhone\",\"btnGetVCode\",\"lblVCodeTime\",\"editVCode\",\"editPassword0\",\"imgWatch\",\"editPassword1\",\"btnClose\",\"btnConfirm\",\"groupForgot\"]},enumerable:!0,configurable:!0}),t})(eui.Skin);",
    "LoginSkin": "(#be){function t(){e.call(this),#!height=750,#!width=1334,#!elementsContent=[#!groupLogin_i()]}__extends(t,e);var i=#be){function t(){e.call(this),#!elementsContent=[#!_a1_i(),#!labelDisplay_i()],#!states=[new eui.State(\"up\",[]),new eui.State(\"down\",[new eui.SetProperty(\"_a1\",\"source\",\"loginSheet_json.huoqu\")]),new eui.State(\"disabled\",[])]}__extends(t,e);var i=t.prototype;return i._a1_i=#b){var e=new eui.Image;return #!_a1=e,e.percentHeight=100,e.source=\"loginSheet_json.huoqu\",e.percentWidth=100,e},i.labelDisplay_i=#b){var e=new eui.Label;return #!labelDisplay=e,e.horizontalCenter=0,e.verticalCenter=0,e},Object.defineProperty(i,\"skinParts\",{get:#b){return[\"labelDisplay\"]},enumerable:!0,configurable:!0}),t}(eui.Skin),n=#be){function t(){e.call(this),#!elementsContent=[#!_a1_i(),#!labelDisplay_i()],#!states=[new eui.State(\"up\",[]),new eui.State(\"down\",[new eui.SetProperty(\"_a1\",\"source\",\"loginSheet_json.kaishiyouxi01\")]),new eui.State(\"disabled\",[])]}__extends(t,e);var i=t.prototype;return i._a1_i=#b){var e=new eui.Image;return #!_a1=e,e.percentHeight=100,e.source=\"loginSheet_json.kaishiyouxi00\",e.percentWidth=100,e},i.labelDisplay_i=#b){var e=new eui.Label;return #!labelDisplay=e,e.horizontalCenter=0,e.verticalCenter=0,e},Object.defineProperty(i,\"skinParts\",{get:#b){return[\"labelDisplay\"]},enumerable:!0,configurable:!0}),t}(eui.Skin),r=#be){function t(){e.call(this),#!elementsContent=[#!_a1_i(),#!labelDisplay_i()],#!states=[new eui.State(\"up\",[]),new eui.State(\"down\",[new eui.SetProperty(\"_a1\",\"source\",\"loginSheet_json.zczh01\")]),new eui.State(\"disabled\",[])]}__extends(t,e);var i=t.prototype;return i._a1_i=#b){var e=new eui.Image;return #!_a1=e,e.percentHeight=100,e.source=\"loginSheet_json.zczh00\",e.percentWidth=100,e},i.labelDisplay_i=#b){var e=new eui.Label;return #!labelDisplay=e,e.horizontalCenter=0,e.verticalCenter=0,e},Object.defineProperty(i,\"skinParts\",{get:#b){return[\"labelDisplay\"]},enumerable:!0,configurable:!0}),t}(eui.Skin),o=#be){function t(){e.call(this),#!elementsContent=[#!_a1_i(),#!labelDisplay_i()],#!states=[new eui.State(\"up\",[]),new eui.State(\"down\",[new eui.SetProperty(\"_a1\",\"source\",\"loginSheet_json.wjmm01\")]),new eui.State(\"disabled\",[])]}__extends(t,e);var i=t.prototype;return i._a1_i=#b){var e=new eui.Image;return #!_a1=e,e.percentHeight=100,e.source=\"loginSheet_json.wjmm00\",e.percentWidth=100,e},i.labelDisplay_i=#b){var e=new eui.Label;return #!labelDisplay=e,e.horizontalCenter=0,e.verticalCenter=0,e},Object.defineProperty(i,\"skinParts\",{get:#b){return[\"labelDisplay\"]},enumerable:!0,configurable:!0}),t}(eui.Skin),a=t.prototype;return a.groupLogin_i=#b){var e=new eui.Group;return #!groupLogin=e,e.percentHeight=100,e.touchEnabled=!1,e.percentWidth=100,e.x=0,e.y=0,e.elementsContent=[#!_a1_i(),#!lblVersion_i(),#!_c1_i(),#!_c2_i(),#!_c3_i()],e},a._a1_i=#b){var e=new eui.Image;return e.percentHeight=100,e.source=\"bg0_jpg\",e.percentWidth=100,e.x=1.33,e.y=0,e},a.lblVersion_i=#b){var e=new eui.Label;return #!lblVersion=e,e.fontFamily=\"SimHei\",e.left=20,e.size=22,e.stroke=2,e.text=\"版本号：0.0.0.1\",e.top=20,e},a._c1_i=#b){var e=new eui.Group;return e.height=576,e.horizontalCenter=0,e.touchEnabled=!1,e.verticalCenter=0,e.width=560,e.elementsContent=[#!_a2_i(),#!_a3_i(),#!_a4_i(),#!_a5_i(),#!groupVCode_i(),#!groupPassword_i(),#!btnLogin_i(),#!lblVCode_i(),#!_e1_i(),#!lblPassword_i(),#!imgCheckAgreement_i(),#!_e2_i(),#!lblLicense_i(),#!lblAgreement_i()],e},a._a2_i=#b){var e=new eui.Image;return e.source=\"loginSheet_json.zhezhao\",e.touchEnabled=!1,e.x=0,e.y=0,e},a._a3_i=#b){var e=new eui.Image;return e.horizontalCenter=0,e.scaleX=.7,e.scaleY=.7,e.source=\"loginSheet_json.logo\",e.touchEnabled=!1,e.y=-120,e},a._a4_i=#b){var e=new eui.Image;return e.horizontalCenter=0,e.scale9Grid=new egret.Rectangle(12,10,76,60),e.source=\"loginSheet_json.kuang\",e.width=450,e.y=130,e},a._a5_i=#b){var e=new eui.Image;return e.horizontalCenter=0,e.scale9Grid=new egret.Rectangle(12,10,76,60),e.scaleX=1,e.scaleY=1,e.source=\"loginSheet_json.kuang\",e.width=450,e.x=0,e.y=220,e},a.groupVCode_i=#b){var e=new eui.Group;return #!groupVCode=e,e.horizontalCenter=0,e.visible=!1,e.width=450,e.y=130,e.elementsContent=[#!editPhone_i(),#!editVCode_i(),#!btnGetVCode_i(),#!lblVCodeTime_i()],e},a.editPhone_i=#b){var e=new eui.EditableText;return #!editPhone=e,e.fontFamily=\"Microsoft YaHei\",e.height=80,e.horizontalCenter=0,e.maxChars=11,e.prompt=\"请输入手机号\",e.promptColor=14211288,e.scaleX=1,e.scaleY=1,e.size=28,e.textAlign=\"center\",e.textColor=16777215,e.verticalAlign=\"middle\",e.width=450,e.y=0,e},a.editVCode_i=#b){var e=new eui.EditableText;return #!editVCode=e,e.fontFamily=\"Microsoft YaHei\",e.height=80,e.horizontalCenter=-43,e.maxChars=8,e.prompt=\"请输入验证码\",e.promptColor=14211288,e.scaleX=1,e.scaleY=1,e.size=28,e.textAlign=\"center\",e.textColor=16777215,e.verticalAlign=\"middle\",e.width=360,e.x=2,e.y=90,e},a.btnGetVCode_i=#b){var e=new eui.Button;return #!btnGetVCode=e,e.label=\"\",e.right=20,e.y=115,e.skinName=i,e},a.lblVCodeTime_i=#b){var e=new eui.Label;return #!lblVCodeTime=e,e.bold=!0,e.fontFamily=\"SimHei\",e.height=30,e.right=20,e.size=28,e.text=\"60S\",e.textAlign=\"center\",e.textColor=645922,e.touchEnabled=!1,e.verticalAlign=\"middle\",e.width=60,e.y=117,e},a.groupPassword_i=#b){var e=new eui.Group;return #!groupPassword=e,e.height=80,e.horizontalCenter=0,e.width=450,e.y=130,e.elementsContent=[#!editUsername_i(),#!editPassword_i(),#!imgWatch_i()],e},a.editUsername_i=#b){var e=new eui.EditableText;return #!editUsername=e,e.fontFamily=\"Microsoft YaHei\",e.height=80,e.horizontalCenter=0,e.maxChars=22,e.prompt=\"请输入用户名\",e.promptColor=14211288,e.scaleX=1,e.scaleY=1,e.size=28,e.textAlign=\"center\",e.textColor=16777215,e.verticalAlign=\"middle\",e.width=450,e.y=0,e},a.editPassword_i=#b){var e=new eui.EditableText;return #!editPassword=e,e.fontFamily=\"Microsoft YaHei\",e.height=80,e.horizontalCenter=-43,e.maxChars=18,e.prompt=\"请输入密码\",e.promptColor=14211288,e.scaleX=1,e.scaleY=1,e.size=28,e.textAlign=\"center\",e.textColor=16777215,e.verticalAlign=\"middle\",e.width=360,e.x=2,e.y=90,e},a.imgWatch_i=#b){var e=new eui.Image;return #!imgWatch=e,e.right=20,e.source=\"loginSheet_json.biyan\",e.y=115,e},a.btnLogin_i=#b){var e=new eui.Button;return #!btnLogin=e,e.anchorOffsetX=0,e.horizontalCenter=0,e.label=\"\",e.y=335,e.skinName=n,e},a.lblVCode_i=#b){var e=new eui.Label;return #!lblVCode=e,e.fontFamily=\"SimHei\",e.horizontalCenter=-85,e.size=24,e.stroke=2,e.text=\"验证码登录\",e.y=450,e},a._e1_i=#b){var e=new eui.Label;return e.fontFamily=\"SimHei\",e.horizontalCenter=0,e.size=24,e.stroke=2,e.text=\"|\",e.y=450,e},a.lblPassword_i=#b){var e=new eui.Label;return #!lblPassword=e,e.fontFamily=\"SimHei\",e.horizontalCenter=75,e.size=24,e.stroke=2,e.text=\"密码登录\",e.textColor=4381183,e.y=450,e},a.imgCheckAgreement_i=#b){var e=new eui.Image;return #!imgCheckAgreement=e,e.source=\"loginSheet_json.xuankuang01\",e.x=52,e.y=525,e},a._e2_i=#b){var e=new eui.Label;return e.fontFamily=\"SimHei\",e.size=24,e.stroke=2,e.text=\"我已经详细阅读\",e.textColor=16777215,e.x=100,e.y=534,e},a.lblLicense_i=#b){var e=new eui.Label;return #!lblLicense=e,e.fontFamily=\"SimHei\",e.size=24,e.stroke=2,e.text=\"使用许可和\",e.textColor=6487906,e.x=275,e.y=534,e},a.lblAgreement_i=#b){var e=new eui.Label;return #!lblAgreement=e,e.fontFamily=\"SimHei\",e.size=24,e.stroke=2,e.text=\"服务协议\",e.textColor=6487906,e.x=395,e.y=534,e},a._c2_i=#b){var e=new eui.Group;return e.height=200,e.right=18,e.top=25,e.touchEnabled=!1,e.width=84,e.elementsContent=[#!btnRegist_i(),#!btnForgot_i()],e},a.btnRegist_i=#b){var e=new eui.Button;return #!btnRegist=e,e.anchorOffsetX=0,e.label=\"\",e.scaleX=1,e.scaleY=1,e.x=0,e.y=0,e.skinName=r,e},a.btnForgot_i=#b){var e=new eui.Button;return #!btnForgot=e,e.anchorOffsetX=0,e.label=\"\",e.scaleX=1,e.scaleY=1,e.x=0,e.y=105,e.skinName=o,e},a._c3_i=#b){var e=new eui.Group;return e.bottom=0,e.height=80,e.percentWidth=100,e.x=0,e.elementsContent=[#!_s1_i(),#!lblBottom_i()],e},a._s1_i=#b){var e=new eui.Rect;return e.fillAlpha=.37,e.percentHeight=100,e.percentWidth=100,e.x=0,e.y=0,e},a.lblBottom_i=#b){var e=new eui.Label;return #!lblBottom=e,e.fontFamily=\"SimHei\",e.percentHeight=100,e.lineSpacing=15,e.size=14,e.text=\"\",e.textAlign=\"center\",e.textColor=14803425,e.verticalAlign=\"middle\",e.percentWidth=100,e.x=0,e.y=0,e},Object.defineProperty(a,\"skinParts\",{get:#b){return[\"lblVersion\",\"editPhone\",\"editVCode\",\"btnGetVCode\",\"lblVCodeTime\",\"groupVCode\",\"editUsername\",\"editPassword\",\"imgWatch\",\"groupPassword\",\"btnLogin\",\"lblVCode\",\"lblPassword\",\"imgCheckAgreement\",\"lblLicense\",\"lblAgreement\",\"btnRegist\",\"btnForgot\",\"lblBottom\",\"groupLogin\"]},enumerable:!0,configurable:!0}),t})(eui.Skin);",
    "RegisterSkin": "(#be){function t(){e.call(this),#!height=750,#!width=1334,#!elementsContent=[#!groupRegister_i()]}__extends(t,e);var i=#be){function t(){e.call(this),#!elementsContent=[#!_a1_i(),#!labelDisplay_i()],#!states=[new eui.State(\"up\",[]),new eui.State(\"down\",[new eui.SetProperty(\"_a1\",\"source\",\"loginSheet_json.huoqu\")]),new eui.State(\"disabled\",[])]}__extends(t,e);var i=t.prototype;return i._a1_i=#b){var e=new eui.Image;return #!_a1=e,e.percentHeight=100,e.source=\"loginSheet_json.huoqu\",e.percentWidth=100,e},i.labelDisplay_i=#b){var e=new eui.Label;return #!labelDisplay=e,e.horizontalCenter=0,e.verticalCenter=0,e},Object.defineProperty(i,\"skinParts\",{get:#b){return[\"labelDisplay\"]},enumerable:!0,configurable:!0}),t}(eui.Skin),n=#be){function t(){e.call(this),#!elementsContent=[#!_a1_i(),#!labelDisplay_i()],#!states=[new eui.State(\"up\",[]),new eui.State(\"down\",[new eui.SetProperty(\"_a1\",\"source\",\"commonBtn0Sheet_json.a78x78_1\")]),new eui.State(\"disabled\",[])]}__extends(t,e);var i=t.prototype;return i._a1_i=#b){var e=new eui.Image;return #!_a1=e,e.percentHeight=100,e.source=\"commonBtn0Sheet_json.a78x78_0\",e.percentWidth=100,e},i.labelDisplay_i=#b){var e=new eui.Label;return #!labelDisplay=e,e.horizontalCenter=0,e.verticalCenter=0,e},Object.defineProperty(i,\"skinParts\",{get:#b){return[\"labelDisplay\"]},enumerable:!0,configurable:!0}),t}(eui.Skin),r=#be){function t(){e.call(this),#!elementsContent=[#!_a1_i(),#!labelDisplay_i()],#!states=[new eui.State(\"up\",[]),new eui.State(\"down\",[new eui.SetProperty(\"_a1\",\"source\",\"loginSheet_json.zhuce01\")]),new eui.State(\"disabled\",[])]}__extends(t,e);var i=t.prototype;return i._a1_i=#b){var e=new eui.Image;return #!_a1=e,e.percentHeight=100,e.source=\"loginSheet_json.zhuce00\",e.percentWidth=100,e},i.labelDisplay_i=#b){var e=new eui.Label;return #!labelDisplay=e,e.horizontalCenter=0,e.verticalCenter=0,e},Object.defineProperty(i,\"skinParts\",{get:#b){return[\"labelDisplay\"]},enumerable:!0,configurable:!0}),t}(eui.Skin),a=t.prototype;return a.groupRegister_i=#b){var e=new eui.Group;return #!groupRegister=e,e.percentHeight=100,e.percentWidth=100,e.x=0,e.y=0,e.elementsContent=[#!rectBG_i(),#!_c1_i()],e},a.rectBG_i=#b){var e=new eui.Rect;return #!rectBG=e,e.fillAlpha=.7,e.percentHeight=100,e.percentWidth=100,e.x=0,e.y=0,e},a._c1_i=#b){var e=new eui.Group;return e.height=595,e.horizontalCenter=0,e.touchEnabled=!1,e.verticalCenter=0,e.width=760,e.elementsContent=[#!_a1_i(),#!_a2_i(),#!_a3_i(),#!_a4_i(),#!_a5_i(),#!editUsername_i(),#!_a6_i(),#!_a7_i(),#!editPhone_i(),#!_a8_i(),#!_a9_i(),#!btnGetVCode_i(),#!lblVCodeTime_i(),#!editVCode_i(),#!_a10_i(),#!_a11_i(),#!editPassword0_i(),#!imgWatch_i(),#!_a12_i(),#!_a13_i(),#!editPassword1_i(),#!btnClose_i(),#!btnRegister_i()],e},a._a1_i=#b){var e=new eui.Image;return e.percentHeight=100,e.scale9Grid=new egret.Rectangle(21,17,59,59),e.scaleX=1,e.scaleY=1,e.source=\"commonImg0Sheet_json.a100x100\",e.percentWidth=100,e.y=0,e},a._a2_i=#b){var e=new eui.Image;return e.horizontalCenter=0,e.scaleX=1,e.scaleY=1,e.source=\"commonImg0Sheet_json.a288x64\",e.y=-28,e},a._a3_i=#b){var e=new eui.Image;return e.horizontalCenter=0,e.scaleX=1,e.scaleY=1,e.source=\"loginSheet_json.zczh\",e.y=-10,e},a._a4_i=#b){var e=new eui.Image;return e.scaleX=1,e.scaleY=1,e.source=\"loginSheet_json.yonghuming\",e.x=140,e.y=80,e},a._a5_i=#b){var e=new eui.Image;return e.scale9Grid=new egret.Rectangle(15,13,72,36),e.source=\"loginSheet_json.shuru\",e.width=350,e.x=270,e.y=65,e},a.editUsername_i=#b){var e=new eui.EditableText;return #!editUsername=e,e.fontFamily=\"Microsoft YaHei\",e.height=60,e.maxChars=22,e.prompt=\"请输入用户名\",e.promptColor=14211288,e.scaleX=1,e.scaleY=1,e.size=28,e.textAlign=\"left\",e.textColor=16777215,e.verticalAlign=\"middle\",e.width=300,e.x=290,e.y=65,e},a._a6_i=#b){var e=new eui.Image;return e.scaleX=1,e.scaleY=1,e.source=\"loginSheet_json.sjh\",e.x=140,e.y=160,e},a._a7_i=#b){var e=new eui.Image;return e.scale9Grid=new egret.Rectangle(15,13,72,36),e.source=\"loginSheet_json.shuru\",e.width=350,e.x=270,e.y=145,e},a.editPhone_i=#b){var e=new eui.EditableText;return #!editPhone=e,e.fontFamily=\"Microsoft YaHei\",e.height=60,e.maxChars=11,e.prompt=\"请输入手机号\",e.promptColor=14211288,e.scaleX=1,e.scaleY=1,e.size=28,e.textAlign=\"left\",e.textColor=16777215,e.verticalAlign=\"middle\",e.width=300,e.x=290,e.y=145,e},a._a8_i=#b){var e=new eui.Image;return e.scaleX=1,e.scaleY=1,e.source=\"loginSheet_json.yzm\",e.x=140,e.y=240,e},a._a9_i=#b){var e=new eui.Image;return e.scale9Grid=new egret.Rectangle(15,13,72,36),e.source=\"loginSheet_json.shuru\",e.width=350,e.x=270,e.y=225,e},a.btnGetVCode_i=#b){var e=new eui.Button;return #!btnGetVCode=e,e.label=\"\",e.right=150,e.y=240,e.skinName=i,e},a.lblVCodeTime_i=#b){var e=new eui.Label;return #!lblVCodeTime=e,e.bold=!0,e.fontFamily=\"SimHei\",e.height=30,e.right=150,e.size=28,e.text=\"60S\",e.textAlign=\"center\",e.textColor=645922,e.touchEnabled=!1,e.verticalAlign=\"middle\",e.width=60,e.y=242,e},a.editVCode_i=#b){var e=new eui.EditableText;return #!editVCode=e,e.fontFamily=\"Microsoft YaHei\",e.height=60,e.maxChars=8,e.prompt=\"请输入验证码\",e.promptColor=14211288,e.scaleX=1,e.scaleY=1,e.size=28,e.textAlign=\"left\",e.textColor=16777215,e.verticalAlign=\"middle\",e.width=250,e.x=290,e.y=225,e},a._a10_i=#b){var e=new eui.Image;return e.scaleX=1,e.scaleY=1,e.source=\"loginSheet_json.mm\",e.x=140,e.y=320,e},a._a11_i=#b){var e=new eui.Image;return e.scale9Grid=new egret.Rectangle(15,13,72,36),e.source=\"loginSheet_json.shuru\",e.width=350,e.x=270,e.y=305,e},a.editPassword0_i=#b){var e=new eui.EditableText;return #!editPassword0=e,e.fontFamily=\"Microsoft YaHei\",e.height=60,e.maxChars=18,e.prompt=\"请输入密码\",e.promptColor=14211288,e.scaleX=1,e.scaleY=1,e.size=28,e.textAlign=\"left\",e.textColor=16777215,e.verticalAlign=\"middle\",e.width=275,e.x=290,e.y=305,e},a.imgWatch_i=#b){var e=new eui.Image;return #!imgWatch=e,e.source=\"loginSheet_json.biyan\",e.x=570,e.y=320,e},a._a12_i=#b){var e=new eui.Image;return e.scaleX=1,e.scaleY=1,e.source=\"loginSheet_json.mm\",e.x=140,e.y=400,e},a._a13_i=#b){var e=new eui.Image;return e.scale9Grid=new egret.Rectangle(15,13,72,36),e.source=\"loginSheet_json.shuru\",e.width=350,e.x=270,e.y=385,e},a.editPassword1_i=#b){var e=new eui.EditableText;return #!editPassword1=e,e.fontFamily=\"Microsoft YaHei\",e.height=60,e.maxChars=18,e.prompt=\"请确定密码\",e.promptColor=14211288,e.scaleX=1,e.scaleY=1,e.size=28,e.textAlign=\"left\",e.textColor=16777215,e.verticalAlign=\"middle\",e.width=275,e.x=290,e.y=385,e},a.btnClose_i=#b){var e=new eui.Button;return #!btnClose=e,e.label=\"\",e.x=715,e.y=-40,e.skinName=n,e},a.btnRegister_i=#b){var e=new eui.Button;return #!btnRegister=e,e.anchorOffsetX=0,e.horizontalCenter=0,e.label=\"\",e.scaleX=1,e.scaleY=1,e.y=485,e.skinName=r,e},Object.defineProperty(a,\"skinParts\",{get:#b){return[\"rectBG\",\"editUsername\",\"editPhone\",\"btnGetVCode\",\"lblVCodeTime\",\"editVCode\",\"editPassword0\",\"imgWatch\",\"editPassword1\",\"btnClose\",\"btnRegister\",\"groupRegister\"]},enumerable:!0,configurable:!0}),t})(eui.Skin);"
}