{"mc":{
	"animation":{
		"frameRate":15,
		"labels":[
			{"name":"play1","frame":1,"end":16}
			
			],
		"events":[
			
			],
		"frames":[
			
			{
			"res":"00000",
			"x":-99,
			"y":-118
			},
			{
			"res":"00001",
			"x":-99,
			"y":-118
			},
			{
			"res":"00002",
			"x":-99,
			"y":-118
			},
			{
			"res":"00003",
			"x":-99,
			"y":-118
			},
			{
			"res":"00004",
			"x":-99,
			"y":-118
			},
			{
			"res":"00005",
			"x":-99,
			"y":-118
			},
			{
			"res":"00006",
			"x":-99,
			"y":-118
			},
			{
			"res":"00007",
			"x":-99,
			"y":-118
			},
			{
			"res":"00008",
			"x":-99,
			"y":-118
			},
			{
			"res":"00009",
			"x":-99,
			"y":-118
			},
			{
			"res":"00010",
			"x":-99,
			"y":-118
			},
			{
			"res":"00011",
			"x":-99,
			"y":-118
			},
			{
			"res":"00012",
			"x":-99,
			"y":-118
			},
			{
			"res":"00013",
			"x":-99,
			"y":-118
			},
			{
			"res":"00014",
			"x":-99,
			"y":-118
			},
			{
			"res":"00015",
			"x":-99,
			"y":-118
			}
			]
}},
	"res":{
		"00009":{"x":200,"y":476,"w":198,"h":236},
		"00000":{"x":400,"y":0,"w":198,"h":236},
		"00012":{"x":200,"y":0,"w":198,"h":236},
		"00004":{"x":400,"y":476,"w":198,"h":236},
		"00014":{"x":800,"y":476,"w":198,"h":236},
		"00008":{"x":600,"y":238,"w":198,"h":236},
		"00013":{"x":0,"y":0,"w":198,"h":236},
		"00015":{"x":0,"y":714,"w":198,"h":236},
		"00007":{"x":600,"y":476,"w":198,"h":236},
		"00005":{"x":200,"y":238,"w":198,"h":236},
		"00010":{"x":800,"y":0,"w":198,"h":236},
		"00002":{"x":0,"y":238,"w":198,"h":236},
		"00003":{"x":600,"y":0,"w":198,"h":236},
		"00006":{"x":0,"y":476,"w":198,"h":236},
		"00011":{"x":400,"y":238,"w":198,"h":236},
		"00001":{"x":800,"y":238,"w":198,"h":236}
	}}