{"mc":{
	"animation":{
		"frameRate":15,
		"labels":[
			{"name":"play1","frame":1,"end":16}
			
			],
		"events":[
			
			],
		"frames":[
			
			{
			"res":"00000",
			"x":-72,
			"y":-91
			},
			{
			"res":"00001",
			"x":-72,
			"y":-91
			},
			{
			"res":"00002",
			"x":-72,
			"y":-91
			},
			{
			"res":"00003",
			"x":-72,
			"y":-91
			},
			{
			"res":"00004",
			"x":-72,
			"y":-91
			},
			{
			"res":"00005",
			"x":-72,
			"y":-91
			},
			{
			"res":"00006",
			"x":-72,
			"y":-91
			},
			{
			"res":"00007",
			"x":-72,
			"y":-91
			},
			{
			"res":"00008",
			"x":-72,
			"y":-91
			},
			{
			"res":"00009",
			"x":-72,
			"y":-91
			},
			{
			"res":"00010",
			"x":-72,
			"y":-91
			},
			{
			"res":"00011",
			"x":-72,
			"y":-91
			},
			{
			"res":"00012",
			"x":-72,
			"y":-91
			},
			{
			"res":"00013",
			"x":-72,
			"y":-91
			},
			{
			"res":"00014",
			"x":-72,
			"y":-91
			},
			{
			"res":"00015",
			"x":-72,
			"y":-91
			}
			]
}},
	"res":{
		"00014":{"x":146,"y":368,"w":144,"h":182},
		"00013":{"x":292,"y":184,"w":144,"h":182},
		"00001":{"x":730,"y":0,"w":144,"h":182},
		"00002":{"x":292,"y":0,"w":144,"h":182},
		"00010":{"x":438,"y":0,"w":144,"h":182},
		"00008":{"x":0,"y":184,"w":144,"h":182},
		"00004":{"x":876,"y":0,"w":144,"h":182},
		"00000":{"x":438,"y":184,"w":144,"h":182},
		"00015":{"x":146,"y":184,"w":144,"h":182},
		"00012":{"x":584,"y":0,"w":144,"h":182},
		"00006":{"x":584,"y":184,"w":144,"h":182},
		"00011":{"x":876,"y":184,"w":144,"h":182},
		"00005":{"x":146,"y":0,"w":144,"h":182},
		"00003":{"x":0,"y":368,"w":144,"h":182},
		"00009":{"x":0,"y":0,"w":144,"h":182},
		"00007":{"x":730,"y":184,"w":144,"h":182}
	}}