{"mc":{
	"animation":{
		"frameRate":15,
		"labels":[
			{"name":"play1","frame":1,"end":16}
			
			],
		"events":[
			
			],
		"frames":[
			
			{
			"res":"00000",
			"x":-100,
			"y":-119
			},
			{
			"res":"00001",
			"x":-100,
			"y":-119
			},
			{
			"res":"00002",
			"x":-100,
			"y":-119
			},
			{
			"res":"00003",
			"x":-100,
			"y":-119
			},
			{
			"res":"00004",
			"x":-100,
			"y":-119
			},
			{
			"res":"00005",
			"x":-100,
			"y":-119
			},
			{
			"res":"00006",
			"x":-100,
			"y":-119
			},
			{
			"res":"00007",
			"x":-100,
			"y":-119
			},
			{
			"res":"00008",
			"x":-100,
			"y":-119
			},
			{
			"res":"00009",
			"x":-100,
			"y":-119
			},
			{
			"res":"00010",
			"x":-100,
			"y":-119
			},
			{
			"res":"00011",
			"x":-100,
			"y":-119
			},
			{
			"res":"00012",
			"x":-100,
			"y":-119
			},
			{
			"res":"00013",
			"x":-100,
			"y":-119
			},
			{
			"res":"00014",
			"x":-100,
			"y":-119
			},
			{
			"res":"00015",
			"x":-100,
			"y":-119
			}
			]
}},
	"res":{
		"00009":{"x":808,"y":240,"w":200,"h":238},
		"00006":{"x":202,"y":480,"w":200,"h":238},
		"00015":{"x":0,"y":720,"w":200,"h":238},
		"00001":{"x":808,"y":0,"w":200,"h":238},
		"00011":{"x":404,"y":480,"w":200,"h":238},
		"00003":{"x":0,"y":240,"w":200,"h":238},
		"00002":{"x":606,"y":480,"w":200,"h":238},
		"00013":{"x":404,"y":240,"w":200,"h":238},
		"00004":{"x":808,"y":480,"w":200,"h":238},
		"00000":{"x":0,"y":480,"w":200,"h":238},
		"00007":{"x":404,"y":0,"w":200,"h":238},
		"00005":{"x":606,"y":240,"w":200,"h":238},
		"00008":{"x":0,"y":0,"w":200,"h":238},
		"00014":{"x":202,"y":240,"w":200,"h":238},
		"00012":{"x":606,"y":0,"w":200,"h":238},
		"00010":{"x":202,"y":0,"w":200,"h":238}
	}}