{"file":"loginSheet.png","frames":{
"xuankuang01":{"x":962,"y":190,"w":40,"h":39,"offX":0,"offY":1,"sourceW":40,"sourceH":40},
"xuankuang00":{"x":962,"y":265,"w":30,"h":34,"offX":3,"offY":6,"sourceW":40,"sourceH":40},
"wjmm01":{"x":758,"y":428,"w":84,"h":85,"offX":6,"offY":0,"sourceW":96,"sourceH":88},
"wjmm00":{"x":860,"y":346,"w":84,"h":85,"offX":6,"offY":0,"sourceW":96,"sourceH":88},
"smxz":{"x":562,"y":436,"w":162,"h":35,"offX":0,"offY":0,"sourceW":162,"sourceH":35},
"sjh":{"x":706,"y":553,"w":126,"h":24,"offX":0,"offY":3,"sourceW":126,"sourceH":30},
"shuru":{"x":844,"y":433,"w":100,"h":60,"offX":0,"offY":0,"sourceW":100,"sourceH":60},
"queding01":{"x":762,"y":268,"w":198,"h":76,"offX":0,"offY":0,"sourceW":198,"sourceH":76},
"queding00":{"x":562,"y":268,"w":198,"h":76,"offX":0,"offY":0,"sourceW":198,"sourceH":76},
"mm":{"x":562,"y":543,"w":142,"h":24,"offX":0,"offY":3,"sourceW":142,"sourceH":30},
"logo":{"x":0,"y":578,"w":581,"h":335,"offX":33,"offY":20,"sourceW":614,"sourceH":355},
"kuang":{"x":758,"y":346,"w":100,"h":80,"offX":0,"offY":0,"sourceW":100,"sourceH":80},
"kaiyan":{"x":962,"y":301,"w":38,"h":22,"offX":0,"offY":6,"sourceW":38,"sourceH":32},
"kaishiyouxi01":{"x":562,"y":0,"w":452,"h":93,"offX":0,"offY":1,"sourceW":452,"sourceH":94},
"kaishiyouxi00":{"x":562,"y":95,"w":452,"h":93,"offX":0,"offY":1,"sourceW":452,"sourceH":94},
"huoqu":{"x":946,"y":346,"w":73,"h":26,"offX":1,"offY":0,"sourceW":74,"sourceH":26},
"biyan":{"x":962,"y":231,"w":38,"h":32,"offX":0,"offY":0,"sourceW":38,"sourceH":32},
"zhuce01":{"x":562,"y":190,"w":198,"h":76,"offX":0,"offY":0,"sourceW":198,"sourceH":76},
"zhuce00":{"x":762,"y":190,"w":198,"h":76,"offX":0,"offY":0,"sourceW":198,"sourceH":76},
"zhmm":{"x":562,"y":515,"w":222,"h":26,"offX":0,"offY":0,"sourceW":222,"sourceH":26},
"zhezhao":{"x":0,"y":0,"w":560,"h":576,"offX":0,"offY":0,"sourceW":560,"sourceH":576},
"zczh01":{"x":660,"y":346,"w":96,"h":88,"offX":0,"offY":0,"sourceW":96,"sourceH":88},
"zczh00":{"x":562,"y":346,"w":96,"h":88,"offX":0,"offY":0,"sourceW":96,"sourceH":88},
"zczh":{"x":562,"y":473,"w":152,"h":29,"offX":0,"offY":1,"sourceW":152,"sourceH":30},
"yzm":{"x":786,"y":521,"w":122,"h":30,"offX":0,"offY":0,"sourceW":122,"sourceH":30},
"yonghuming":{"x":844,"y":495,"w":157,"h":24,"offX":1,"offY":3,"sourceW":158,"sourceH":30}}}