{"file":"hallImg2Sheet.png","frames":{
"c160x22":{"x":248,"y":332,"w":160,"h":22,"offX":0,"offY":0,"sourceW":160,"sourceH":22},
"a40x250":{"x":970,"y":0,"w":39,"h":250,"offX":1,"offY":0,"sourceW":40,"sourceH":250},
"a42x44":{"x":836,"y":346,"w":42,"h":44,"offX":0,"offY":0,"sourceW":42,"sourceH":44},
"a58x38":{"x":964,"y":252,"w":58,"h":38,"offX":0,"offY":0,"sourceW":58,"sourceH":38},
"a92x92":{"x":480,"y":289,"w":92,"h":92,"offX":0,"offY":0,"sourceW":92,"sourceH":92},
"a118x118":{"x":614,"y":257,"w":118,"h":118,"offX":0,"offY":0,"sourceW":118,"sourceH":118},
"a132x288":{"x":480,"y":0,"w":132,"h":287,"offX":0,"offY":1,"sourceW":132,"sourceH":288},
"a160x22":{"x":836,"y":322,"w":160,"h":22,"offX":0,"offY":0,"sourceW":160,"sourceH":22},
"a176x176":{"x":614,"y":0,"w":176,"h":176,"offX":0,"offY":0,"sourceW":176,"sourceH":176},
"a228x77":{"x":614,"y":178,"w":228,"h":77,"offX":0,"offY":0,"sourceW":228,"sourceH":77},
"a246x348":{"x":0,"y":0,"w":246,"h":347,"offX":0,"offY":1,"sourceW":246,"sourceH":348},
"a450x6":{"x":0,"y":356,"w":450,"h":6,"offX":0,"offY":0,"sourceW":450,"sourceH":6},
"b100x100":{"x":734,"y":257,"w":100,"h":100,"offX":0,"offY":0,"sourceW":100,"sourceH":100},
"b118x118":{"x":844,"y":178,"w":118,"h":118,"offX":0,"offY":0,"sourceW":118,"sourceH":118},
"b160x22":{"x":836,"y":298,"w":160,"h":22,"offX":0,"offY":0,"sourceW":160,"sourceH":22},
"b176x176":{"x":792,"y":0,"w":176,"h":176,"offX":0,"offY":0,"sourceW":176,"sourceH":176},
"b246x348":{"x":248,"y":0,"w":230,"h":330,"offX":8,"offY":6,"sourceW":246,"sourceH":348}}}