{"file":"hallBtn0Sheet.png","frames":{
"anniu00":{"x":0,"y":96,"w":234,"h":94,"offX":0,"offY":0,"sourceW":250,"sourceH":95},
"a258x86_3":{"x":236,"y":176,"w":232,"h":79,"offX":13,"offY":4,"sourceW":258,"sourceH":86},
"a258x86_2":{"x":0,"y":192,"w":232,"h":79,"offX":13,"offY":4,"sourceW":258,"sourceH":86},
"a258x86_1":{"x":252,"y":88,"w":257,"h":86,"offX":0,"offY":0,"sourceW":258,"sourceH":86},
"a258x86_0":{"x":252,"y":0,"w":257,"h":86,"offX":0,"offY":0,"sourceW":258,"sourceH":86},
"anniu01":{"x":0,"y":0,"w":250,"h":94,"offX":0,"offY":0,"sourceW":250,"sourceH":95}}}