{"file":"hallBtn1Sheet.png","frames":{
"huishou00":{"x":490,"y":460,"w":96,"h":105,"offX":10,"offY":1,"sourceW":114,"sourceH":106},
"f98x96_1":{"x":790,"y":342,"w":114,"h":105,"offX":0,"offY":1,"sourceW":114,"sourceH":106},
"f98x96_0":{"x":274,"y":242,"w":114,"h":105,"offX":0,"offY":1,"sourceW":114,"sourceH":106},
"e98x96_1":{"x":274,"y":349,"w":99,"h":105,"offX":9,"offY":1,"sourceW":114,"sourceH":106},
"e98x96_0":{"x":906,"y":342,"w":99,"h":105,"offX":9,"offY":1,"sourceW":114,"sourceH":106},
"d98x96_1":{"x":0,"y":450,"w":96,"h":105,"offX":10,"offY":1,"sourceW":114,"sourceH":106},
"d98x96_0":{"x":865,"y":449,"w":96,"h":105,"offX":10,"offY":1,"sourceW":114,"sourceH":106},
"chongzhi01":{"x":767,"y":449,"w":96,"h":105,"offX":10,"offY":1,"sourceW":114,"sourceH":106},
"chongzhi00":{"x":669,"y":353,"w":96,"h":105,"offX":10,"offY":1,"sourceW":114,"sourceH":106},
"c176x175_1":{"x":623,"y":0,"w":165,"h":180,"offX":2,"offY":0,"sourceW":168,"sourceH":188},
"c176x175_0":{"x":456,"y":0,"w":165,"h":180,"offX":2,"offY":0,"sourceW":168,"sourceH":188},
"c98x96_1":{"x":375,"y":353,"w":96,"h":105,"offX":10,"offY":1,"sourceW":114,"sourceH":106},
"c98x96_0":{"x":392,"y":460,"w":96,"h":105,"offX":10,"offY":1,"sourceW":114,"sourceH":106},
"b176x175_1":{"x":790,"y":171,"w":165,"h":169,"offX":2,"offY":11,"sourceW":168,"sourceH":188},
"b176x175_0":{"x":790,"y":0,"w":165,"h":169,"offX":2,"offY":11,"sourceW":168,"sourceH":188},
"b98x96_1":{"x":98,"y":450,"w":96,"h":105,"offX":10,"offY":1,"sourceW":114,"sourceH":106},
"b98x96_0":{"x":571,"y":353,"w":96,"h":105,"offX":10,"offY":1,"sourceW":114,"sourceH":106},
"a272x102_1":{"x":0,"y":346,"w":272,"h":102,"offX":0,"offY":0,"sourceW":272,"sourceH":102},
"a272x102_0":{"x":0,"y":242,"w":272,"h":102,"offX":0,"offY":0,"sourceW":272,"sourceH":102},
"a260x260_1":{"x":228,"y":0,"w":226,"h":240,"offX":0,"offY":0,"sourceW":226,"sourceH":240},
"a260x260_0":{"x":0,"y":0,"w":226,"h":240,"offX":0,"offY":0,"sourceW":226,"sourceH":240},
"a176x175_1":{"x":623,"y":182,"w":165,"h":169,"offX":2,"offY":11,"sourceW":168,"sourceH":188},
"a176x175_0":{"x":456,"y":182,"w":165,"h":169,"offX":2,"offY":11,"sourceW":168,"sourceH":188},
"a98x96_1":{"x":473,"y":353,"w":96,"h":105,"offX":10,"offY":1,"sourceW":114,"sourceH":106},
"a98x96_0":{"x":294,"y":460,"w":96,"h":105,"offX":10,"offY":1,"sourceW":114,"sourceH":106},
"a96x90_1":{"x":80,"y":557,"w":95,"h":90,"offX":1,"offY":0,"sourceW":96,"sourceH":90},
"a96x90_0":{"x":177,"y":563,"w":95,"h":90,"offX":1,"offY":0,"sourceW":96,"sourceH":90},
"a86x114_1":{"x":588,"y":460,"w":86,"h":114,"offX":0,"offY":0,"sourceW":86,"sourceH":114},
"a86x114_0":{"x":0,"y":557,"w":78,"h":114,"offX":0,"offY":0,"sourceW":86,"sourceH":114},
"a78x80_1":{"x":676,"y":460,"w":77,"h":80,"offX":1,"offY":0,"sourceW":78,"sourceH":80},
"a78x80_0":{"x":274,"y":567,"w":77,"h":80,"offX":1,"offY":0,"sourceW":78,"sourceH":80},
"a52x52_1":{"x":957,"y":0,"w":52,"h":52,"offX":0,"offY":0,"sourceW":52,"sourceH":52},
"a52x52_0":{"x":957,"y":54,"w":52,"h":52,"offX":0,"offY":0,"sourceW":52,"sourceH":52},
"a48x52_1":{"x":957,"y":191,"w":39,"h":40,"offX":4,"offY":6,"sourceW":48,"sourceH":52},
"a48x52_0":{"x":957,"y":149,"w":39,"h":40,"offX":4,"offY":6,"sourceW":48,"sourceH":52},
"a44x48_1":{"x":999,"y":108,"w":22,"h":24,"offX":11,"offY":12,"sourceW":44,"sourceH":48},
"a44x48_0":{"x":998,"y":201,"w":22,"h":24,"offX":11,"offY":12,"sourceW":44,"sourceH":48},
"a44x44_1":{"x":998,"y":149,"w":24,"h":24,"offX":10,"offY":10,"sourceW":44,"sourceH":44},
"a44x44_0":{"x":998,"y":175,"w":24,"h":24,"offX":10,"offY":10,"sourceW":44,"sourceH":44},
"a40x40_1":{"x":957,"y":108,"w":40,"h":39,"offX":0,"offY":1,"sourceW":40,"sourceH":40},
"a40x40_0":{"x":957,"y":233,"w":30,"h":34,"offX":3,"offY":6,"sourceW":40,"sourceH":40},
"a26x42_1":{"x":826,"y":556,"w":148,"h":66,"offX":0,"offY":0,"sourceW":148,"sourceH":66},
"a26x42_0":{"x":676,"y":556,"w":148,"h":66,"offX":0,"offY":0,"sourceW":148,"sourceH":66},
"huishou01":{"x":196,"y":456,"w":96,"h":105,"offX":10,"offY":1,"sourceW":114,"sourceH":106}}}