{"file":"headicon.png","frames":{
"head_00":{"x":610,"y":610,"w":120,"h":120,"offX":0,"offY":0,"sourceW":120,"sourceH":120},
"head_01":{"x":488,"y":610,"w":120,"h":120,"offX":0,"offY":0,"sourceW":120,"sourceH":120},
"head_02":{"x":366,"y":610,"w":120,"h":120,"offX":0,"offY":0,"sourceW":120,"sourceH":120},
"head_03":{"x":244,"y":610,"w":120,"h":120,"offX":0,"offY":0,"sourceW":120,"sourceH":120},
"head_04":{"x":122,"y":610,"w":120,"h":120,"offX":0,"offY":0,"sourceW":120,"sourceH":120},
"head_05":{"x":0,"y":610,"w":120,"h":120,"offX":0,"offY":0,"sourceW":120,"sourceH":120},
"head_06":{"x":854,"y":488,"w":120,"h":120,"offX":0,"offY":0,"sourceW":120,"sourceH":120},
"head_07":{"x":732,"y":488,"w":120,"h":120,"offX":0,"offY":0,"sourceW":120,"sourceH":120},
"head_08":{"x":610,"y":488,"w":120,"h":120,"offX":0,"offY":0,"sourceW":120,"sourceH":120},
"head_09":{"x":488,"y":488,"w":120,"h":120,"offX":0,"offY":0,"sourceW":120,"sourceH":120},
"head_10":{"x":366,"y":488,"w":120,"h":120,"offX":0,"offY":0,"sourceW":120,"sourceH":120},
"head_11":{"x":244,"y":488,"w":120,"h":120,"offX":0,"offY":0,"sourceW":120,"sourceH":120},
"head_12":{"x":122,"y":488,"w":120,"h":120,"offX":0,"offY":0,"sourceW":120,"sourceH":120},
"head_13":{"x":0,"y":488,"w":120,"h":120,"offX":0,"offY":0,"sourceW":120,"sourceH":120},
"head_14":{"x":854,"y":366,"w":120,"h":120,"offX":0,"offY":0,"sourceW":120,"sourceH":120},
"head_15":{"x":732,"y":366,"w":120,"h":120,"offX":0,"offY":0,"sourceW":120,"sourceH":120},
"head_16":{"x":610,"y":366,"w":120,"h":120,"offX":0,"offY":0,"sourceW":120,"sourceH":120},
"head_17":{"x":488,"y":366,"w":120,"h":120,"offX":0,"offY":0,"sourceW":120,"sourceH":120},
"head_18":{"x":366,"y":366,"w":120,"h":120,"offX":0,"offY":0,"sourceW":120,"sourceH":120},
"head_19":{"x":244,"y":366,"w":120,"h":120,"offX":0,"offY":0,"sourceW":120,"sourceH":120},
"head_20":{"x":122,"y":366,"w":120,"h":120,"offX":0,"offY":0,"sourceW":120,"sourceH":120},
"head_21":{"x":0,"y":366,"w":120,"h":120,"offX":0,"offY":0,"sourceW":120,"sourceH":120},
"head_22":{"x":854,"y":244,"w":120,"h":120,"offX":0,"offY":0,"sourceW":120,"sourceH":120},
"head_23":{"x":732,"y":244,"w":120,"h":120,"offX":0,"offY":0,"sourceW":120,"sourceH":120},
"head_24":{"x":610,"y":244,"w":120,"h":120,"offX":0,"offY":0,"sourceW":120,"sourceH":120},
"head_25":{"x":488,"y":244,"w":120,"h":120,"offX":0,"offY":0,"sourceW":120,"sourceH":120},
"head_26":{"x":366,"y":244,"w":120,"h":120,"offX":0,"offY":0,"sourceW":120,"sourceH":120},
"head_27":{"x":244,"y":244,"w":120,"h":120,"offX":0,"offY":0,"sourceW":120,"sourceH":120},
"head_28":{"x":122,"y":244,"w":120,"h":120,"offX":0,"offY":0,"sourceW":120,"sourceH":120},
"head_29":{"x":0,"y":244,"w":120,"h":120,"offX":0,"offY":0,"sourceW":120,"sourceH":120},
"head_30":{"x":854,"y":122,"w":120,"h":120,"offX":0,"offY":0,"sourceW":120,"sourceH":120},
"head_31":{"x":732,"y":122,"w":120,"h":120,"offX":0,"offY":0,"sourceW":120,"sourceH":120},
"head_32":{"x":610,"y":122,"w":120,"h":120,"offX":0,"offY":0,"sourceW":120,"sourceH":120},
"head_33":{"x":488,"y":122,"w":120,"h":120,"offX":0,"offY":0,"sourceW":120,"sourceH":120},
"head_34":{"x":366,"y":122,"w":120,"h":120,"offX":0,"offY":0,"sourceW":120,"sourceH":120},
"head_35":{"x":244,"y":122,"w":120,"h":120,"offX":0,"offY":0,"sourceW":120,"sourceH":120},
"head_36":{"x":122,"y":122,"w":120,"h":120,"offX":0,"offY":0,"sourceW":120,"sourceH":120},
"head_37":{"x":0,"y":122,"w":120,"h":120,"offX":0,"offY":0,"sourceW":120,"sourceH":120},
"head_38":{"x":854,"y":0,"w":120,"h":120,"offX":0,"offY":0,"sourceW":120,"sourceH":120},
"head_39":{"x":732,"y":0,"w":120,"h":120,"offX":0,"offY":0,"sourceW":120,"sourceH":120},
"head_40":{"x":610,"y":0,"w":120,"h":120,"offX":0,"offY":0,"sourceW":120,"sourceH":120},
"head_41":{"x":488,"y":0,"w":120,"h":120,"offX":0,"offY":0,"sourceW":120,"sourceH":120},
"head_42":{"x":366,"y":0,"w":120,"h":120,"offX":0,"offY":0,"sourceW":120,"sourceH":120},
"head_43":{"x":244,"y":0,"w":120,"h":120,"offX":0,"offY":0,"sourceW":120,"sourceH":120},
"head_44":{"x":122,"y":0,"w":120,"h":120,"offX":0,"offY":0,"sourceW":120,"sourceH":120},
"head_45":{"x":0,"y":0,"w":120,"h":120,"offX":0,"offY":0,"sourceW":120,"sourceH":120}}}