{"file":"cardCommonText0Sheet.png","frames":{
"r_g1":{"x":0,"y":31,"w":47,"h":28,"offX":11,"offY":2,"sourceW":58,"sourceH":30},
"r_g2":{"x":0,"y":0,"w":57,"h":29,"offX":1,"offY":1,"sourceW":58,"sourceH":30},
"r_g3":{"x":59,"y":0,"w":51,"h":29,"offX":7,"offY":1,"sourceW":58,"sourceH":30},
"s_g1":{"x":91,"y":31,"w":33,"h":21,"offX":7,"offY":1,"sourceW":40,"sourceH":22},
"s_g2":{"x":49,"y":31,"w":40,"h":22,"offX":0,"offY":0,"sourceW":40,"sourceH":22},
"s_g3":{"x":49,"y":55,"w":36,"h":22,"offX":4,"offY":0,"sourceW":40,"sourceH":22}}}