{"mc":{
	"sc_guangquan":{
		"frameRate":24,
		"labels":[
			{"name":"playani","frame":1,"end":24}
			
			],
		"events":[
			
			],
		"frames":[
			
			{
			"res":"k01",
			"x":-87,
			"y":-86
			},
			{
			"res":"k02",
			"x":-85,
			"y":-88
			},
			{
			"res":"k03",
			"x":-86,
			"y":-90
			},
			{
			"res":"k04",
			"x":-86,
			"y":-86
			},
			{
			"res":"k05",
			"x":-87,
			"y":-86
			},
			{
			"res":"k06",
			"x":-87,
			"y":-90
			},
			{
			"res":"k07",
			"x":-88,
			"y":-92
			},
			{
			"res":"k08",
			"x":-87,
			"y":-90
			},
			{
			"res":"k09",
			"x":-87,
			"y":-93
			},
			{
			"res":"k10",
			"x":-86,
			"y":-95
			},
			{
			"res":"k11",
			"x":-87,
			"y":-93
			},
			{
			"res":"k12",
			"x":-87,
			"y":-85
			},
			{
			"res":"k13",
			"x":-87,
			"y":-86
			},
			{
			"res":"K14",
			"x":-85,
			"y":-88
			},
			{
			"res":"k15",
			"x":-84,
			"y":-90
			},
			{
			"res":"k16",
			"x":-85,
			"y":-86
			},
			{
			"res":"k17",
			"x":-85,
			"y":-86
			},
			{
			"res":"k18",
			"x":-86,
			"y":-90
			},
			{
			"res":"k19",
			"x":-87,
			"y":-92
			},
			{
			"res":"k20",
			"x":-87,
			"y":-90
			},
			{
			"res":"k21",
			"x":-86,
			"y":-93
			},
			{
			"res":"k22",
			"x":-86,
			"y":-95
			},
			{
			"res":"k23",
			"x":-87,
			"y":-93
			},
			{
			"res":"k24",
			"x":-87,
			"y":-84
			}
			]
}},
	"res":{
		"k13":{"x":536,"y":721,"w":179,"h":170},
		"k16":{"x":353,"y":722,"w":175,"h":173},
		"k07":{"x":540,"y":186,"w":180,"h":181},
		"k18":{"x":181,"y":189,"w":177,"h":178},
		"k08":{"x":540,"y":369,"w":179,"h":178},
		"k24":{"x":721,"y":548,"w":180,"h":170},
		"k17":{"x":358,"y":546,"w":176,"h":174},
		"k10":{"x":180,"y":0,"w":178,"h":187},
		"k01":{"x":358,"y":372,"w":179,"h":172},
		"k11":{"x":722,"y":0,"w":179,"h":184},
		"k03":{"x":181,"y":369,"w":175,"h":177},
		"k04":{"x":0,"y":721,"w":176,"h":173},
		"k05":{"x":0,"y":370,"w":178,"h":173},
		"k22":{"x":0,"y":0,"w":178,"h":187},
		"k12":{"x":536,"y":549,"w":180,"h":170},
		"k09":{"x":360,"y":0,"w":179,"h":184},
		"k20":{"x":0,"y":189,"w":179,"h":179},
		"k15":{"x":178,"y":548,"w":173,"h":177},
		"K14":{"x":718,"y":720,"w":176,"h":173},
		"k19":{"x":722,"y":186,"w":179,"h":181},
		"k23":{"x":541,"y":0,"w":179,"h":184},
		"k02":{"x":0,"y":545,"w":176,"h":174},
		"k06":{"x":721,"y":369,"w":178,"h":177},
		"k21":{"x":360,"y":186,"w":178,"h":184}
	}}