{
    "language": {
        "CombatCommon":{
            "lbl_0":"生命",
            "lbl_1":"攻击力",
            "lbl_2":"生命上限",
            "lbl_3":"CD",
            "lbl_4":"伤害减免"
        },
        "CombatSkin":{
            "lbl_0":"房间已解散,请返回大厅!"
        },
        "CSHeadSkin": {
            "lbl_0": "降星",
            "lbl_1": "降代",
            "lbl_2":"代"
        },
        "CPopupSkin":{
            "lbl_0":"是否向对手发起快速结算申请?",
            "lbl_1":"如对手同意,将跳过战斗流程,直接进行战斗结算!\n",
            "lbl_2":"(每次游戏最多只能申请 3 次)\n",
            "lbl_3":"对手向你发起快速结算申请,是否同意?\n如同意申请,将跳过战斗流程,直接进行战斗结算.",
            "lbl_4":"对手同意快速结算,游戏即将结算!",
            "lbl_5":"对手拒绝快速结算,游戏继续!"
        }
    }
}