{"file":"cardCommonImg2Sheet.png","frames":{
"s_eb4":{"x":768,"y":792,"w":196,"h":196,"offX":0,"offY":0,"sourceW":196,"sourceH":196},
"s_eb3":{"x":768,"y":594,"w":196,"h":196,"offX":0,"offY":0,"sourceW":196,"sourceH":196},
"s_eb2":{"x":768,"y":396,"w":196,"h":196,"offX":0,"offY":0,"sourceW":196,"sourceH":196},
"s_eb1":{"x":768,"y":198,"w":196,"h":196,"offX":0,"offY":0,"sourceW":196,"sourceH":196},
"s_e5":{"x":966,"y":0,"w":35,"h":48,"offX":0,"offY":0,"sourceW":35,"sourceH":48},
"s_e4":{"x":966,"y":200,"w":35,"h":48,"offX":0,"offY":0,"sourceW":35,"sourceH":48},
"s_e3":{"x":966,"y":150,"w":35,"h":48,"offX":0,"offY":0,"sourceW":35,"sourceH":48},
"s_e2":{"x":966,"y":100,"w":35,"h":48,"offX":0,"offY":0,"sourceW":35,"sourceH":48},
"s_e1":{"x":966,"y":50,"w":35,"h":48,"offX":0,"offY":0,"sourceW":35,"sourceH":48},
"r_eb5":{"x":0,"y":1148,"w":382,"h":572,"offX":0,"offY":0,"sourceW":382,"sourceH":572},
"r_eb4":{"x":384,"y":574,"w":382,"h":572,"offX":0,"offY":0,"sourceW":382,"sourceH":572},
"r_eb3":{"x":0,"y":574,"w":382,"h":572,"offX":0,"offY":0,"sourceW":382,"sourceH":572},
"r_eb2":{"x":384,"y":0,"w":382,"h":572,"offX":0,"offY":0,"sourceW":382,"sourceH":572},
"r_eb1":{"x":0,"y":0,"w":382,"h":572,"offX":0,"offY":0,"sourceW":382,"sourceH":572},
"r_e5":{"x":878,"y":990,"w":74,"h":88,"offX":0,"offY":0,"sourceW":74,"sourceH":88},
"r_e4":{"x":460,"y":1148,"w":74,"h":88,"offX":0,"offY":0,"sourceW":74,"sourceH":88},
"r_e3":{"x":384,"y":1148,"w":74,"h":88,"offX":0,"offY":0,"sourceW":74,"sourceH":88},
"r_e2":{"x":768,"y":1103,"w":74,"h":88,"offX":0,"offY":0,"sourceW":74,"sourceH":88},
"r_e1":{"x":878,"y":1080,"w":74,"h":88,"offX":0,"offY":0,"sourceW":74,"sourceH":88},
"s_eb5":{"x":768,"y":0,"w":196,"h":196,"offX":0,"offY":0,"sourceW":196,"sourceH":196},
"a108x112":{"x":768,"y":990,"w":108,"h":111,"offX":0,"offY":1,"sourceW":108,"sourceH":112}}}