{"file":"cardCommonImg0Sheet.png","frames":{
"r_dangban":{"x":582,"y":396,"w":306,"h":38,"offX":0,"offY":0,"sourceW":306,"sourceH":38},
"r_star":{"x":978,"y":46,"w":30,"h":29,"offX":0,"offY":1,"sourceW":30,"sourceH":30},
"s_cost":{"x":978,"y":0,"w":29,"h":44,"offX":0,"offY":0,"sourceW":30,"sourceH":44},
"s_r1":{"x":629,"y":436,"w":45,"h":45,"offX":1,"offY":1,"sourceW":46,"sourceH":46},
"s_r2":{"x":582,"y":436,"w":45,"h":45,"offX":1,"offY":1,"sourceW":46,"sourceH":46},
"s_r3":{"x":937,"y":396,"w":45,"h":45,"offX":1,"offY":1,"sourceW":46,"sourceH":46},
"s_r4":{"x":890,"y":396,"w":45,"h":45,"offX":1,"offY":1,"sourceW":46,"sourceH":46},
"s_r5":{"x":676,"y":436,"w":45,"h":45,"offX":1,"offY":1,"sourceW":46,"sourceH":46},
"s_rb0":{"x":384,"y":396,"w":196,"h":196,"offX":0,"offY":0,"sourceW":196,"sourceH":196},
"s_rb1":{"x":780,"y":198,"w":196,"h":196,"offX":0,"offY":0,"sourceW":196,"sourceH":196},
"s_rb2":{"x":582,"y":198,"w":196,"h":196,"offX":0,"offY":0,"sourceW":196,"sourceH":196},
"s_rb3":{"x":384,"y":198,"w":196,"h":196,"offX":0,"offY":0,"sourceW":196,"sourceH":196},
"s_rb4":{"x":780,"y":0,"w":196,"h":196,"offX":0,"offY":0,"sourceW":196,"sourceH":196},
"s_rb5":{"x":582,"y":0,"w":196,"h":196,"offX":0,"offY":0,"sourceW":196,"sourceH":196},
"s_star":{"x":978,"y":77,"w":17,"h":17,"offX":0,"offY":0,"sourceW":17,"sourceH":17},
"tongyonga":{"x":0,"y":0,"w":382,"h":572,"offX":0,"offY":0,"sourceW":382,"sourceH":572},
"tongyongb":{"x":384,"y":0,"w":196,"h":196,"offX":0,"offY":0,"sourceW":196,"sourceH":196}}}