{"file":"cardCommonText0Sheet.png","frames":{
"r_g1":{"x":0,"y":35,"w":47,"h":33,"offX":1,"offY":1,"sourceW":48,"sourceH":34},
"r_g2":{"x":50,"y":0,"w":48,"h":33,"offX":0,"offY":1,"sourceW":48,"sourceH":34},
"r_g3":{"x":0,"y":0,"w":48,"h":33,"offX":0,"offY":1,"sourceW":48,"sourceH":34},
"s_g1":{"x":49,"y":61,"w":32,"h":24,"offX":0,"offY":0,"sourceW":32,"sourceH":24},
"s_g2":{"x":83,"y":35,"w":32,"h":24,"offX":0,"offY":0,"sourceW":32,"sourceH":24},
"s_g3":{"x":49,"y":35,"w":32,"h":24,"offX":0,"offY":0,"sourceW":32,"sourceH":24}}}