{"mc":{
	"rc_busi":{
		"frameRate":19,
		"labels":[
			{"name":"playani","frame":1,"end":19}
			
			],
		"events":[
			
			],
		"frames":[
			
			{
			"res":"00000",
			"x":-95,
			"y":-117
			},
			{
			"res":"00001",
			"x":-127,
			"y":-149
			},
			{
			"res":"00002",
			"x":-158,
			"y":-149
			},
			{
			"res":"00003",
			"x":-167,
			"y":-162
			},
			{
			"res":"00004",
			"x":-181,
			"y":-186
			},
			{
			"res":"00005",
			"x":-201,
			"y":-192
			},
			{
			"res":"00006",
			"x":-225,
			"y":-192
			},
			{
			"res":"00007",
			"x":-192,
			"y":-192
			},
			{
			"res":"00008",
			"x":-210,
			"y":-176
			},
			{
			"res":"00009",
			"x":-225,
			"y":-170
			},
			{
			"res":"00010",
			"x":-147,
			"y":-191
			},
			{
			"res":"00011",
			"x":-153,
			"y":-156
			},
			{
			"res":"00012",
			"x":-163,
			"y":-172
			},
			{
			"res":"00013",
			"x":-176,
			"y":-192
			},
			{
			"res":"00014",
			"x":-192,
			"y":-133
			},
			{
			"res":"00015",
			"x":-210,
			"y":-113
			},
			{
			"res":"00016",
			"x":-75,
			"y":-105
			},
			{
			"res":"00017",
			"x":-76,
			"y":-96
			},
			{
			"res":"00018",
			"x":13,
			"y":-97
			}
			]
}},
	"res":{
		"00000":{"x":716,"y":749,"w":213,"h":223},
		"00003":{"x":390,"y":705,"w":324,"h":328},
		"00010":{"x":845,"y":386,"w":347,"h":361},
		"00016":{"x":1855,"y":1019,"w":186,"h":208},
		"00008":{"x":1194,"y":676,"w":384,"h":325},
		"00018":{"x":1194,"y":386,"w":25,"h":65},
		"00004":{"x":1600,"y":344,"w":346,"h":362},
		"00013":{"x":1639,"y":0,"w":388,"h":342},
		"00005":{"x":845,"y":0,"w":380,"h":384},
		"00007":{"x":426,"y":0,"w":417,"h":403},
		"00009":{"x":1227,"y":0,"w":410,"h":328},
		"00017":{"x":1885,"y":708,"w":114,"h":183},
		"00011":{"x":1227,"y":330,"w":371,"h":344},
		"00006":{"x":0,"y":0,"w":424,"h":398},
		"00002":{"x":1580,"y":708,"w":303,"h":309},
		"00012":{"x":0,"y":400,"w":388,"h":383},
		"00001":{"x":1580,"y":1019,"w":273,"h":285},
		"00015":{"x":0,"y":785,"w":320,"h":301},
		"00014":{"x":390,"y":405,"w":392,"h":298}
	}}