{"mc":{
	"rc_chenmo":{
		"frameRate":23,
		"labels":[
			{"name":"playani","frame":1,"end":23}
			
			],
		"events":[
			
			],
		"frames":[
			
			{
			"res":"00000",
			"x":-99,
			"y":-83
			},
			{
			"res":"00001",
			"x":-117,
			"y":-97
			},
			{
			"res":"00002",
			"x":-130,
			"y":-131
			},
			{
			"res":"00003",
			"x":-129,
			"y":-130
			},
			{
			"res":"00004",
			"x":-127,
			"y":-124
			},
			{
			"res":"00005",
			"x":-124,
			"y":-122
			},
			{
			"res":"00006",
			"x":-122,
			"y":-130
			},
			{
			"res":"00007",
			"x":-115,
			"y":-130
			},
			{
			"res":"00008",
			"x":-116,
			"y":-130
			},
			{
			"res":"00009",
			"x":-147,
			"y":-151
			},
			{
			"res":"00010",
			"x":-146,
			"y":-149
			},
			{
			"res":"00011",
			"x":-131,
			"y":-134
			},
			{
			"res":"00012",
			"x":-133,
			"y":-134
			},
			{
			"res":"00013",
			"x":-116,
			"y":-129
			},
			{
			"res":"00014",
			"x":-115,
			"y":-131
			},
			{
			"res":"00015",
			"x":-115,
			"y":-130
			},
			{
			"res":"00016",
			"x":-107,
			"y":-113
			},
			{
			"res":"00017",
			"x":-106,
			"y":-111
			},
			{
			"res":"00018",
			"x":-114,
			"y":-96
			},
			{
			"res":"00019",
			"x":-116,
			"y":-77
			},
			{
			"res":"00020",
			"x":-119,
			"y":-74
			},
			{
			"res":"00021",
			"x":-120,
			"y":-64
			},
			{
			"res":"00022",
			"x":-119,
			"y":-48
			}
			]
}},
	"res":{
		"00005":{"x":246,"y":836,"w":259,"h":249},
		"00003":{"x":0,"y":312,"w":264,"h":263},
		"00001":{"x":754,"y":1090,"w":241,"h":215},
		"00015":{"x":754,"y":848,"w":250,"h":240},
		"00014":{"x":246,"y":1087,"w":252,"h":238},
		"00012":{"x":566,"y":0,"w":268,"h":285},
		"00022":{"x":644,"y":1488,"w":209,"h":166},
		"00021":{"x":700,"y":1307,"w":230,"h":179},
		"00018":{"x":807,"y":573,"w":207,"h":205},
		"00010":{"x":284,"y":0,"w":280,"h":305},
		"00009":{"x":0,"y":0,"w":282,"h":310},
		"00004":{"x":0,"y":577,"w":261,"h":253},
		"00000":{"x":435,"y":1328,"w":207,"h":186},
		"00006":{"x":266,"y":574,"w":255,"h":260},
		"00013":{"x":552,"y":573,"w":253,"h":273},
		"00020":{"x":0,"y":1327,"w":219,"h":188},
		"00008":{"x":0,"y":832,"w":244,"h":266},
		"00002":{"x":284,"y":307,"w":266,"h":265},
		"00019":{"x":221,"y":1327,"w":212,"h":190},
		"00011":{"x":566,"y":287,"w":264,"h":284},
		"00007":{"x":507,"y":848,"w":245,"h":262},
		"00017":{"x":500,"y":1112,"w":198,"h":214},
		"00016":{"x":0,"y":1100,"w":221,"h":225}
	}}