{"mc":{
	"rc_chujue":{
		"frameRate":20,
		"labels":[
			{"name":"playani","frame":1,"end":20}
			
			],
		"events":[
			
			],
		"frames":[
			
			{
			"res":"00000",
			"x":-130,
			"y":-104
			},
			{
			"res":"00001",
			"x":-169,
			"y":-178
			},
			{
			"res":"00002",
			"x":-193,
			"y":-224
			},
			{
			"res":"00003",
			"x":-88,
			"y":-114
			},
			{
			"res":"00004",
			"x":-138,
			"y":-138
			},
			{
			"res":"00005",
			"x":-137,
			"y":-163
			},
			{
			"res":"00006",
			"x":-138,
			"y":-138
			},
			{
			"res":"00007",
			"x":-128,
			"y":-152
			},
			{
			"res":"00008",
			"x":-141,
			"y":-138
			},
			{
			"res":"00009",
			"x":-139,
			"y":-163
			},
			{
			"res":"00010",
			"x":-139,
			"y":-143
			},
			{
			"res":"00011",
			"x":-132,
			"y":-155
			},
			{
			"res":"00012",
			"x":-141,
			"y":-138
			},
			{
			"res":"00013",
			"x":-129,
			"y":-158
			},
			{
			"res":"00014",
			"x":-102,
			"y":-108
			},
			{
			"res":"00015",
			"x":-82,
			"y":-115
			},
			{
			"res":"00016",
			"x":-61,
			"y":-103
			},
			{
			"res":"00017",
			"x":-61,
			"y":-103
			},
			{
			"res":"00018",
			"x":-61,
			"y":-103
			},
			{
			"res":"00019",
			"x":-61,
			"y":-103
			}
			]
}},
	"res":{
		"00001":{"x":384,"y":0,"w":317,"h":344},
		"00016":{"x":407,"y":1371,"w":123,"h":206},
		"00004":{"x":254,"y":1043,"w":260,"h":310},
		"00006":{"x":653,"y":379,"w":260,"h":363},
		"00014":{"x":796,"y":744,"w":194,"h":223},
		"00017":{"x":656,"y":1371,"w":122,"h":206},
		"00012":{"x":516,"y":1072,"w":266,"h":297},
		"00007":{"x":0,"y":798,"w":252,"h":328},
		"00003":{"x":784,"y":1187,"w":193,"h":217},
		"00019":{"x":780,"y":1406,"w":122,"h":206},
		"00002":{"x":0,"y":0,"w":382,"h":448},
		"00010":{"x":268,"y":711,"w":266,"h":330},
		"00015":{"x":244,"y":1355,"w":161,"h":237},
		"00008":{"x":384,"y":346,"w":267,"h":363},
		"00005":{"x":703,"y":0,"w":258,"h":377},
		"00011":{"x":536,"y":744,"w":258,"h":326},
		"00009":{"x":0,"y":450,"w":266,"h":346},
		"00018":{"x":532,"y":1371,"w":122,"h":206},
		"00000":{"x":796,"y":969,"w":199,"h":216},
		"00013":{"x":0,"y":1128,"w":242,"h":322}
	}}