{"mc":{
	"rc_duochongsheji":{
		"frameRate":15,
		"labels":[
			{"name":"playani","frame":1,"end":15}
			
			],
		"events":[
			
			],
		"frames":[
			
			{
			"res":"00000",
			"x":-87,
			"y":-250
			},
			{
			"res":"00001",
			"x":-186,
			"y":-250
			},
			{
			"res":"00002",
			"x":-236,
			"y":-231
			},
			{
			"res":"00003",
			"x":-246,
			"y":-250
			},
			{
			"res":"00004",
			"x":-204,
			"y":-250
			},
			{
			"res":"00005",
			"x":-159,
			"y":-250
			},
			{
			"res":"00006",
			"x":-119,
			"y":-227
			},
			{
			"res":"00007",
			"x":-123,
			"y":-187
			},
			{
			"res":"00008",
			"x":-126,
			"y":-188
			},
			{
			"res":"00009",
			"x":-108,
			"y":-105
			},
			{
			"res":"00010",
			"x":-62,
			"y":-105
			},
			{
			"res":"00011",
			"x":-59,
			"y":-105
			},
			{
			"res":"00012",
			"x":-57,
			"y":-105
			},
			{
			"res":"00013",
			"x":-56,
			"y":-11
			},
			{
			"res":"00014",
			"x":-19,
			"y":-10
			}
			]
}},
	"res":{
		"00009":{"x":1801,"y":0,"w":233,"h":192},
		"00012":{"x":747,"y":473,"w":110,"h":168},
		"00007":{"x":1619,"y":457,"w":258,"h":290},
		"00005":{"x":963,"y":399,"w":370,"h":374},
		"00003":{"x":0,"y":0,"w":496,"h":482},
		"00013":{"x":1335,"y":399,"w":71,"h":41},
		"00014":{"x":859,"y":473,"w":32,"h":31},
		"00010":{"x":1907,"y":194,"w":127,"h":172},
		"00011":{"x":1907,"y":368,"w":115,"h":171},
		"00000":{"x":1801,"y":194,"w":104,"h":231},
		"00006":{"x":1335,"y":457,"w":282,"h":331},
		"00001":{"x":1411,"y":0,"w":388,"h":455},
		"00002":{"x":498,"y":0,"w":463,"h":471},
		"00008":{"x":498,"y":473,"w":247,"h":276},
		"00004":{"x":963,"y":0,"w":446,"h":397}
	}}