{"mc":{
	"rc_guhua":{
		"frameRate":22,
		"labels":[
			{"name":"playani","frame":1,"end":22}
			
			],
		"events":[
			
			],
		"frames":[
			
			{
			"res":"00000",
			"x":-68,
			"y":-105
			},
			{
			"res":"00001",
			"x":-94,
			"y":-127
			},
			{
			"res":"00002",
			"x":-118,
			"y":-136
			},
			{
			"res":"00003",
			"x":-123,
			"y":-138
			},
			{
			"res":"00004",
			"x":-104,
			"y":-138
			},
			{
			"res":"00005",
			"x":-105,
			"y":-138
			},
			{
			"res":"00006",
			"x":-108,
			"y":-138
			},
			{
			"res":"00007",
			"x":-200,
			"y":-200
			},
			{
			"res":"00008",
			"x":-200,
			"y":-200
			},
			{
			"res":"00009",
			"x":-200,
			"y":-200
			},
			{
			"res":"00010",
			"x":-200,
			"y":-200
			},
			{
			"res":"00011",
			"x":-200,
			"y":-200
			},
			{
			"res":"00012",
			"x":-200,
			"y":-200
			},
			{
			"res":"00013",
			"x":-200,
			"y":-200
			},
			{
			"res":"00014",
			"x":-200,
			"y":-200
			},
			{
			"res":"00015",
			"x":-200,
			"y":-200
			},
			{
			"res":"00016",
			"x":-200,
			"y":-200
			},
			{
			"res":"00017",
			"x":-200,
			"y":-200
			},
			{
			"res":"00018",
			"x":-90,
			"y":-119
			},
			{
			"res":"00019",
			"x":-76,
			"y":-119
			},
			{
			"res":"00020",
			"x":-68,
			"y":-119
			},
			{
			"res":"00021",
			"x":-68,
			"y":-105
			}
			]
}},
	"res":{
		"00020":{"x":1901,"y":804,"w":136,"h":222},
		"00018":{"x":1736,"y":804,"w":163,"h":222},
		"00019":{"x":1543,"y":1043,"w":150,"h":222},
		"00007":{"x":402,"y":402,"w":400,"h":400},
		"00006":{"x":402,"y":804,"w":232,"h":265},
		"00009":{"x":0,"y":804,"w":400,"h":400},
		"00005":{"x":870,"y":804,"w":223,"h":261},
		"00002":{"x":1317,"y":804,"w":224,"h":251},
		"00008":{"x":1608,"y":0,"w":400,"h":400},
		"00010":{"x":0,"y":0,"w":400,"h":400},
		"00003":{"x":636,"y":804,"w":232,"h":255},
		"00013":{"x":804,"y":402,"w":400,"h":400},
		"00001":{"x":1543,"y":804,"w":191,"h":237},
		"00000":{"x":1736,"y":1028,"w":161,"h":213},
		"00004":{"x":1095,"y":804,"w":220,"h":259},
		"00012":{"x":0,"y":402,"w":400,"h":400},
		"00015":{"x":402,"y":0,"w":400,"h":400},
		"00021":{"x":1899,"y":1028,"w":136,"h":208},
		"00017":{"x":1206,"y":0,"w":400,"h":400},
		"00016":{"x":804,"y":0,"w":400,"h":400},
		"00011":{"x":1608,"y":402,"w":400,"h":400},
		"00014":{"x":1206,"y":402,"w":400,"h":400}
	}}