{"mc":{
	"rc_guanghuan1":{
		"frameRate":45,
		"labels":[
			{"name":"playani","frame":1,"end":45}
			
			],
		"events":[
			
			],
		"frames":[
			
			{
			"res":"00000",
			"x":-256,
			"y":-256
			},
			{
			"res":"00001",
			"x":-73,
			"y":-73
			},
			{
			"res":"00002",
			"x":-77,
			"y":-77
			},
			{
			"res":"00003",
			"x":-81,
			"y":-81
			},
			{
			"res":"00004",
			"x":-84,
			"y":-83
			},
			{
			"res":"00005",
			"x":-90,
			"y":-90
			},
			{
			"res":"00006",
			"x":-91,
			"y":-90
			},
			{
			"res":"00007",
			"x":-90,
			"y":-90
			},
			{
			"res":"00008",
			"x":-89,
			"y":-88
			},
			{
			"res":"00009",
			"x":-91,
			"y":-91
			},
			{
			"res":"00010",
			"x":-94,
			"y":-94
			},
			{
			"res":"00011",
			"x":-96,
			"y":-96
			},
			{
			"res":"00012",
			"x":-97,
			"y":-96
			},
			{
			"res":"00013",
			"x":-96,
			"y":-96
			},
			{
			"res":"00014",
			"x":-94,
			"y":-94
			},
			{
			"res":"00015",
			"x":-91,
			"y":-91
			},
			{
			"res":"00016",
			"x":-88,
			"y":-88
			},
			{
			"res":"00017",
			"x":-90,
			"y":-90
			},
			{
			"res":"00018",
			"x":-91,
			"y":-90
			},
			{
			"res":"00019",
			"x":-90,
			"y":-90
			},
			{
			"res":"00020",
			"x":-89,
			"y":-88
			},
			{
			"res":"00021",
			"x":-91,
			"y":-91
			},
			{
			"res":"00022",
			"x":-94,
			"y":-94
			},
			{
			"res":"00023",
			"x":-96,
			"y":-96
			},
			{
			"res":"00024",
			"x":-97,
			"y":-96
			},
			{
			"res":"00025",
			"x":-96,
			"y":-96
			},
			{
			"res":"00026",
			"x":-94,
			"y":-94
			},
			{
			"res":"00027",
			"x":-91,
			"y":-91
			},
			{
			"res":"00028",
			"x":-88,
			"y":-88
			},
			{
			"res":"00029",
			"x":-90,
			"y":-90
			},
			{
			"res":"00030",
			"x":-91,
			"y":-90
			},
			{
			"res":"00031",
			"x":-90,
			"y":-90
			},
			{
			"res":"00032",
			"x":-89,
			"y":-88
			},
			{
			"res":"00033",
			"x":-86,
			"y":-86
			},
			{
			"res":"00034",
			"x":-84,
			"y":-84
			},
			{
			"res":"00035",
			"x":-81,
			"y":-81
			},
			{
			"res":"00036",
			"x":-74,
			"y":-74
			},
			{
			"res":"00037",
			"x":-68,
			"y":-68
			},
			{
			"res":"00038",
			"x":-256,
			"y":-256
			},
			{
			"res":"00039",
			"x":-256,
			"y":-256
			},
			{
			"res":"00040",
			"x":-256,
			"y":-256
			},
			{
			"res":"00041",
			"x":-256,
			"y":-256
			},
			{
			"res":"00042",
			"x":-256,
			"y":-256
			},
			{
			"res":"00043",
			"x":-256,
			"y":-256
			},
			{
			"res":"00044",
			"x":-256,
			"y":-256
			}
			]
}},
	"res":{
		"00007":{"x":0,"y":193,"w":178,"h":178},
		"00036":{"x":731,"y":548,"w":147,"h":147},
		"00013":{"x":386,"y":0,"w":190,"h":190},
		"00001":{"x":502,"y":549,"w":144,"h":144},
		"00010":{"x":767,"y":0,"w":186,"h":187},
		"00028":{"x":555,"y":372,"w":174,"h":175},
		"00015":{"x":760,"y":189,"w":180,"h":181},
		"00025":{"x":386,"y":0,"w":190,"h":190},
		"00030":{"x":194,"y":192,"w":179,"h":179},
		"00011":{"x":194,"y":0,"w":190,"h":190},
		"00032":{"x":731,"y":372,"w":175,"h":174},
		"00017":{"x":375,"y":192,"w":178,"h":179},
		"00018":{"x":194,"y":192,"w":179,"h":179},
		"00006":{"x":194,"y":192,"w":179,"h":179},
		"00014":{"x":578,"y":0,"w":187,"h":187},
		"00039":{"x":955,"y":0,"w":5,"h":5},
		"00005":{"x":375,"y":192,"w":178,"h":179},
		"00003":{"x":340,"y":540,"w":160,"h":161},
		"00034":{"x":172,"y":373,"w":166,"h":166},
		"00002":{"x":0,"y":546,"w":152,"h":153},
		"00026":{"x":578,"y":0,"w":187,"h":187},
		"00031":{"x":0,"y":193,"w":178,"h":178},
		"00044":{"x":955,"y":0,"w":5,"h":5},
		"00037":{"x":880,"y":548,"w":134,"h":134},
		"00033":{"x":0,"y":373,"w":170,"h":171},
		"00004":{"x":340,"y":373,"w":165,"h":165},
		"00016":{"x":555,"y":372,"w":174,"h":175},
		"00041":{"x":955,"y":0,"w":5,"h":5},
		"00024":{"x":0,"y":0,"w":192,"h":191},
		"00021":{"x":578,"y":189,"w":180,"h":181},
		"00029":{"x":375,"y":192,"w":178,"h":179},
		"00043":{"x":955,"y":0,"w":5,"h":5},
		"00012":{"x":0,"y":0,"w":192,"h":191},
		"00040":{"x":955,"y":0,"w":5,"h":5},
		"00038":{"x":955,"y":0,"w":5,"h":5},
		"00022":{"x":767,"y":0,"w":186,"h":187},
		"00042":{"x":955,"y":0,"w":5,"h":5},
		"00009":{"x":578,"y":189,"w":180,"h":181},
		"00020":{"x":731,"y":372,"w":175,"h":174},
		"00035":{"x":172,"y":541,"w":159,"h":160},
		"00000":{"x":955,"y":0,"w":5,"h":5},
		"00019":{"x":0,"y":193,"w":178,"h":178},
		"00023":{"x":194,"y":0,"w":190,"h":190},
		"00008":{"x":731,"y":372,"w":175,"h":174},
		"00027":{"x":760,"y":189,"w":180,"h":181}
	}}