{"mc":{
	"rc_jiaozheng":{
		"frameRate":24,
		"labels":[
			{"name":"playani","frame":1,"end":24}
			
			],
		"events":[
			
			],
		"frames":[
			
			{
			"res":"00000",
			"x":-178,
			"y":-180
			},
			{
			"res":"00001",
			"x":-199,
			"y":-199
			},
			{
			"res":"00002",
			"x":-200,
			"y":-200
			},
			{
			"res":"00003",
			"x":-200,
			"y":-200
			},
			{
			"res":"00004",
			"x":-200,
			"y":-200
			},
			{
			"res":"00005",
			"x":-200,
			"y":-200
			},
			{
			"res":"00006",
			"x":-200,
			"y":-200
			},
			{
			"res":"00007",
			"x":-200,
			"y":-200
			},
			{
			"res":"00008",
			"x":-200,
			"y":-200
			},
			{
			"res":"00009",
			"x":-200,
			"y":-200
			},
			{
			"res":"00010",
			"x":-200,
			"y":-200
			},
			{
			"res":"00011",
			"x":-200,
			"y":-200
			},
			{
			"res":"00012",
			"x":-200,
			"y":-200
			},
			{
			"res":"00013",
			"x":-200,
			"y":-200
			},
			{
			"res":"00014",
			"x":-200,
			"y":-200
			},
			{
			"res":"00015",
			"x":-200,
			"y":-200
			},
			{
			"res":"00016",
			"x":-200,
			"y":-200
			},
			{
			"res":"00017",
			"x":-200,
			"y":-200
			},
			{
			"res":"00018",
			"x":-200,
			"y":-200
			},
			{
			"res":"00019",
			"x":-200,
			"y":-200
			},
			{
			"res":"00020",
			"x":-200,
			"y":-199
			},
			{
			"res":"00021",
			"x":-196,
			"y":-197
			},
			{
			"res":"00022",
			"x":-152,
			"y":-157
			},
			{
			"res":"00023",
			"x":-76,
			"y":-73
			}
			]
}},
	"res":{
		"00008":{"x":804,"y":1206,"w":400,"h":400},
		"00000":{"x":1598,"y":1607,"w":354,"h":364},
		"00019":{"x":0,"y":804,"w":400,"h":400},
		"00020":{"x":1605,"y":1206,"w":395,"h":399},
		"00007":{"x":0,"y":0,"w":400,"h":400},
		"00015":{"x":402,"y":0,"w":400,"h":400},
		"00003":{"x":402,"y":804,"w":400,"h":400},
		"00004":{"x":804,"y":0,"w":400,"h":400},
		"00009":{"x":1206,"y":402,"w":400,"h":400},
		"00012":{"x":0,"y":402,"w":400,"h":400},
		"00002":{"x":0,"y":1206,"w":400,"h":400},
		"00021":{"x":1206,"y":1607,"w":390,"h":396},
		"00017":{"x":402,"y":1206,"w":400,"h":400},
		"00013":{"x":1608,"y":402,"w":400,"h":400},
		"00023":{"x":300,"y":1608,"w":148,"h":146},
		"00005":{"x":804,"y":804,"w":400,"h":400},
		"00018":{"x":804,"y":402,"w":400,"h":400},
		"00022":{"x":0,"y":1608,"w":298,"h":314},
		"00011":{"x":1608,"y":804,"w":400,"h":400},
		"00016":{"x":1206,"y":0,"w":400,"h":400},
		"00010":{"x":402,"y":402,"w":400,"h":400},
		"00006":{"x":1608,"y":0,"w":400,"h":400},
		"00001":{"x":1206,"y":1206,"w":397,"h":399},
		"00014":{"x":1206,"y":804,"w":400,"h":400}
	}}