{"mc":{
	"rc_jianshe":{
		"frameRate":8,
		"labels":[
			{"name":"playani","frame":1,"end":8}
			
			],
		"events":[
			
			],
		"frames":[
			
			{
			"res":"00000",
			"x":-132,
			"y":-162
			},
			{
			"res":"00001",
			"x":-156,
			"y":-170
			},
			{
			"res":"00002",
			"x":-161,
			"y":-170
			},
			{
			"res":"00003",
			"x":-146,
			"y":-145
			},
			{
			"res":"00004",
			"x":-106,
			"y":-83
			},
			{
			"res":"00005",
			"x":-113,
			"y":-141
			},
			{
			"res":"00006",
			"x":-113,
			"y":-73
			},
			{
			"res":"00007",
			"x":-110,
			"y":-76
			}
			]
}},
	"res":{
		"00001":{"x":312,"y":0,"w":308,"h":303},
		"00003":{"x":622,"y":289,"w":252,"h":262},
		"00004":{"x":0,"y":309,"w":216,"h":129},
		"00006":{"x":223,"y":516,"w":229,"h":111},
		"00007":{"x":0,"y":440,"w":221,"h":117},
		"00002":{"x":0,"y":0,"w":310,"h":307},
		"00000":{"x":622,"y":0,"w":282,"h":287},
		"00005":{"x":312,"y":305,"w":229,"h":209}
	}}