{"mc":{
	"rc_jikui":{
		"frameRate":24,
		"labels":[
			{"name":"playani","frame":1,"end":24}
			
			],
		"events":[
			
			],
		"frames":[
			
			{
			"res":"00000",
			"x":-127,
			"y":-200
			},
			{
			"res":"00001",
			"x":-157,
			"y":-200
			},
			{
			"res":"00002",
			"x":-161,
			"y":-200
			},
			{
			"res":"00003",
			"x":-168,
			"y":-200
			},
			{
			"res":"00004",
			"x":-176,
			"y":-200
			},
			{
			"res":"00005",
			"x":-200,
			"y":-200
			},
			{
			"res":"00006",
			"x":-200,
			"y":-200
			},
			{
			"res":"00007",
			"x":-174,
			"y":-196
			},
			{
			"res":"00008",
			"x":-200,
			"y":-187
			},
			{
			"res":"00009",
			"x":-200,
			"y":-182
			},
			{
			"res":"00010",
			"x":-175,
			"y":-160
			},
			{
			"res":"00011",
			"x":-172,
			"y":-153
			},
			{
			"res":"00012",
			"x":-173,
			"y":-149
			},
			{
			"res":"00013",
			"x":-148,
			"y":-115
			},
			{
			"res":"00014",
			"x":-154,
			"y":-170
			},
			{
			"res":"00015",
			"x":-200,
			"y":-180
			},
			{
			"res":"00016",
			"x":-148,
			"y":-185
			},
			{
			"res":"00017",
			"x":-152,
			"y":-188
			},
			{
			"res":"00018",
			"x":-130,
			"y":-152
			},
			{
			"res":"00019",
			"x":-135,
			"y":-156
			},
			{
			"res":"00020",
			"x":-137,
			"y":-158
			},
			{
			"res":"00021",
			"x":-137,
			"y":-157
			},
			{
			"res":"00022",
			"x":-117,
			"y":-80
			},
			{
			"res":"00023",
			"x":-92,
			"y":-58
			}
			]
}},
	"res":{
		"00010":{"x":1569,"y":402,"w":375,"h":328},
		"00013":{"x":1704,"y":1127,"w":315,"h":282},
		"00023":{"x":1882,"y":732,"w":148,"h":140},
		"00004":{"x":1608,"y":0,"w":376,"h":400},
		"00016":{"x":1038,"y":786,"w":319,"h":355},
		"00017":{"x":711,"y":780,"w":325,"h":357},
		"00003":{"x":804,"y":389,"w":368,"h":389},
		"00022":{"x":1359,"y":786,"w":171,"h":168},
		"00007":{"x":1569,"y":732,"w":311,"h":393},
		"00006":{"x":402,"y":0,"w":400,"h":400},
		"00012":{"x":1359,"y":1127,"w":343,"h":319},
		"00020":{"x":1123,"y":1143,"w":217,"h":244},
		"00011":{"x":359,"y":750,"w":350,"h":338},
		"00019":{"x":906,"y":1143,"w":215,"h":272},
		"00002":{"x":1206,"y":384,"w":361,"h":400},
		"00001":{"x":0,"y":402,"w":357,"h":400},
		"00018":{"x":634,"y":1139,"w":270,"h":284},
		"00009":{"x":1206,"y":0,"w":400,"h":382},
		"00005":{"x":0,"y":0,"w":400,"h":400},
		"00014":{"x":305,"y":1090,"w":327,"h":340},
		"00021":{"x":0,"y":1178,"w":217,"h":243},
		"00000":{"x":0,"y":804,"w":303,"h":372},
		"00008":{"x":804,"y":0,"w":400,"h":387},
		"00015":{"x":359,"y":402,"w":392,"h":346}
	}}