{"mc":{
	"rc_meihuo1":{
		"frameRate":7,
		"labels":[
			{"name":"playani","frame":1,"end":7}
			
			],
		"events":[
			
			],
		"frames":[
			
			{
			"res":"00000",
			"x":-117,
			"y":-25
			},
			{
			"res":"00001",
			"x":-123,
			"y":-51
			},
			{
			"res":"00002",
			"x":-53,
			"y":-30
			},
			{
			"res":"00003",
			"x":-32,
			"y":-32
			},
			{
			"res":"00004",
			"x":-31,
			"y":-31
			},
			{
			"res":"00005",
			"x":-29,
			"y":-29
			},
			{
			"res":"00006",
			"x":-23,
			"y":52
			}
			]
}},
	"res":{
		"00001":{"x":0,"y":0,"w":244,"h":276},
		"00002":{"x":246,"y":252,"w":108,"h":255},
		"00006":{"x":59,"y":278,"w":45,"h":172},
		"00005":{"x":0,"y":278,"w":57,"h":253},
		"00003":{"x":356,"y":252,"w":62,"h":256},
		"00000":{"x":246,"y":0,"w":236,"h":250},
		"00004":{"x":420,"y":252,"w":61,"h":254}
	}}