{"mc":{
	"rc_pikan":{
		"frameRate":16,
		"labels":[
			{"name":"playani","frame":1,"end":16}
			
			],
		"events":[
			
			],
		"frames":[
			
			{
			"res":"00000",
			"x":-236,
			"y":-235
			},
			{
			"res":"00001",
			"x":-236,
			"y":-235
			},
			{
			"res":"00002",
			"x":-201,
			"y":-235
			},
			{
			"res":"00003",
			"x":-233,
			"y":-187
			},
			{
			"res":"00004",
			"x":-236,
			"y":-185
			},
			{
			"res":"00005",
			"x":-206,
			"y":-138
			},
			{
			"res":"00006",
			"x":-182,
			"y":-143
			},
			{
			"res":"00007",
			"x":-149,
			"y":-128
			},
			{
			"res":"00008",
			"x":-159,
			"y":-137
			},
			{
			"res":"00009",
			"x":-136,
			"y":-139
			},
			{
			"res":"00010",
			"x":-134,
			"y":-142
			},
			{
			"res":"00011",
			"x":-118,
			"y":-149
			},
			{
			"res":"00012",
			"x":-120,
			"y":-160
			},
			{
			"res":"00013",
			"x":-109,
			"y":-151
			},
			{
			"res":"00014",
			"x":-110,
			"y":-130
			},
			{
			"res":"00015",
			"x":-74,
			"y":-103
			}
			]
}},
	"res":{
		"00006":{"x":1345,"y":353,"w":362,"h":302},
		"00011":{"x":1397,"y":657,"w":236,"h":255},
		"00012":{"x":387,"y":421,"w":247,"h":271},
		"00014":{"x":0,"y":675,"w":245,"h":239},
		"00004":{"x":0,"y":0,"w":472,"h":417},
		"00003":{"x":474,"y":0,"w":469,"h":419},
		"00013":{"x":1154,"y":657,"w":241,"h":264},
		"00015":{"x":1154,"y":430,"w":143,"h":208},
		"00005":{"x":1345,"y":0,"w":415,"h":351},
		"00008":{"x":1762,"y":0,"w":269,"h":256},
		"00010":{"x":636,"y":421,"w":257,"h":259},
		"00001":{"x":0,"y":419,"w":385,"h":254},
		"00009":{"x":895,"y":430,"w":257,"h":256},
		"00002":{"x":945,"y":0,"w":398,"h":428},
		"00007":{"x":1709,"y":598,"w":267,"h":245},
		"00000":{"x":1709,"y":353,"w":333,"h":243}
	}}