{"mc":{
	"rc_pugong":{
		"frameRate":12,
		"labels":[
			{"name":"playani","frame":1,"end":12}
			
			],
		"events":[
			
			],
		"frames":[
			
			{
			"res":"00000",
			"x":-162,
			"y":-163
			},
			{
			"res":"00001",
			"x":-190,
			"y":-190
			},
			{
			"res":"00002",
			"x":-190,
			"y":-190
			},
			{
			"res":"00003",
			"x":-190,
			"y":-190
			},
			{
			"res":"00004",
			"x":-190,
			"y":-190
			},
			{
			"res":"00005",
			"x":-190,
			"y":-190
			},
			{
			"res":"00006",
			"x":-190,
			"y":-190
			},
			{
			"res":"00007",
			"x":-157,
			"y":-155
			},
			{
			"res":"00008",
			"x":-153,
			"y":-154
			},
			{
			"res":"00009",
			"x":-148,
			"y":-155
			},
			{
			"res":"00010",
			"x":-140,
			"y":-154
			},
			{
			"res":"00011",
			"x":-118,
			"y":-153
			}
			]
}},
	"res":{
		"00008":{"x":629,"y":1146,"w":306,"h":302},
		"00004":{"x":0,"y":764,"w":380,"h":380},
		"00002":{"x":382,"y":0,"w":380,"h":380},
		"00011":{"x":0,"y":1470,"w":268,"h":287},
		"00007":{"x":320,"y":1146,"w":307,"h":307},
		"00005":{"x":382,"y":764,"w":380,"h":380},
		"00010":{"x":320,"y":1455,"w":290,"h":290},
		"00003":{"x":0,"y":0,"w":380,"h":380},
		"00001":{"x":382,"y":382,"w":380,"h":380},
		"00006":{"x":0,"y":382,"w":380,"h":380},
		"00000":{"x":0,"y":1146,"w":318,"h":322},
		"00009":{"x":629,"y":1450,"w":299,"h":301}
	}}