{"mc":{
	"rc_quantui":{
		"frameRate":24,
		"labels":[
			{"name":"playani","frame":1,"end":24}
			
			],
		"events":[
			
			],
		"frames":[
			
			{
			"res":"00000",
			"x":-54,
			"y":-7
			},
			{
			"res":"00001",
			"x":-55,
			"y":-51
			},
			{
			"res":"00002",
			"x":-78,
			"y":-103
			},
			{
			"res":"00003",
			"x":-98,
			"y":-115
			},
			{
			"res":"00004",
			"x":-104,
			"y":-125
			},
			{
			"res":"00005",
			"x":-101,
			"y":-134
			},
			{
			"res":"00006",
			"x":-106,
			"y":-144
			},
			{
			"res":"00007",
			"x":-110,
			"y":-152
			},
			{
			"res":"00008",
			"x":-115,
			"y":-156
			},
			{
			"res":"00009",
			"x":-112,
			"y":-161
			},
			{
			"res":"00010",
			"x":-112,
			"y":-165
			},
			{
			"res":"00011",
			"x":-99,
			"y":-137
			},
			{
			"res":"00012",
			"x":-101,
			"y":-143
			},
			{
			"res":"00013",
			"x":-102,
			"y":-147
			},
			{
			"res":"00014",
			"x":-103,
			"y":-150
			},
			{
			"res":"00015",
			"x":-104,
			"y":-153
			},
			{
			"res":"00016",
			"x":-104,
			"y":-155
			},
			{
			"res":"00017",
			"x":-104,
			"y":-156
			},
			{
			"res":"00018",
			"x":-104,
			"y":-156
			},
			{
			"res":"00019",
			"x":-104,
			"y":-157
			},
			{
			"res":"00020",
			"x":-104,
			"y":-157
			},
			{
			"res":"00021",
			"x":-33,
			"y":-145
			},
			{
			"res":"00022",
			"x":-32,
			"y":-148
			},
			{
			"res":"00023",
			"x":-15,
			"y":-149
			}
			]
}},
	"res":{
		"00007":{"x":514,"y":262,"w":236,"h":271},
		"00006":{"x":764,"y":0,"w":227,"h":283},
		"00002":{"x":703,"y":959,"w":158,"h":218},
		"00011":{"x":484,"y":535,"w":224,"h":240},
		"00004":{"x":260,"y":266,"w":222,"h":285},
		"00009":{"x":260,"y":0,"w":252,"h":264},
		"00016":{"x":470,"y":928,"w":231,"h":150},
		"00020":{"x":474,"y":777,"w":235,"h":149},
		"00019":{"x":711,"y":808,"w":234,"h":149},
		"00017":{"x":236,"y":871,"w":232,"h":150},
		"00003":{"x":752,"y":533,"w":204,"h":273},
		"00001":{"x":863,"y":959,"w":110,"h":216},
		"00018":{"x":0,"y":880,"w":233,"h":149},
		"00023":{"x":345,"y":1080,"w":148,"h":92},
		"00022":{"x":0,"y":559,"w":164,"h":137},
		"00015":{"x":236,"y":720,"w":236,"h":149},
		"00010":{"x":0,"y":0,"w":258,"h":268},
		"00021":{"x":0,"y":1031,"w":159,"h":136},
		"00013":{"x":222,"y":553,"w":231,"h":165},
		"00005":{"x":0,"y":270,"w":220,"h":287},
		"00012":{"x":752,"y":285,"w":228,"h":246},
		"00008":{"x":514,"y":0,"w":248,"h":260},
		"00000":{"x":235,"y":1023,"w":108,"h":207},
		"00014":{"x":0,"y":720,"w":234,"h":158}
	}}