{"mc":{
	"rc_qishe":{
		"frameRate":24,
		"labels":[
			{"name":"playani","frame":1,"end":24}
			
			],
		"events":[
			
			],
		"frames":[
			
			{
			"res":"00000",
			"x":-114,
			"y":-200
			},
			{
			"res":"00001",
			"x":-200,
			"y":-147
			},
			{
			"res":"00002",
			"x":-200,
			"y":-200
			},
			{
			"res":"00003",
			"x":-200,
			"y":-200
			},
			{
			"res":"00004",
			"x":-200,
			"y":-200
			},
			{
			"res":"00005",
			"x":-200,
			"y":-200
			},
			{
			"res":"00006",
			"x":-200,
			"y":-200
			},
			{
			"res":"00007",
			"x":-200,
			"y":-200
			},
			{
			"res":"00008",
			"x":-200,
			"y":-182
			},
			{
			"res":"00009",
			"x":-145,
			"y":-185
			},
			{
			"res":"00010",
			"x":-145,
			"y":-183
			},
			{
			"res":"00011",
			"x":-147,
			"y":-185
			},
			{
			"res":"00012",
			"x":-136,
			"y":-186
			},
			{
			"res":"00013",
			"x":-137,
			"y":-183
			},
			{
			"res":"00014",
			"x":-82,
			"y":-188
			},
			{
			"res":"00015",
			"x":-83,
			"y":-157
			},
			{
			"res":"00016",
			"x":-85,
			"y":-144
			},
			{
			"res":"00017",
			"x":-86,
			"y":-144
			},
			{
			"res":"00018",
			"x":-87,
			"y":-144
			},
			{
			"res":"00019",
			"x":-86,
			"y":-144
			},
			{
			"res":"00020",
			"x":-58,
			"y":-89
			},
			{
			"res":"00021",
			"x":-52,
			"y":-82
			},
			{
			"res":"00022",
			"x":-18,
			"y":-15
			},
			{
			"res":"00023",
			"x":-10,
			"y":-10
			}
			]
}},
	"res":{
		"00000":{"x":991,"y":789,"w":119,"h":204},
		"00016":{"x":774,"y":789,"w":215,"h":326},
		"00009":{"x":774,"y":402,"w":345,"h":385},
		"00002":{"x":402,"y":402,"w":370,"h":400},
		"00007":{"x":1206,"y":0,"w":400,"h":400},
		"00014":{"x":0,"y":786,"w":209,"h":366},
		"00010":{"x":1489,"y":402,"w":295,"h":348},
		"00008":{"x":0,"y":402,"w":400,"h":382},
		"00012":{"x":1677,"y":752,"w":266,"h":358},
		"00006":{"x":402,"y":0,"w":400,"h":400},
		"00020":{"x":1187,"y":1107,"w":165,"h":254},
		"00018":{"x":424,"y":804,"w":196,"h":305},
		"00011":{"x":1121,"y":751,"w":280,"h":354},
		"00023":{"x":622,"y":911,"w":106,"h":97},
		"00005":{"x":1608,"y":0,"w":400,"h":400},
		"00015":{"x":1786,"y":402,"w":218,"h":338},
		"00021":{"x":424,"y":1111,"w":156,"h":177},
		"00013":{"x":1403,"y":752,"w":272,"h":358},
		"00022":{"x":622,"y":804,"w":119,"h":105},
		"00017":{"x":211,"y":804,"w":211,"h":321},
		"00004":{"x":0,"y":0,"w":400,"h":400},
		"00001":{"x":1121,"y":402,"w":366,"h":347},
		"00003":{"x":804,"y":0,"w":400,"h":400},
		"00019":{"x":991,"y":1107,"w":194,"h":308}
	}}