{"mc":{
	"rc_qinwang":{
		"frameRate":24,
		"labels":[
			{"name":"playani","frame":1,"end":24}
			
			],
		"events":[
			
			],
		"frames":[
			
			{
			"res":"00000",
			"x":-61,
			"y":49
			},
			{
			"res":"00001",
			"x":-62,
			"y":31
			},
			{
			"res":"00002",
			"x":-98,
			"y":-6
			},
			{
			"res":"00003",
			"x":-141,
			"y":-102
			},
			{
			"res":"00004",
			"x":-141,
			"y":-132
			},
			{
			"res":"00005",
			"x":-136,
			"y":-135
			},
			{
			"res":"00006",
			"x":-148,
			"y":-135
			},
			{
			"res":"00007",
			"x":-150,
			"y":-135
			},
			{
			"res":"00008",
			"x":-144,
			"y":-135
			},
			{
			"res":"00009",
			"x":-149,
			"y":-135
			},
			{
			"res":"00010",
			"x":-150,
			"y":-135
			},
			{
			"res":"00011",
			"x":-149,
			"y":-135
			},
			{
			"res":"00012",
			"x":-149,
			"y":-135
			},
			{
			"res":"00013",
			"x":-144,
			"y":-135
			},
			{
			"res":"00014",
			"x":-134,
			"y":-135
			},
			{
			"res":"00015",
			"x":-120,
			"y":-135
			},
			{
			"res":"00016",
			"x":-124,
			"y":-131
			},
			{
			"res":"00017",
			"x":-129,
			"y":-118
			},
			{
			"res":"00018",
			"x":-135,
			"y":-103
			},
			{
			"res":"00019",
			"x":-112,
			"y":-86
			},
			{
			"res":"00020",
			"x":-116,
			"y":-90
			},
			{
			"res":"00021",
			"x":-122,
			"y":-72
			},
			{
			"res":"00022",
			"x":-125,
			"y":-73
			},
			{
			"res":"00023",
			"x":-128,
			"y":-64
			}
			]
}},
	"res":{
		"00002":{"x":1837,"y":282,"w":184,"h":148},
		"00013":{"x":0,"y":282,"w":276,"h":280},
		"00007":{"x":0,"y":0,"w":296,"h":280},
		"00005":{"x":804,"y":282,"w":254,"h":280},
		"00021":{"x":255,"y":564,"w":241,"h":187},
		"00015":{"x":1579,"y":523,"w":240,"h":252},
		"00010":{"x":1166,"y":0,"w":284,"h":280},
		"00001":{"x":1837,"y":432,"w":126,"h":65},
		"00017":{"x":1579,"y":282,"w":256,"h":239},
		"00018":{"x":1060,"y":534,"w":269,"h":224},
		"00009":{"x":1452,"y":0,"w":281,"h":280},
		"00020":{"x":1331,"y":534,"w":233,"h":204},
		"00014":{"x":278,"y":282,"w":261,"h":280},
		"00011":{"x":877,"y":0,"w":287,"h":280},
		"00000":{"x":791,"y":564,"w":124,"h":46},
		"00012":{"x":298,"y":0,"w":288,"h":280},
		"00003":{"x":1060,"y":282,"w":265,"h":247},
		"00023":{"x":0,"y":564,"w":253,"h":181},
		"00006":{"x":588,"y":0,"w":287,"h":280},
		"00004":{"x":541,"y":282,"w":261,"h":277},
		"00019":{"x":1821,"y":523,"w":223,"h":198},
		"00008":{"x":1735,"y":0,"w":277,"h":280},
		"00022":{"x":541,"y":561,"w":248,"h":190},
		"00016":{"x":1327,"y":282,"w":250,"h":250}
	}}