{"mc":{
	"rc_rechen":{
		"frameRate":31,
		"labels":[
			{"name":"playani","frame":1,"end":30}
			
			],
		"events":[
			
			],
		"frames":[
			
			{
			"res":"00001",
			"x":-93,
			"y":-79
			},
			{
			"res":"00002",
			"x":-112,
			"y":-109
			},
			{
			"res":"00003",
			"x":-128,
			"y":-137
			},
			{
			"res":"00004",
			"x":-128,
			"y":-137
			},
			{
			"res":"00005",
			"x":-128,
			"y":-137
			},
			{
			"res":"00006",
			"x":-128,
			"y":-137
			},
			{
			"res":"00007",
			"x":-128,
			"y":-137
			},
			{
			"res":"00008",
			"x":-128,
			"y":-137
			},
			{
			"res":"00009",
			"x":-128,
			"y":-137
			},
			{
			"res":"00010",
			"x":-128,
			"y":-137
			},
			{
			"res":"00011",
			"x":-128,
			"y":-137
			},
			{
			"res":"00012",
			"x":-128,
			"y":-137
			},
			{
			"res":"00013",
			"x":-128,
			"y":-137
			},
			{
			"res":"00014",
			"x":-128,
			"y":-137
			},
			{
			"res":"00015",
			"x":-128,
			"y":-137
			},
			{
			"res":"00016",
			"x":-128,
			"y":-137
			},
			{
			"res":"00017",
			"x":-128,
			"y":-137
			},
			{
			"res":"00018",
			"x":-128,
			"y":-137
			},
			{
			"res":"00019",
			"x":-128,
			"y":-137
			},
			{
			"res":"00020",
			"x":-128,
			"y":-137
			},
			{
			"res":"00021",
			"x":-128,
			"y":-137
			},
			{
			"res":"00022",
			"x":-128,
			"y":-137
			},
			{
			"res":"00023",
			"x":-128,
			"y":-137
			},
			{
			"res":"00024",
			"x":-128,
			"y":-137
			},
			{
			"res":"00025",
			"x":-128,
			"y":-137
			},
			{
			"res":"00026",
			"x":-128,
			"y":-137
			},
			{
			"res":"00027",
			"x":-128,
			"y":-137
			},
			{
			"res":"00028",
			"x":-128,
			"y":-137
			},
			{
			"res":"00029",
			"x":-128,
			"y":-137
			},
			{
			"res":"00030",
			"x":-125,
			"y":-133
			}
			]
}},
	"res":{
		"00014":{"x":256,"y":592,"w":254,"h":294},
		"00012":{"x":0,"y":1184,"w":254,"h":294},
		"00016":{"x":0,"y":0,"w":254,"h":294},
		"00027":{"x":512,"y":296,"w":254,"h":294},
		"00020":{"x":256,"y":1184,"w":254,"h":294},
		"00030":{"x":768,"y":1184,"w":248,"h":285},
		"00019":{"x":0,"y":296,"w":254,"h":294},
		"00024":{"x":256,"y":888,"w":254,"h":294},
		"00010":{"x":768,"y":296,"w":254,"h":294},
		"00015":{"x":512,"y":0,"w":254,"h":294},
		"00013":{"x":512,"y":888,"w":254,"h":294},
		"00002":{"x":768,"y":1471,"w":221,"h":255},
		"00006":{"x":768,"y":592,"w":254,"h":294},
		"00022":{"x":768,"y":592,"w":254,"h":294},
		"00001":{"x":512,"y":1476,"w":183,"h":210},
		"00026":{"x":768,"y":296,"w":254,"h":294},
		"00004":{"x":256,"y":1184,"w":254,"h":294},
		"00025":{"x":768,"y":0,"w":254,"h":294},
		"00029":{"x":512,"y":1184,"w":254,"h":290},
		"00018":{"x":0,"y":592,"w":254,"h":294},
		"00008":{"x":256,"y":888,"w":254,"h":294},
		"00005":{"x":256,"y":0,"w":254,"h":294},
		"00028":{"x":768,"y":888,"w":254,"h":294},
		"00003":{"x":0,"y":296,"w":254,"h":294},
		"00007":{"x":512,"y":592,"w":254,"h":294},
		"00021":{"x":256,"y":0,"w":254,"h":294},
		"00009":{"x":768,"y":0,"w":254,"h":294},
		"00017":{"x":256,"y":296,"w":254,"h":294},
		"00023":{"x":512,"y":592,"w":254,"h":294},
		"00011":{"x":0,"y":888,"w":254,"h":294}
	}}