{"mc":{
	"rc_shixue2":{
		"frameRate":19,
		"labels":[
			{"name":"playani","frame":1,"end":19}
			
			],
		"events":[
			
			],
		"frames":[
			
			{
			"res":"00000",
			"x":-71,
			"y":-63
			},
			{
			"res":"00001",
			"x":-152,
			"y":-131
			},
			{
			"res":"00002",
			"x":-128,
			"y":-138
			},
			{
			"res":"00003",
			"x":-126,
			"y":-146
			},
			{
			"res":"00004",
			"x":-129,
			"y":-143
			},
			{
			"res":"00005",
			"x":-167,
			"y":-158
			},
			{
			"res":"00006",
			"x":-164,
			"y":-161
			},
			{
			"res":"00007",
			"x":-142,
			"y":-144
			},
			{
			"res":"00008",
			"x":-128,
			"y":-165
			},
			{
			"res":"00009",
			"x":-162,
			"y":-170
			},
			{
			"res":"00010",
			"x":-145,
			"y":-145
			},
			{
			"res":"00011",
			"x":-147,
			"y":-166
			},
			{
			"res":"00012",
			"x":-149,
			"y":-144
			},
			{
			"res":"00013",
			"x":-146,
			"y":-158
			},
			{
			"res":"00014",
			"x":-170,
			"y":-159
			},
			{
			"res":"00015",
			"x":-149,
			"y":-145
			},
			{
			"res":"00016",
			"x":-102,
			"y":-116
			},
			{
			"res":"00017",
			"x":-83,
			"y":-109
			},
			{
			"res":"00018",
			"x":-4,
			"y":-5
			}
			]
}},
	"res":{
		"00017":{"x":0,"y":1562,"w":171,"h":209},
		"00012":{"x":314,"y":665,"w":318,"h":294},
		"00008":{"x":634,"y":665,"w":273,"h":340},
		"00004":{"x":315,"y":345,"w":278,"h":317},
		"00003":{"x":0,"y":1277,"w":271,"h":283},
		"00014":{"x":0,"y":326,"w":313,"h":325},
		"00002":{"x":591,"y":1328,"w":276,"h":276},
		"00011":{"x":622,"y":0,"w":305,"h":334},
		"00013":{"x":0,"y":653,"w":312,"h":300},
		"00000":{"x":482,"y":1606,"w":157,"h":131},
		"00018":{"x":929,"y":0,"w":9,"h":10},
		"00005":{"x":0,"y":0,"w":320,"h":324},
		"00010":{"x":0,"y":955,"w":290,"h":320},
		"00007":{"x":600,"y":1007,"w":278,"h":319},
		"00001":{"x":292,"y":1260,"w":297,"h":288},
		"00016":{"x":273,"y":1550,"w":207,"h":231},
		"00006":{"x":622,"y":336,"w":305,"h":327},
		"00015":{"x":292,"y":961,"w":306,"h":297},
		"00009":{"x":322,"y":0,"w":298,"h":343}
	}}