{"mc":{
	"rc_shengmingchouqu2":{
		"frameRate":24,
		"labels":[
			{"name":"playani","frame":1,"end":24}
			
			],
		"events":[
			
			],
		"frames":[
			
			{
			"res":"00000",
			"x":-114,
			"y":-140
			},
			{
			"res":"00001",
			"x":-111,
			"y":-132
			},
			{
			"res":"00002",
			"x":-143,
			"y":-151
			},
			{
			"res":"00003",
			"x":-124,
			"y":-164
			},
			{
			"res":"00004",
			"x":-141,
			"y":-170
			},
			{
			"res":"00005",
			"x":-118,
			"y":-128
			},
			{
			"res":"00006",
			"x":-119,
			"y":-143
			},
			{
			"res":"00007",
			"x":-153,
			"y":-168
			},
			{
			"res":"00008",
			"x":-119,
			"y":-139
			},
			{
			"res":"00009",
			"x":-163,
			"y":-139
			},
			{
			"res":"00010",
			"x":-175,
			"y":-145
			},
			{
			"res":"00011",
			"x":-156,
			"y":-158
			},
			{
			"res":"00012",
			"x":-120,
			"y":-152
			},
			{
			"res":"00013",
			"x":-163,
			"y":-149
			},
			{
			"res":"00014",
			"x":-143,
			"y":-141
			},
			{
			"res":"00015",
			"x":-129,
			"y":-125
			},
			{
			"res":"00016",
			"x":-110,
			"y":-139
			},
			{
			"res":"00017",
			"x":-126,
			"y":-166
			},
			{
			"res":"00018",
			"x":-135,
			"y":-157
			},
			{
			"res":"00019",
			"x":-153,
			"y":-158
			},
			{
			"res":"00020",
			"x":-141,
			"y":-169
			},
			{
			"res":"00021",
			"x":-111,
			"y":-157
			},
			{
			"res":"00022",
			"x":-115,
			"y":-162
			},
			{
			"res":"00023",
			"x":-110,
			"y":-138
			}
			]
}},
	"res":{
		"00001":{"x":741,"y":867,"w":242,"h":242},
		"00013":{"x":599,"y":334,"w":287,"h":266},
		"00008":{"x":1140,"y":0,"w":288,"h":302},
		"00004":{"x":1408,"y":616,"w":248,"h":271},
		"00017":{"x":888,"y":333,"w":241,"h":294},
		"00003":{"x":260,"y":589,"w":242,"h":290},
		"00010":{"x":306,"y":0,"w":294,"h":313},
		"00014":{"x":1408,"y":315,"w":259,"h":299},
		"00012":{"x":1705,"y":305,"w":304,"h":274},
		"00015":{"x":504,"y":856,"w":235,"h":253},
		"00022":{"x":1131,"y":618,"w":238,"h":271},
		"00016":{"x":0,"y":632,"w":221,"h":276},
		"00006":{"x":1430,"y":0,"w":273,"h":313},
		"00020":{"x":0,"y":330,"w":258,"h":300},
		"00000":{"x":1658,"y":861,"w":227,"h":259},
		"00018":{"x":0,"y":0,"w":304,"h":328},
		"00023":{"x":504,"y":602,"w":269,"h":252},
		"00002":{"x":872,"y":0,"w":266,"h":331},
		"00009":{"x":1705,"y":0,"w":278,"h":303},
		"00019":{"x":1669,"y":581,"w":273,"h":278},
		"00005":{"x":775,"y":629,"w":276,"h":236},
		"00021":{"x":1140,"y":304,"w":266,"h":312},
		"00011":{"x":306,"y":315,"w":291,"h":272},
		"00007":{"x":602,"y":0,"w":268,"h":332}
	}}