{"mc":{
	"rc_shuaijie":{
		"frameRate":29,
		"labels":[
			{"name":"playani","frame":1,"end":29}
			
			],
		"events":[
			
			],
		"frames":[
			
			{
			"res":"00000",
			"x":-105,
			"y":-96
			},
			{
			"res":"00001",
			"x":-109,
			"y":-100
			},
			{
			"res":"00002",
			"x":-113,
			"y":-105
			},
			{
			"res":"00003",
			"x":-115,
			"y":-107
			},
			{
			"res":"00004",
			"x":-117,
			"y":-110
			},
			{
			"res":"00005",
			"x":-117,
			"y":-110
			},
			{
			"res":"00006",
			"x":-117,
			"y":-110
			},
			{
			"res":"00007",
			"x":-117,
			"y":-110
			},
			{
			"res":"00008",
			"x":-117,
			"y":-110
			},
			{
			"res":"00009",
			"x":-117,
			"y":-110
			},
			{
			"res":"00010",
			"x":-117,
			"y":-110
			},
			{
			"res":"00011",
			"x":-117,
			"y":-110
			},
			{
			"res":"00012",
			"x":-117,
			"y":-110
			},
			{
			"res":"00013",
			"x":-117,
			"y":-110
			},
			{
			"res":"00014",
			"x":-117,
			"y":-110
			},
			{
			"res":"00015",
			"x":-117,
			"y":-110
			},
			{
			"res":"00016",
			"x":-117,
			"y":-110
			},
			{
			"res":"00017",
			"x":-117,
			"y":-110
			},
			{
			"res":"00018",
			"x":-117,
			"y":-110
			},
			{
			"res":"00019",
			"x":-117,
			"y":-110
			},
			{
			"res":"00020",
			"x":-117,
			"y":-110
			},
			{
			"res":"00021",
			"x":-117,
			"y":-110
			},
			{
			"res":"00022",
			"x":-117,
			"y":-110
			},
			{
			"res":"00023",
			"x":-119,
			"y":-111
			},
			{
			"res":"00024",
			"x":-120,
			"y":-113
			},
			{
			"res":"00025",
			"x":-122,
			"y":-114
			},
			{
			"res":"00026",
			"x":-123,
			"y":-116
			},
			{
			"res":"00027",
			"x":-123,
			"y":-114
			},
			{
			"res":"00028",
			"x":-122,
			"y":-113
			}
			]
}},
	"res":{
		"00004":{"x":0,"y":238,"w":215,"h":224},
		"00013":{"x":651,"y":691,"w":215,"h":224},
		"00015":{"x":217,"y":1140,"w":215,"h":224},
		"00018":{"x":217,"y":462,"w":215,"h":224},
		"00020":{"x":0,"y":238,"w":215,"h":224},
		"00011":{"x":434,"y":1139,"w":215,"h":224},
		"00026":{"x":0,"y":0,"w":227,"h":236},
		"00001":{"x":651,"y":1359,"w":198,"h":204},
		"00017":{"x":0,"y":916,"w":215,"h":224},
		"00019":{"x":217,"y":914,"w":215,"h":224},
		"00024":{"x":683,"y":233,"w":221,"h":230},
		"00016":{"x":667,"y":465,"w":215,"h":224},
		"00005":{"x":450,"y":461,"w":215,"h":224},
		"00000":{"x":0,"y":1363,"w":191,"h":195},
		"00022":{"x":434,"y":687,"w":215,"h":224},
		"00014":{"x":0,"y":464,"w":215,"h":224},
		"00009":{"x":434,"y":913,"w":215,"h":224},
		"00012":{"x":0,"y":690,"w":215,"h":224},
		"00003":{"x":0,"y":1142,"w":211,"h":219},
		"00008":{"x":651,"y":917,"w":215,"h":224},
		"00010":{"x":450,"y":235,"w":215,"h":224},
		"00028":{"x":683,"y":0,"w":225,"h":231},
		"00006":{"x":434,"y":687,"w":215,"h":224},
		"00021":{"x":450,"y":461,"w":215,"h":224},
		"00027":{"x":229,"y":0,"w":226,"h":232},
		"00025":{"x":457,"y":0,"w":224,"h":233},
		"00002":{"x":651,"y":1143,"w":207,"h":214},
		"00023":{"x":229,"y":234,"w":219,"h":226},
		"00007":{"x":217,"y":688,"w":215,"h":224}
	}}