{"mc":{
	"rc_shanghaifengyin":{
		"frameRate":25,
		"labels":[
			{"name":"playani","frame":1,"end":25}
			
			],
		"events":[
			
			],
		"frames":[
			
			{
			"res":"00000",
			"x":-28,
			"y":-56
			},
			{
			"res":"00001",
			"x":-31,
			"y":-63
			},
			{
			"res":"00002",
			"x":-75,
			"y":-108
			},
			{
			"res":"00003",
			"x":-93,
			"y":-127
			},
			{
			"res":"00004",
			"x":-109,
			"y":-127
			},
			{
			"res":"00005",
			"x":-118,
			"y":-127
			},
			{
			"res":"00006",
			"x":-120,
			"y":-127
			},
			{
			"res":"00007",
			"x":-120,
			"y":-130
			},
			{
			"res":"00008",
			"x":-121,
			"y":-137
			},
			{
			"res":"00009",
			"x":-122,
			"y":-137
			},
			{
			"res":"00010",
			"x":-123,
			"y":-138
			},
			{
			"res":"00011",
			"x":-123,
			"y":-141
			},
			{
			"res":"00012",
			"x":-107,
			"y":-124
			},
			{
			"res":"00013",
			"x":-96,
			"y":-106
			},
			{
			"res":"00014",
			"x":-95,
			"y":-113
			},
			{
			"res":"00015",
			"x":-96,
			"y":-117
			},
			{
			"res":"00016",
			"x":-96,
			"y":-117
			},
			{
			"res":"00017",
			"x":-95,
			"y":-111
			},
			{
			"res":"00018",
			"x":-95,
			"y":-111
			},
			{
			"res":"00019",
			"x":-95,
			"y":-111
			},
			{
			"res":"00020",
			"x":-95,
			"y":-111
			},
			{
			"res":"00021",
			"x":-90,
			"y":-107
			},
			{
			"res":"00022",
			"x":-92,
			"y":-109
			},
			{
			"res":"00023",
			"x":-95,
			"y":-111
			},
			{
			"res":"00024",
			"x":-98,
			"y":-114
			}
			]
}},
	"res":{
		"00008":{"x":744,"y":0,"w":243,"h":254},
		"00011":{"x":0,"y":0,"w":247,"h":258},
		"00000":{"x":959,"y":377,"w":52,"h":109},
		"00004":{"x":729,"y":488,"w":201,"h":210},
		"00002":{"x":0,"y":1090,"w":159,"h":164},
		"00012":{"x":0,"y":260,"w":215,"h":224},
		"00023":{"x":808,"y":903,"w":190,"h":187},
		"00017":{"x":417,"y":893,"w":195,"h":198},
		"00019":{"x":0,"y":486,"w":210,"h":208},
		"00003":{"x":834,"y":700,"w":184,"h":201},
		"00022":{"x":417,"y":705,"w":209,"h":186},
		"00007":{"x":497,"y":256,"w":230,"h":239},
		"00020":{"x":217,"y":482,"w":210,"h":208},
		"00006":{"x":729,"y":256,"w":228,"h":230},
		"00015":{"x":429,"y":497,"w":203,"h":206},
		"00018":{"x":0,"y":696,"w":203,"h":202},
		"00014":{"x":634,"y":700,"w":198,"h":200},
		"00009":{"x":497,"y":0,"w":245,"h":254},
		"00013":{"x":614,"y":902,"w":192,"h":188},
		"00001":{"x":959,"y":256,"w":59,"h":119},
		"00024":{"x":204,"y":900,"w":196,"h":191},
		"00005":{"x":249,"y":257,"w":222,"h":223},
		"00010":{"x":249,"y":0,"w":246,"h":255},
		"00016":{"x":212,"y":692,"w":203,"h":206},
		"00021":{"x":0,"y":900,"w":202,"h":188}
	}}