{"mc":{
	"rc_xisheng":{
		"frameRate":21,
		"labels":[
			{"name":"playani","frame":1,"end":21}
			
			],
		"events":[
			
			],
		"frames":[
			
			{
			"res":"00000",
			"x":-14,
			"y":-87
			},
			{
			"res":"00001",
			"x":-14,
			"y":-76
			},
			{
			"res":"00002",
			"x":-14,
			"y":-57
			},
			{
			"res":"00003",
			"x":-14,
			"y":-27
			},
			{
			"res":"00004",
			"x":-89,
			"y":-103
			},
			{
			"res":"00005",
			"x":-131,
			"y":-150
			},
			{
			"res":"00006",
			"x":-101,
			"y":-124
			},
			{
			"res":"00007",
			"x":-109,
			"y":-147
			},
			{
			"res":"00008",
			"x":-112,
			"y":-132
			},
			{
			"res":"00009",
			"x":-106,
			"y":-136
			},
			{
			"res":"00010",
			"x":-108,
			"y":-143
			},
			{
			"res":"00011",
			"x":-115,
			"y":-145
			},
			{
			"res":"00012",
			"x":-113,
			"y":-121
			},
			{
			"res":"00013",
			"x":-117,
			"y":-110
			},
			{
			"res":"00014",
			"x":-103,
			"y":-88
			},
			{
			"res":"00015",
			"x":-107,
			"y":-91
			},
			{
			"res":"00016",
			"x":-110,
			"y":-93
			},
			{
			"res":"00017",
			"x":-94,
			"y":-85
			},
			{
			"res":"00018",
			"x":-97,
			"y":-86
			},
			{
			"res":"00019",
			"x":-101,
			"y":-23
			},
			{
			"res":"00020",
			"x":-103,
			"y":-23
			}
			]
}},
	"res":{
		"00008":{"x":494,"y":0,"w":234,"h":257},
		"00004":{"x":475,"y":532,"w":180,"h":208},
		"00009":{"x":263,"y":269,"w":210,"h":264},
		"00014":{"x":201,"y":535,"w":185,"h":198},
		"00013":{"x":706,"y":518,"w":196,"h":218},
		"00018":{"x":206,"y":735,"w":194,"h":125},
		"00002":{"x":941,"y":128,"w":28,"h":47},
		"00006":{"x":706,"y":276,"w":215,"h":240},
		"00019":{"x":941,"y":0,"w":60,"h":62},
		"00016":{"x":0,"y":735,"w":204,"h":167},
		"00017":{"x":657,"y":738,"w":191,"h":123},
		"00003":{"x":971,"y":177,"w":28,"h":46},
		"00011":{"x":494,"y":259,"w":210,"h":271},
		"00000":{"x":971,"y":128,"w":28,"h":47},
		"00010":{"x":730,"y":0,"w":209,"h":274},
		"00007":{"x":263,"y":0,"w":229,"h":267},
		"00001":{"x":941,"y":177,"w":28,"h":46},
		"00015":{"x":0,"y":555,"w":195,"h":178},
		"00012":{"x":0,"y":302,"w":199,"h":251},
		"00005":{"x":0,"y":0,"w":261,"h":300},
		"00020":{"x":941,"y":64,"w":60,"h":62}
	}}