{"mc":{
	"rc_xueruo":{
		"frameRate":23,
		"labels":[
			{"name":"playani","frame":1,"end":23}
			
			],
		"events":[
			
			],
		"frames":[
			
			{
			"res":"00000",
			"x":-60,
			"y":-58
			},
			{
			"res":"00001",
			"x":-61,
			"y":-59
			},
			{
			"res":"00002",
			"x":-72,
			"y":-65
			},
			{
			"res":"00003",
			"x":-77,
			"y":-77
			},
			{
			"res":"00004",
			"x":-77,
			"y":-77
			},
			{
			"res":"00005",
			"x":-77,
			"y":-77
			},
			{
			"res":"00006",
			"x":-77,
			"y":-79
			},
			{
			"res":"00007",
			"x":-77,
			"y":-78
			},
			{
			"res":"00008",
			"x":-77,
			"y":-77
			},
			{
			"res":"00009",
			"x":-77,
			"y":-77
			},
			{
			"res":"00010",
			"x":-80,
			"y":-77
			},
			{
			"res":"00011",
			"x":-82,
			"y":-80
			},
			{
			"res":"00012",
			"x":-84,
			"y":-83
			},
			{
			"res":"00013",
			"x":-80,
			"y":-82
			},
			{
			"res":"00014",
			"x":-80,
			"y":-83
			},
			{
			"res":"00015",
			"x":-80,
			"y":-80
			},
			{
			"res":"00016",
			"x":-82,
			"y":-79
			},
			{
			"res":"00017",
			"x":-81,
			"y":-83
			},
			{
			"res":"00018",
			"x":-81,
			"y":-82
			},
			{
			"res":"00019",
			"x":-78,
			"y":-82
			},
			{
			"res":"00020",
			"x":-78,
			"y":-84
			},
			{
			"res":"00021",
			"x":-81,
			"y":-81
			},
			{
			"res":"00022",
			"x":-70,
			"y":-77
			}
			]
}},
	"res":{
		"00008":{"x":821,"y":329,"w":159,"h":160},
		"00007":{"x":0,"y":170,"w":159,"h":161},
		"00016":{"x":168,"y":166,"w":164,"h":162},
		"00001":{"x":443,"y":493,"w":123,"h":119},
		"00004":{"x":483,"y":332,"w":159,"h":159},
		"00010":{"x":830,"y":167,"w":162,"h":160},
		"00017":{"x":501,"y":0,"w":163,"h":165},
		"00005":{"x":644,"y":332,"w":159,"h":159},
		"00012":{"x":0,"y":0,"w":166,"h":168},
		"00022":{"x":157,"y":492,"w":138,"h":144},
		"00009":{"x":322,"y":330,"w":159,"h":160},
		"00011":{"x":168,"y":0,"w":165,"h":164},
		"00018":{"x":335,"y":0,"w":164,"h":164},
		"00020":{"x":498,"y":167,"w":160,"h":163},
		"00003":{"x":161,"y":330,"w":159,"h":160},
		"00014":{"x":666,"y":0,"w":162,"h":166},
		"00013":{"x":830,"y":0,"w":162,"h":165},
		"00002":{"x":297,"y":492,"w":144,"h":132},
		"00015":{"x":334,"y":166,"w":162,"h":162},
		"00000":{"x":568,"y":493,"w":113,"h":105},
		"00019":{"x":0,"y":333,"w":155,"h":163},
		"00021":{"x":805,"y":491,"w":162,"h":149},
		"00006":{"x":660,"y":168,"w":159,"h":162}
	}}