{"mc":{
	"rc_xushi":{
		"frameRate":24,
		"labels":[
			{"name":"playani","frame":1,"end":24}
			
			],
		"events":[
			
			],
		"frames":[
			
			{
			"res":"00000",
			"x":-185,
			"y":-143
			},
			{
			"res":"00001",
			"x":-197,
			"y":-197
			},
			{
			"res":"00002",
			"x":-186,
			"y":-199
			},
			{
			"res":"00003",
			"x":-199,
			"y":-193
			},
			{
			"res":"00004",
			"x":-200,
			"y":-197
			},
			{
			"res":"00005",
			"x":-199,
			"y":-200
			},
			{
			"res":"00006",
			"x":-200,
			"y":-200
			},
			{
			"res":"00007",
			"x":-200,
			"y":-200
			},
			{
			"res":"00008",
			"x":-199,
			"y":-200
			},
			{
			"res":"00009",
			"x":-200,
			"y":-200
			},
			{
			"res":"00010",
			"x":-200,
			"y":-200
			},
			{
			"res":"00011",
			"x":-200,
			"y":-200
			},
			{
			"res":"00012",
			"x":-200,
			"y":-200
			},
			{
			"res":"00013",
			"x":-200,
			"y":-200
			},
			{
			"res":"00014",
			"x":-200,
			"y":-200
			},
			{
			"res":"00015",
			"x":-200,
			"y":-200
			},
			{
			"res":"00016",
			"x":-200,
			"y":-200
			},
			{
			"res":"00017",
			"x":-194,
			"y":-200
			},
			{
			"res":"00018",
			"x":-192,
			"y":-200
			},
			{
			"res":"00019",
			"x":-169,
			"y":-199
			},
			{
			"res":"00020",
			"x":-147,
			"y":-189
			},
			{
			"res":"00021",
			"x":-95,
			"y":-161
			},
			{
			"res":"00022",
			"x":-71,
			"y":-137
			},
			{
			"res":"00023",
			"x":-39,
			"y":-102
			}
			]
}},
	"res":{
		"00011":{"x":1601,"y":395,"w":400,"h":390},
		"00003":{"x":400,"y":399,"w":398,"h":391},
		"00005":{"x":0,"y":0,"w":398,"h":398},
		"00018":{"x":1601,"y":787,"w":391,"h":387},
		"00017":{"x":0,"y":787,"w":393,"h":386},
		"00016":{"x":780,"y":800,"w":399,"h":373},
		"00012":{"x":1187,"y":789,"w":396,"h":380},
		"00022":{"x":1365,"y":1545,"w":140,"h":193},
		"00009":{"x":1199,"y":395,"w":400,"h":392},
		"00006":{"x":400,"y":0,"w":398,"h":397},
		"00000":{"x":394,"y":1185,"w":368,"h":316},
		"00002":{"x":800,"y":399,"w":385,"h":399},
		"00004":{"x":1601,"y":0,"w":400,"h":393},
		"00015":{"x":1181,"y":1171,"w":400,"h":372},
		"00008":{"x":395,"y":792,"w":383,"h":391},
		"00001":{"x":800,"y":0,"w":397,"h":397},
		"00013":{"x":780,"y":1175,"w":391,"h":372},
		"00019":{"x":1583,"y":1176,"w":355,"h":368},
		"00021":{"x":1173,"y":1545,"w":190,"h":213},
		"00007":{"x":0,"y":400,"w":396,"h":385},
		"00010":{"x":1199,"y":0,"w":400,"h":393},
		"00023":{"x":1940,"y":1176,"w":79,"h":151},
		"00014":{"x":0,"y":1175,"w":392,"h":378},
		"00020":{"x":394,"y":1503,"w":303,"h":311}
	}}