{"mc":{
	"rc_xingfen":{
		"frameRate":24,
		"labels":[
			{"name":"playani","frame":1,"end":24}
			
			],
		"events":[
			
			],
		"frames":[
			
			{
			"res":"00000",
			"x":-49,
			"y":-49
			},
			{
			"res":"00001",
			"x":-56,
			"y":-59
			},
			{
			"res":"00002",
			"x":-74,
			"y":-74
			},
			{
			"res":"00003",
			"x":-88,
			"y":-88
			},
			{
			"res":"00004",
			"x":-87,
			"y":-88
			},
			{
			"res":"00005",
			"x":-88,
			"y":-90
			},
			{
			"res":"00006",
			"x":-97,
			"y":-99
			},
			{
			"res":"00007",
			"x":-88,
			"y":-95
			},
			{
			"res":"00008",
			"x":-89,
			"y":-91
			},
			{
			"res":"00009",
			"x":-88,
			"y":-88
			},
			{
			"res":"00010",
			"x":-88,
			"y":-100
			},
			{
			"res":"00011",
			"x":-88,
			"y":-91
			},
			{
			"res":"00012",
			"x":-87,
			"y":-88
			},
			{
			"res":"00013",
			"x":-88,
			"y":-88
			},
			{
			"res":"00014",
			"x":-89,
			"y":-88
			},
			{
			"res":"00015",
			"x":-87,
			"y":-89
			},
			{
			"res":"00016",
			"x":-88,
			"y":-88
			},
			{
			"res":"00017",
			"x":-88,
			"y":-87
			},
			{
			"res":"00018",
			"x":-85,
			"y":-86
			},
			{
			"res":"00019",
			"x":-80,
			"y":-85
			},
			{
			"res":"00020",
			"x":-81,
			"y":-83
			},
			{
			"res":"00021",
			"x":-83,
			"y":-75
			},
			{
			"res":"00022",
			"x":-79,
			"y":-77
			},
			{
			"res":"00023",
			"x":-63,
			"y":-67
			}
			]
}},
	"res":{
		"00013":{"x":559,"y":372,"w":180,"h":181},
		"00002":{"x":723,"y":718,"w":153,"h":155},
		"00004":{"x":182,"y":378,"w":179,"h":181},
		"00011":{"x":563,"y":0,"w":186,"h":184},
		"00017":{"x":0,"y":377,"w":180,"h":180},
		"00014":{"x":746,"y":192,"w":181,"h":181},
		"00023":{"x":894,"y":559,"w":124,"h":133},
		"00000":{"x":929,"y":192,"w":90,"h":97},
		"00021":{"x":723,"y":559,"w":169,"h":157},
		"00007":{"x":751,"y":0,"w":180,"h":190},
		"00015":{"x":741,"y":375,"w":179,"h":182},
		"00022":{"x":167,"y":561,"w":155,"h":162},
		"00003":{"x":0,"y":194,"w":181,"h":181},
		"00001":{"x":894,"y":694,"w":104,"h":115},
		"00006":{"x":0,"y":0,"w":190,"h":192},
		"00005":{"x":377,"y":189,"w":180,"h":183},
		"00008":{"x":563,"y":186,"w":181,"h":184},
		"00018":{"x":547,"y":555,"w":174,"h":176},
		"00020":{"x":0,"y":559,"w":165,"h":167},
		"00012":{"x":377,"y":0,"w":184,"h":187},
		"00010":{"x":192,"y":0,"w":183,"h":193},
		"00016":{"x":183,"y":195,"w":180,"h":181},
		"00009":{"x":365,"y":374,"w":180,"h":181},
		"00019":{"x":363,"y":557,"w":165,"h":171}
	}}