{"mc":{
	"rc_xuhuahuibai":{
		"frameRate":23,
		"labels":[
			{"name":"playani","frame":1,"end":23}
			
			],
		"events":[
			
			],
		"frames":[
			
			{
			"res":"00000",
			"x":-122,
			"y":-163
			},
			{
			"res":"00001",
			"x":-124,
			"y":-163
			},
			{
			"res":"00002",
			"x":-125,
			"y":-163
			},
			{
			"res":"00003",
			"x":-124,
			"y":-163
			},
			{
			"res":"00004",
			"x":-124,
			"y":-161
			},
			{
			"res":"00005",
			"x":-121,
			"y":-160
			},
			{
			"res":"00006",
			"x":-113,
			"y":-163
			},
			{
			"res":"00007",
			"x":-121,
			"y":-163
			},
			{
			"res":"00008",
			"x":-122,
			"y":-163
			},
			{
			"res":"00009",
			"x":-122,
			"y":-163
			},
			{
			"res":"00010",
			"x":-120,
			"y":-163
			},
			{
			"res":"00011",
			"x":-113,
			"y":-163
			},
			{
			"res":"00012",
			"x":-113,
			"y":-163
			},
			{
			"res":"00013",
			"x":-113,
			"y":-163
			},
			{
			"res":"00014",
			"x":-113,
			"y":-163
			},
			{
			"res":"00015",
			"x":-114,
			"y":-163
			},
			{
			"res":"00016",
			"x":-119,
			"y":-163
			},
			{
			"res":"00017",
			"x":-119,
			"y":-163
			},
			{
			"res":"00018",
			"x":-119,
			"y":-163
			},
			{
			"res":"00019",
			"x":-117,
			"y":-163
			},
			{
			"res":"00020",
			"x":-116,
			"y":-163
			},
			{
			"res":"00021",
			"x":-119,
			"y":-163
			},
			{
			"res":"00022",
			"x":-120,
			"y":-163
			}
			]
}},
	"res":{
		"00005":{"x":686,"y":1644,"w":235,"h":313},
		"00018":{"x":0,"y":1312,"w":229,"h":327},
		"00017":{"x":0,"y":0,"w":250,"h":327},
		"00013":{"x":751,"y":328,"w":243,"h":327},
		"00021":{"x":459,"y":1316,"w":225,"h":327},
		"00008":{"x":244,"y":329,"w":242,"h":327},
		"00014":{"x":751,"y":0,"w":244,"h":326},
		"00011":{"x":475,"y":987,"w":233,"h":327},
		"00019":{"x":0,"y":1641,"w":223,"h":327},
		"00020":{"x":225,"y":1645,"w":222,"h":327},
		"00002":{"x":241,"y":658,"w":239,"h":327},
		"00003":{"x":722,"y":986,"w":238,"h":327},
		"00004":{"x":0,"y":987,"w":238,"h":323},
		"00006":{"x":710,"y":1315,"w":227,"h":327},
		"00015":{"x":503,"y":0,"w":246,"h":327},
		"00016":{"x":252,"y":0,"w":249,"h":327},
		"00007":{"x":488,"y":329,"w":241,"h":327},
		"00012":{"x":0,"y":658,"w":239,"h":327},
		"00022":{"x":231,"y":1316,"w":226,"h":327},
		"00001":{"x":482,"y":658,"w":238,"h":327},
		"00010":{"x":731,"y":657,"w":240,"h":327},
		"00009":{"x":0,"y":329,"w":242,"h":327},
		"00000":{"x":240,"y":987,"w":233,"h":327}
	}}