{"mc":{
	"rc_zhimang":{
		"frameRate":18,
		"labels":[
			{"name":"playani","frame":1,"end":18}
			
			],
		"events":[
			
			],
		"frames":[
			
			{
			"res":"00000",
			"x":-130,
			"y":-133
			},
			{
			"res":"00001",
			"x":-143,
			"y":-140
			},
			{
			"res":"00002",
			"x":-200,
			"y":-200
			},
			{
			"res":"00003",
			"x":-200,
			"y":-200
			},
			{
			"res":"00004",
			"x":-194,
			"y":-197
			},
			{
			"res":"00005",
			"x":-181,
			"y":-182
			},
			{
			"res":"00006",
			"x":-165,
			"y":-162
			},
			{
			"res":"00007",
			"x":-158,
			"y":-158
			},
			{
			"res":"00008",
			"x":-149,
			"y":-143
			},
			{
			"res":"00009",
			"x":-128,
			"y":-117
			},
			{
			"res":"00010",
			"x":-96,
			"y":-113
			},
			{
			"res":"00011",
			"x":-98,
			"y":-112
			},
			{
			"res":"00012",
			"x":-100,
			"y":-110
			},
			{
			"res":"00013",
			"x":-99,
			"y":-108
			},
			{
			"res":"00014",
			"x":-96,
			"y":-104
			},
			{
			"res":"00015",
			"x":-94,
			"y":-104
			},
			{
			"res":"00016",
			"x":-95,
			"y":-92
			},
			{
			"res":"00017",
			"x":-95,
			"y":-60
			}
			]
}},
	"res":{
		"00007":{"x":330,"y":785,"w":320,"h":301},
		"00004":{"x":402,"y":395,"w":394,"h":388},
		"00002":{"x":0,"y":0,"w":400,"h":400},
		"00008":{"x":652,"y":785,"w":294,"h":271},
		"00011":{"x":804,"y":211,"w":198,"h":209},
		"00015":{"x":616,"y":1329,"w":156,"h":187},
		"00000":{"x":0,"y":1080,"w":258,"h":255},
		"00013":{"x":798,"y":422,"w":198,"h":208},
		"00009":{"x":260,"y":1088,"w":254,"h":230},
		"00017":{"x":798,"y":632,"w":149,"h":127},
		"00016":{"x":774,"y":1329,"w":151,"h":161},
		"00005":{"x":0,"y":402,"w":366,"h":361},
		"00012":{"x":804,"y":0,"w":200,"h":209},
		"00003":{"x":402,"y":0,"w":400,"h":393},
		"00001":{"x":652,"y":1058,"w":283,"h":269},
		"00006":{"x":0,"y":765,"w":328,"h":313},
		"00010":{"x":260,"y":1320,"w":195,"h":210},
		"00014":{"x":457,"y":1320,"w":157,"h":194}
	}}