{
    "HTMLElementObj":[
        {
            "type":"HTMLLink",
            "path":"libs/wallet/css/panel.css?v=1.0.0",
            "model":"WIN,PHONE"
        },
        {
            "type":"HTMLScript",
            "path":"libs/wallet/lib/sdk.js?v=1.0.0",
            "model":"WIN,PHONE"
        },
        {
            "type":"HTMLScript",
            "path":"libs/wallet/lib/jquery-1.12.4.min.js?v=1.0.0",
            "model":"WIN,PHONE"
        },
        {
            "type":"HTMLScript",
            "path":"libs/wallet/lib/md5.js?v=1.0.0",
            "model":"WIN,PHONE"
        }
    ]
}
    