{"json":{"resource/theme":102446503,"resource/default.res":102446503,"res-Hall/default.res":102446535,"res-Hall/theme":102446535,"res-Hall/conf/languagePackage-Hall":102446535,"res-Hall/res/combatRecordSheet":102446535,"res-Hall/res/hallBtn1Sheet":102446535,"res-Hall/res/hallBtn2Sheet":102446535,"res-Hall/res/hallText0Sheet":102446535,"res-Hall/res/introducehero":102446535},"png":{"res-Hall/res/combatRecordSheet":102446535,"res-Hall/res/hallBtn1Sheet":102446535,"res-Hall/res/hallBtn2Sheet":102446535,"res-Hall/res/hallText0Sheet":102446535,"res-Hall/res/introducehero":102446535},"postfix":{}}