{"file":"buffIconImg0Sheet.png","frames":{
"b5":{"x":0,"y":68,"w":32,"h":32,"offX":0,"offY":0,"sourceW":32,"sourceH":32},
"b4":{"x":34,"y":101,"w":32,"h":27,"offX":0,"offY":3,"sourceW":32,"sourceH":32},
"b3":{"x":68,"y":34,"w":32,"h":32,"offX":0,"offY":0,"sourceW":32,"sourceH":32},
"b2":{"x":34,"y":34,"w":32,"h":32,"offX":0,"offY":0,"sourceW":32,"sourceH":32},
"b1":{"x":0,"y":34,"w":32,"h":32,"offX":0,"offY":0,"sourceW":32,"sourceH":32},
"b6":{"x":68,"y":0,"w":32,"h":32,"offX":0,"offY":0,"sourceW":32,"sourceH":32},
"b10":{"x":34,"y":0,"w":32,"h":32,"offX":0,"offY":0,"sourceW":32,"sourceH":32},
"b7":{"x":68,"y":68,"w":32,"h":31,"offX":0,"offY":1,"sourceW":32,"sourceH":32},
"b8":{"x":0,"y":0,"w":32,"h":32,"offX":0,"offY":0,"sourceW":32,"sourceH":32},
"b9":{"x":34,"y":68,"w":32,"h":31,"offX":0,"offY":1,"sourceW":32,"sourceH":32}}}