{"file":"combatText0Sheet.png","frames":{
"ddwjjr":{"x":0,"y":100,"w":461,"h":98,"offX":1,"offY":0,"sourceW":462,"sourceH":98},
"dian":{"x":465,"y":21,"w":18,"h":17,"offX":0,"offY":1,"sourceW":18,"sourceH":18},
"duanxian":{"x":247,"y":200,"w":108,"h":61,"offX":0,"offY":1,"sourceW":108,"sourceH":62},
"duifang":{"x":253,"y":271,"w":132,"h":23,"offX":0,"offY":1,"sourceW":132,"sourceH":24},
"jsjy":{"x":0,"y":249,"w":117,"h":32,"offX":1,"offY":3,"sourceW":118,"sourceH":36},
"kpjy":{"x":357,"y":237,"w":118,"h":32,"offX":0,"offY":3,"sourceW":118,"sourceH":36},
"shengyu":{"x":387,"y":271,"w":64,"h":27,"offX":0,"offY":1,"sourceW":64,"sourceH":28},
"vs":{"x":465,"y":0,"w":33,"h":19,"offX":1,"offY":1,"sourceW":34,"sourceH":20},
"wofang":{"x":119,"y":263,"w":132,"h":23,"offX":0,"offY":1,"sourceW":132,"sourceH":24},
"xwgb":{"x":357,"y":200,"w":116,"h":35,"offX":1,"offY":1,"sourceW":118,"sourceH":36},
"youxijijiangkaishi":{"x":0,"y":0,"w":463,"h":98,"offX":1,"offY":0,"sourceW":464,"sourceH":98},
"zzl00":{"x":0,"y":200,"w":245,"h":47,"offX":1,"offY":1,"sourceW":246,"sourceH":48}}}