{"file":"combatImg0Sheet.png","frames":{
"b632x490":{"x":1413,"y":0,"w":632,"h":490,"offX":0,"offY":0,"sourceW":632,"sourceH":490},
"a26x26":{"x":1233,"y":652,"w":23,"h":23,"offX":1,"offY":1,"sourceW":26,"sourceH":26},
"a76x100":{"x":1023,"y":638,"w":76,"h":100,"offX":0,"offY":0,"sourceW":76,"sourceH":100},
"a90x12":{"x":1325,"y":638,"w":90,"h":12,"offX":0,"offY":0,"sourceW":90,"sourceH":12},
"a130x40":{"x":1101,"y":638,"w":130,"h":40,"offX":0,"offY":0,"sourceW":130,"sourceH":40},
"a158x158":{"x":1715,"y":609,"w":158,"h":158,"offX":0,"offY":0,"sourceW":158,"sourceH":158},
"a242x84":{"x":779,"y":638,"w":242,"h":84,"offX":0,"offY":0,"sourceW":242,"sourceH":84},
"a272x214":{"x":1445,"y":492,"w":268,"h":214,"offX":2,"offY":0,"sourceW":272,"sourceH":214},
"a318x116":{"x":1715,"y":492,"w":318,"h":115,"offX":0,"offY":1,"sourceW":318,"sourceH":116},
"a632x490":{"x":779,"y":0,"w":632,"h":490,"offX":0,"offY":0,"sourceW":632,"sourceH":490},
"a664x144":{"x":779,"y":492,"w":664,"h":144,"offX":0,"offY":0,"sourceW":664,"sourceH":144},
"a778x750":{"x":0,"y":0,"w":777,"h":750,"offX":1,"offY":0,"sourceW":778,"sourceH":750},
"b26x26":{"x":1417,"y":638,"w":25,"h":25,"offX":1,"offY":1,"sourceW":26,"sourceH":26},
"b90x12":{"x":1233,"y":638,"w":90,"h":12,"offX":0,"offY":0,"sourceW":90,"sourceH":12},
"b158x158":{"x":1875,"y":609,"w":158,"h":158,"offX":0,"offY":0,"sourceW":158,"sourceH":158}}}