{"mc":{
	"rc_bingdong":{
		"frameRate":16,
		"labels":[
			{"name":"playani","frame":1,"end":16}
			
			],
		"events":[
			
			],
		"frames":[
			
			{
			"res":"00000",
			"x":-86,
			"y":-104
			},
			{
			"res":"00001",
			"x":-110,
			"y":-120
			},
			{
			"res":"00002",
			"x":-151,
			"y":-174
			},
			{
			"res":"00003",
			"x":-175,
			"y":-175
			},
			{
			"res":"00004",
			"x":-175,
			"y":-175
			},
			{
			"res":"00005",
			"x":-175,
			"y":-175
			},
			{
			"res":"00006",
			"x":-175,
			"y":-175
			},
			{
			"res":"00007",
			"x":-175,
			"y":-175
			},
			{
			"res":"00008",
			"x":-175,
			"y":-175
			},
			{
			"res":"00009",
			"x":-175,
			"y":-175
			},
			{
			"res":"00010",
			"x":-175,
			"y":-175
			},
			{
			"res":"00011",
			"x":-170,
			"y":-175
			},
			{
			"res":"00012",
			"x":-164,
			"y":-174
			},
			{
			"res":"00013",
			"x":-160,
			"y":-165
			},
			{
			"res":"00014",
			"x":-159,
			"y":-165
			},
			{
			"res":"00015",
			"x":-159,
			"y":-164
			}
			]
}},
	"res":{
		"00013":{"x":699,"y":701,"w":308,"h":330},
		"00000":{"x":505,"y":1408,"w":164,"h":209},
		"00003":{"x":350,"y":352,"w":347,"h":350},
		"00006":{"x":351,"y":0,"w":348,"h":350},
		"00001":{"x":294,"y":1408,"w":209,"h":230},
		"00011":{"x":699,"y":352,"w":322,"h":347},
		"00010":{"x":339,"y":1056,"w":336,"h":350},
		"00008":{"x":349,"y":704,"w":343,"h":350},
		"00002":{"x":0,"y":1408,"w":292,"h":339},
		"00012":{"x":701,"y":0,"w":315,"h":340},
		"00009":{"x":0,"y":1056,"w":337,"h":350},
		"00014":{"x":677,"y":1362,"w":306,"h":327},
		"00004":{"x":0,"y":0,"w":349,"h":350},
		"00015":{"x":694,"y":1033,"w":309,"h":327},
		"00005":{"x":0,"y":352,"w":348,"h":350},
		"00007":{"x":0,"y":704,"w":347,"h":350}
	}}