{"mc":{
	"rc_baoji":{
		"frameRate":18,
		"labels":[
			{"name":"playani","frame":1,"end":18}
			
			],
		"events":[
			
			],
		"frames":[
			
			{
			"res":"00000",
			"x":-127,
			"y":-135
			},
			{
			"res":"00001",
			"x":-152,
			"y":-156
			},
			{
			"res":"00002",
			"x":-153,
			"y":-157
			},
			{
			"res":"00003",
			"x":-155,
			"y":-159
			},
			{
			"res":"00004",
			"x":-156,
			"y":-160
			},
			{
			"res":"00005",
			"x":-158,
			"y":-161
			},
			{
			"res":"00006",
			"x":-159,
			"y":-162
			},
			{
			"res":"00007",
			"x":-160,
			"y":-162
			},
			{
			"res":"00008",
			"x":-160,
			"y":-163
			},
			{
			"res":"00009",
			"x":-160,
			"y":-163
			},
			{
			"res":"00010",
			"x":-161,
			"y":-163
			},
			{
			"res":"00011",
			"x":-161,
			"y":-164
			},
			{
			"res":"00012",
			"x":-161,
			"y":-164
			},
			{
			"res":"00013",
			"x":-160,
			"y":-164
			},
			{
			"res":"00014",
			"x":-162,
			"y":-164
			},
			{
			"res":"00015",
			"x":-161,
			"y":-164
			},
			{
			"res":"00016",
			"x":-119,
			"y":-164
			},
			{
			"res":"00017",
			"x":-119,
			"y":-165
			}
			]
}},
	"res":{
		"00006":{"x":334,"y":1020,"w":330,"h":335},
		"00009":{"x":672,"y":681,"w":332,"h":337},
		"00010":{"x":672,"y":342,"w":334,"h":337},
		"00003":{"x":0,"y":1353,"w":322,"h":328},
		"00013":{"x":675,"y":0,"w":334,"h":340},
		"00016":{"x":324,"y":1357,"w":293,"h":339},
		"00005":{"x":666,"y":1020,"w":328,"h":332},
		"00011":{"x":336,"y":341,"w":334,"h":339},
		"00007":{"x":334,"y":682,"w":331,"h":336},
		"00014":{"x":0,"y":0,"w":336,"h":339},
		"00017":{"x":666,"y":1354,"w":294,"h":341},
		"00001":{"x":619,"y":1697,"w":280,"h":283},
		"00000":{"x":310,"y":1698,"w":228,"h":240},
		"00015":{"x":338,"y":0,"w":335,"h":339},
		"00012":{"x":0,"y":341,"w":334,"h":339},
		"00002":{"x":0,"y":1683,"w":308,"h":317},
		"00008":{"x":0,"y":682,"w":332,"h":337},
		"00004":{"x":0,"y":1021,"w":324,"h":330}
	}}