{"mc":{
	"rc_chaofeng":{
		"frameRate":13,
		"labels":[
			{"name":"playani","frame":1,"end":13}
			
			],
		"events":[
			
			],
		"frames":[
			
			{
			"res":"00000",
			"x":-61,
			"y":-56
			},
			{
			"res":"00001",
			"x":-92,
			"y":-81
			},
			{
			"res":"00002",
			"x":-94,
			"y":-84
			},
			{
			"res":"00003",
			"x":-94,
			"y":-86
			},
			{
			"res":"00004",
			"x":-95,
			"y":-88
			},
			{
			"res":"00005",
			"x":-93,
			"y":-90
			},
			{
			"res":"00006",
			"x":-96,
			"y":-93
			},
			{
			"res":"00007",
			"x":-100,
			"y":-97
			},
			{
			"res":"00008",
			"x":-102,
			"y":-100
			},
			{
			"res":"00009",
			"x":-105,
			"y":-102
			},
			{
			"res":"00010",
			"x":-87,
			"y":-82
			},
			{
			"res":"00011",
			"x":-86,
			"y":-81
			},
			{
			"res":"00012",
			"x":-77,
			"y":-74
			}
			]
}},
	"res":{
		"00012":{"x":770,"y":376,"w":151,"h":151},
		"00011":{"x":604,"y":374,"w":164,"h":167},
		"00010":{"x":0,"y":206,"w":168,"h":172},
		"00007":{"x":414,"y":0,"w":197,"h":197},
		"00008":{"x":210,"y":0,"w":202,"h":202},
		"00001":{"x":210,"y":204,"w":184,"h":176},
		"00002":{"x":414,"y":199,"w":188,"h":177},
		"00004":{"x":808,"y":189,"w":190,"h":185},
		"00009":{"x":0,"y":0,"w":208,"h":204},
		"00000":{"x":396,"y":378,"w":114,"h":117},
		"00005":{"x":808,"y":0,"w":188,"h":187},
		"00006":{"x":613,"y":0,"w":193,"h":189},
		"00003":{"x":613,"y":191,"w":190,"h":181}
	}}