{"mc":{
	"rc_chongfeng1":{
		"frameRate":12,
		"labels":[
			{"name":"playani","frame":1,"end":12}
			
			],
		"events":[
			
			],
		"frames":[
			
			{
			"res":"00000",
			"x":-101,
			"y":-110
			},
			{
			"res":"00001",
			"x":-101,
			"y":-108
			},
			{
			"res":"00002",
			"x":-116,
			"y":-119
			},
			{
			"res":"00003",
			"x":-101,
			"y":-108
			},
			{
			"res":"00004",
			"x":-101,
			"y":-108
			},
			{
			"res":"00005",
			"x":-101,
			"y":-108
			},
			{
			"res":"00006",
			"x":-103,
			"y":-108
			},
			{
			"res":"00007",
			"x":-101,
			"y":-110
			},
			{
			"res":"00008",
			"x":-101,
			"y":-110
			},
			{
			"res":"00009",
			"x":-101,
			"y":-108
			},
			{
			"res":"00010",
			"x":-99,
			"y":-105
			},
			{
			"res":"00011",
			"x":-90,
			"y":-97
			}
			]
}},
	"res":{
		"00004":{"x":420,"y":208,"w":198,"h":206},
		"00002":{"x":0,"y":0,"w":218,"h":226},
		"00005":{"x":822,"y":208,"w":198,"h":206},
		"00007":{"x":622,"y":0,"w":198,"h":208},
		"00011":{"x":820,"y":416,"w":167,"h":154},
		"00008":{"x":220,"y":0,"w":198,"h":209},
		"00009":{"x":620,"y":210,"w":198,"h":206},
		"00006":{"x":420,"y":0,"w":200,"h":206},
		"00000":{"x":0,"y":228,"w":196,"h":204},
		"00010":{"x":420,"y":416,"w":194,"h":200},
		"00003":{"x":220,"y":211,"w":198,"h":206},
		"00001":{"x":822,"y":0,"w":198,"h":206}
	}}