{"mc":{
	"rc_fangyuhudun":{
		"frameRate":21,
		"labels":[
			{"name":"playani","frame":1,"end":21}
			
			],
		"events":[
			
			],
		"frames":[
			
			{
			"res":"00000",
			"x":-159,
			"y":-166
			},
			{
			"res":"00001",
			"x":-159,
			"y":-166
			},
			{
			"res":"00002",
			"x":-164,
			"y":-166
			},
			{
			"res":"00003",
			"x":-159,
			"y":-166
			},
			{
			"res":"00004",
			"x":-157,
			"y":-166
			},
			{
			"res":"00005",
			"x":-158,
			"y":-166
			},
			{
			"res":"00006",
			"x":-141,
			"y":-166
			},
			{
			"res":"00007",
			"x":-140,
			"y":-165
			},
			{
			"res":"00008",
			"x":-140,
			"y":-159
			},
			{
			"res":"00009",
			"x":-136,
			"y":-160
			},
			{
			"res":"00010",
			"x":-158,
			"y":-166
			},
			{
			"res":"00011",
			"x":-166,
			"y":-166
			},
			{
			"res":"00012",
			"x":-166,
			"y":-166
			},
			{
			"res":"00013",
			"x":-166,
			"y":-167
			},
			{
			"res":"00014",
			"x":-166,
			"y":-167
			},
			{
			"res":"00015",
			"x":-166,
			"y":-167
			},
			{
			"res":"00016",
			"x":-166,
			"y":-166
			},
			{
			"res":"00017",
			"x":-166,
			"y":-166
			},
			{
			"res":"00018",
			"x":-165,
			"y":-166
			},
			{
			"res":"00019",
			"x":-166,
			"y":-166
			},
			{
			"res":"00020",
			"x":-165,
			"y":-166
			}
			]
}},
	"res":{
		"00007":{"x":1552,"y":1003,"w":277,"h":331},
		"00008":{"x":0,"y":1004,"w":281,"h":323},
		"00016":{"x":1002,"y":0,"w":332,"h":333},
		"00003":{"x":317,"y":670,"w":313,"h":332},
		"00006":{"x":1258,"y":670,"w":292,"h":332},
		"00019":{"x":1667,"y":335,"w":326,"h":332},
		"00009":{"x":283,"y":1004,"w":271,"h":320},
		"00010":{"x":632,"y":670,"w":313,"h":332},
		"00004":{"x":947,"y":670,"w":309,"h":332},
		"00011":{"x":1670,"y":0,"w":332,"h":333},
		"00020":{"x":0,"y":336,"w":322,"h":332},
		"00015":{"x":0,"y":0,"w":332,"h":334},
		"00005":{"x":0,"y":670,"w":315,"h":332},
		"00014":{"x":668,"y":0,"w":332,"h":334},
		"00018":{"x":1335,"y":335,"w":330,"h":333},
		"00001":{"x":324,"y":336,"w":318,"h":332},
		"00012":{"x":1336,"y":0,"w":332,"h":333},
		"00013":{"x":334,"y":0,"w":332,"h":334},
		"00000":{"x":1667,"y":669,"w":315,"h":332},
		"00002":{"x":644,"y":336,"w":315,"h":332},
		"00017":{"x":1002,"y":335,"w":331,"h":333}
	}}