{"mc":{
	"rc_fangxue":{
		"frameRate":24,
		"labels":[
			{"name":"playani","frame":1,"end":24}
			
			],
		"events":[
			
			],
		"frames":[
			
			{
			"res":"00000",
			"x":-53,
			"y":-164
			},
			{
			"res":"00001",
			"x":-200,
			"y":-200
			},
			{
			"res":"00002",
			"x":-200,
			"y":-200
			},
			{
			"res":"00003",
			"x":-197,
			"y":-192
			},
			{
			"res":"00004",
			"x":-170,
			"y":-158
			},
			{
			"res":"00005",
			"x":-183,
			"y":-172
			},
			{
			"res":"00006",
			"x":-185,
			"y":-175
			},
			{
			"res":"00007",
			"x":-191,
			"y":-181
			},
			{
			"res":"00008",
			"x":-184,
			"y":-189
			},
			{
			"res":"00009",
			"x":-190,
			"y":-197
			},
			{
			"res":"00010",
			"x":-174,
			"y":-159
			},
			{
			"res":"00011",
			"x":-159,
			"y":-179
			},
			{
			"res":"00012",
			"x":-186,
			"y":-193
			},
			{
			"res":"00013",
			"x":-173,
			"y":-184
			},
			{
			"res":"00014",
			"x":-188,
			"y":-183
			},
			{
			"res":"00015",
			"x":-197,
			"y":-192
			},
			{
			"res":"00016",
			"x":-155,
			"y":-157
			},
			{
			"res":"00017",
			"x":-155,
			"y":-153
			},
			{
			"res":"00018",
			"x":-175,
			"y":-160
			},
			{
			"res":"00019",
			"x":-143,
			"y":-172
			},
			{
			"res":"00020",
			"x":-132,
			"y":-157
			},
			{
			"res":"00021",
			"x":-128,
			"y":-158
			},
			{
			"res":"00022",
			"x":-105,
			"y":-152
			},
			{
			"res":"00023",
			"x":-102,
			"y":-149
			}
			]
}},
	"res":{
		"00000":{"x":817,"y":1446,"w":236,"h":228},
		"00021":{"x":1726,"y":1122,"w":275,"h":342},
		"00017":{"x":1410,"y":1122,"w":314,"h":334},
		"00019":{"x":0,"y":1122,"w":310,"h":357},
		"00014":{"x":1176,"y":746,"w":371,"h":346},
		"00004":{"x":0,"y":775,"w":343,"h":345},
		"00011":{"x":1079,"y":1094,"w":329,"h":356},
		"00010":{"x":364,"y":402,"w":366,"h":359},
		"00020":{"x":694,"y":1125,"w":272,"h":319},
		"00012":{"x":1589,"y":389,"w":370,"h":371},
		"00023":{"x":565,"y":1446,"w":250,"h":304},
		"00001":{"x":0,"y":0,"w":400,"h":400},
		"00003":{"x":804,"y":0,"w":390,"h":392},
		"00005":{"x":0,"y":402,"w":362,"h":371},
		"00002":{"x":402,"y":0,"w":400,"h":400},
		"00013":{"x":1549,"y":762,"w":333,"h":358},
		"00018":{"x":345,"y":1110,"w":347,"h":326},
		"00007":{"x":1196,"y":389,"w":391,"h":355},
		"00016":{"x":364,"y":763,"w":345,"h":345},
		"00015":{"x":1196,"y":0,"w":374,"h":387},
		"00008":{"x":732,"y":759,"w":345,"h":364},
		"00022":{"x":312,"y":1438,"w":251,"h":305},
		"00006":{"x":804,"y":394,"w":370,"h":363},
		"00009":{"x":1572,"y":0,"w":369,"h":387}
	}}