{"mc":{
	"rc_fanji":{
		"frameRate":17,
		"labels":[
			{"name":"playani","frame":1,"end":17}
			
			],
		"events":[
			
			],
		"frames":[
			
			{
			"res":"00000",
			"x":-135,
			"y":-190
			},
			{
			"res":"00001",
			"x":-151,
			"y":-190
			},
			{
			"res":"00002",
			"x":-153,
			"y":-190
			},
			{
			"res":"00003",
			"x":-154,
			"y":-190
			},
			{
			"res":"00004",
			"x":-190,
			"y":-190
			},
			{
			"res":"00005",
			"x":-190,
			"y":-188
			},
			{
			"res":"00006",
			"x":-190,
			"y":-190
			},
			{
			"res":"00007",
			"x":-190,
			"y":-190
			},
			{
			"res":"00008",
			"x":-182,
			"y":-173
			},
			{
			"res":"00009",
			"x":-123,
			"y":-122
			},
			{
			"res":"00010",
			"x":-127,
			"y":-133
			},
			{
			"res":"00011",
			"x":-134,
			"y":-143
			},
			{
			"res":"00012",
			"x":-136,
			"y":-108
			},
			{
			"res":"00013",
			"x":-110,
			"y":-82
			},
			{
			"res":"00014",
			"x":-95,
			"y":-79
			},
			{
			"res":"00015",
			"x":-70,
			"y":-42
			},
			{
			"res":"00016",
			"x":36,
			"y":81
			}
			]
}},
	"res":{
		"00010":{"x":633,"y":1417,"w":269,"h":257},
		"00015":{"x":764,"y":383,"w":151,"h":138},
		"00006":{"x":382,"y":0,"w":379,"h":379},
		"00012":{"x":0,"y":1491,"w":277,"h":247},
		"00008":{"x":0,"y":1143,"w":359,"h":346},
		"00011":{"x":691,"y":1130,"w":301,"h":285},
		"00005":{"x":0,"y":382,"w":380,"h":372},
		"00004":{"x":0,"y":0,"w":380,"h":380},
		"00002":{"x":346,"y":761,"w":343,"h":380},
		"00007":{"x":382,"y":381,"w":380,"h":378},
		"00016":{"x":980,"y":0,"w":11,"h":11},
		"00009":{"x":361,"y":1438,"w":263,"h":255},
		"00013":{"x":763,"y":0,"w":215,"h":194},
		"00000":{"x":361,"y":1143,"w":270,"h":293},
		"00014":{"x":764,"y":196,"w":190,"h":185},
		"00003":{"x":0,"y":756,"w":344,"h":380},
		"00001":{"x":691,"y":761,"w":303,"h":367}
	}}