{"mc":{
	"rc_huti":{
		"frameRate":16,
		"labels":[
			{"name":"playani","frame":1,"end":16}
			
			],
		"events":[
			
			],
		"frames":[
			
			{
			"res":"00000",
			"x":-66,
			"y":-95
			},
			{
			"res":"00001",
			"x":-76,
			"y":-142
			},
			{
			"res":"00002",
			"x":-96,
			"y":-156
			},
			{
			"res":"00003",
			"x":-108,
			"y":-166
			},
			{
			"res":"00004",
			"x":-177,
			"y":-192
			},
			{
			"res":"00005",
			"x":-184,
			"y":-208
			},
			{
			"res":"00006",
			"x":-188,
			"y":-214
			},
			{
			"res":"00007",
			"x":-200,
			"y":-224
			},
			{
			"res":"00008",
			"x":-211,
			"y":-222
			},
			{
			"res":"00009",
			"x":-225,
			"y":-206
			},
			{
			"res":"00010",
			"x":-225,
			"y":-206
			},
			{
			"res":"00011",
			"x":-224,
			"y":-206
			},
			{
			"res":"00012",
			"x":-225,
			"y":-206
			},
			{
			"res":"00013",
			"x":-225,
			"y":-206
			},
			{
			"res":"00014",
			"x":-124,
			"y":-206
			},
			{
			"res":"00015",
			"x":-124,
			"y":-206
			}
			]
}},
	"res":{
		"00001":{"x":1792,"y":807,"w":224,"h":298},
		"00007":{"x":0,"y":0,"w":423,"h":449},
		"00008":{"x":1233,"y":0,"w":407,"h":384},
		"00000":{"x":435,"y":441,"w":127,"h":186},
		"00010":{"x":1259,"y":419,"w":408,"h":375},
		"00002":{"x":1536,"y":807,"w":254,"h":327},
		"00005":{"x":1642,"y":0,"w":372,"h":417},
		"00006":{"x":425,"y":0,"w":384,"h":439},
		"00011":{"x":811,"y":0,"w":420,"h":384},
		"00004":{"x":1669,"y":419,"w":353,"h":386},
		"00009":{"x":435,"y":738,"w":397,"h":356},
		"00014":{"x":834,"y":738,"w":349,"h":350},
		"00012":{"x":0,"y":451,"w":433,"h":350},
		"00013":{"x":811,"y":386,"w":446,"h":350},
		"00015":{"x":1185,"y":796,"w":349,"h":350},
		"00003":{"x":0,"y":803,"w":272,"h":344}
	}}