{"mc":{
	"rc_juji":{
		"frameRate":18,
		"labels":[
			{"name":"playani","frame":1,"end":18}
			
			],
		"events":[
			
			],
		"frames":[
			
			{
			"res":"00000",
			"x":-79,
			"y":-79
			},
			{
			"res":"00001",
			"x":-77,
			"y":-77
			},
			{
			"res":"00002",
			"x":-77,
			"y":-78
			},
			{
			"res":"00003",
			"x":-77,
			"y":-77
			},
			{
			"res":"00004",
			"x":-77,
			"y":-77
			},
			{
			"res":"00005",
			"x":-77,
			"y":-77
			},
			{
			"res":"00006",
			"x":-77,
			"y":-77
			},
			{
			"res":"00007",
			"x":-78,
			"y":-77
			},
			{
			"res":"00008",
			"x":-78,
			"y":-78
			},
			{
			"res":"00009",
			"x":-192,
			"y":-153
			},
			{
			"res":"00010",
			"x":-200,
			"y":-200
			},
			{
			"res":"00011",
			"x":-200,
			"y":-200
			},
			{
			"res":"00012",
			"x":-200,
			"y":-200
			},
			{
			"res":"00013",
			"x":-200,
			"y":-191
			},
			{
			"res":"00014",
			"x":-146,
			"y":-134
			},
			{
			"res":"00015",
			"x":-133,
			"y":-126
			},
			{
			"res":"00016",
			"x":-128,
			"y":-127
			},
			{
			"res":"00017",
			"x":-124,
			"y":-121
			}
			]
}},
	"res":{
		"00009":{"x":402,"y":795,"w":377,"h":306},
		"00000":{"x":804,"y":0,"w":158,"h":158},
		"00015":{"x":275,"y":1103,"w":262,"h":304},
		"00012":{"x":0,"y":402,"w":400,"h":399},
		"00017":{"x":0,"y":1126,"w":248,"h":260},
		"00008":{"x":804,"y":160,"w":156,"h":155},
		"00010":{"x":0,"y":0,"w":400,"h":400},
		"00016":{"x":539,"y":1103,"w":258,"h":295},
		"00005":{"x":799,"y":1100,"w":154,"h":154},
		"00013":{"x":402,"y":402,"w":391,"h":391},
		"00001":{"x":795,"y":631,"w":154,"h":155},
		"00002":{"x":795,"y":474,"w":154,"h":155},
		"00003":{"x":781,"y":944,"w":154,"h":154},
		"00014":{"x":0,"y":803,"w":273,"h":321},
		"00004":{"x":799,"y":1256,"w":154,"h":154},
		"00006":{"x":804,"y":317,"w":154,"h":155},
		"00007":{"x":795,"y":788,"w":155,"h":154},
		"00011":{"x":402,"y":0,"w":400,"h":400}
	}}