{"mc":{
	"rc_jiaoxie":{
		"frameRate":24,
		"labels":[
			{"name":"playani","frame":1,"end":24}
			
			],
		"events":[
			
			],
		"frames":[
			
			{
			"res":"00000",
			"x":-109,
			"y":-84
			},
			{
			"res":"00001",
			"x":-130,
			"y":-107
			},
			{
			"res":"00002",
			"x":-147,
			"y":-122
			},
			{
			"res":"00003",
			"x":-146,
			"y":-124
			},
			{
			"res":"00004",
			"x":-144,
			"y":-126
			},
			{
			"res":"00005",
			"x":-142,
			"y":-125
			},
			{
			"res":"00006",
			"x":-138,
			"y":-126
			},
			{
			"res":"00007",
			"x":-134,
			"y":-126
			},
			{
			"res":"00008",
			"x":-130,
			"y":-131
			},
			{
			"res":"00009",
			"x":-131,
			"y":-145
			},
			{
			"res":"00010",
			"x":-200,
			"y":-200
			},
			{
			"res":"00011",
			"x":-200,
			"y":-177
			},
			{
			"res":"00012",
			"x":-156,
			"y":-162
			},
			{
			"res":"00013",
			"x":-159,
			"y":-152
			},
			{
			"res":"00014",
			"x":-130,
			"y":-151
			},
			{
			"res":"00015",
			"x":-129,
			"y":-155
			},
			{
			"res":"00016",
			"x":-120,
			"y":-151
			},
			{
			"res":"00017",
			"x":-117,
			"y":-124
			},
			{
			"res":"00018",
			"x":-115,
			"y":-122
			},
			{
			"res":"00019",
			"x":-118,
			"y":-117
			},
			{
			"res":"00020",
			"x":-126,
			"y":-89
			},
			{
			"res":"00021",
			"x":-131,
			"y":-76
			},
			{
			"res":"00022",
			"x":-136,
			"y":-73
			},
			{
			"res":"00023",
			"x":-134,
			"y":-61
			}
			]
}},
	"res":{
		"00010":{"x":0,"y":0,"w":395,"h":400},
		"00016":{"x":1647,"y":314,"w":273,"h":310},
		"00023":{"x":692,"y":881,"w":249,"h":186},
		"00002":{"x":1043,"y":330,"w":298,"h":267},
		"00005":{"x":1043,"y":599,"w":290,"h":264},
		"00008":{"x":693,"y":601,"w":273,"h":278},
		"00011":{"x":397,"y":0,"w":345,"h":362},
		"00021":{"x":1616,"y":872,"w":234,"h":199},
		"00000":{"x":1182,"y":884,"w":228,"h":198},
		"00009":{"x":1362,"y":315,"w":273,"h":297},
		"00020":{"x":218,"y":872,"w":226,"h":210},
		"00004":{"x":397,"y":364,"w":294,"h":268},
		"00003":{"x":744,"y":330,"w":297,"h":269},
		"00015":{"x":1362,"y":0,"w":283,"h":313},
		"00001":{"x":289,"y":634,"w":268,"h":236},
		"00012":{"x":1056,"y":0,"w":304,"h":328},
		"00007":{"x":1335,"y":614,"w":279,"h":268},
		"00017":{"x":1616,"y":626,"w":264,"h":244},
		"00019":{"x":0,"y":671,"w":216,"h":234},
		"00013":{"x":744,"y":0,"w":310,"h":328},
		"00006":{"x":0,"y":402,"w":287,"h":267},
		"00018":{"x":968,"y":865,"w":212,"h":233},
		"00014":{"x":1647,"y":0,"w":283,"h":312},
		"00022":{"x":446,"y":872,"w":244,"h":192}
	}}