{"mc":{
	"rc_juduwaike":{
		"frameRate":20,
		"labels":[
			{"name":"playani","frame":1,"end":20}
			
			],
		"events":[
			
			],
		"frames":[
			
			{
			"res":"00000",
			"x":-143,
			"y":-148
			},
			{
			"res":"00001",
			"x":-150,
			"y":-150
			},
			{
			"res":"00002",
			"x":-150,
			"y":-150
			},
			{
			"res":"00003",
			"x":-150,
			"y":-150
			},
			{
			"res":"00004",
			"x":-150,
			"y":-150
			},
			{
			"res":"00005",
			"x":-150,
			"y":-150
			},
			{
			"res":"00006",
			"x":-150,
			"y":-150
			},
			{
			"res":"00007",
			"x":-150,
			"y":-150
			},
			{
			"res":"00008",
			"x":-150,
			"y":-150
			},
			{
			"res":"00009",
			"x":-150,
			"y":-150
			},
			{
			"res":"00010",
			"x":-150,
			"y":-150
			},
			{
			"res":"00011",
			"x":-150,
			"y":-150
			},
			{
			"res":"00012",
			"x":-150,
			"y":-150
			},
			{
			"res":"00013",
			"x":-150,
			"y":-150
			},
			{
			"res":"00014",
			"x":-138,
			"y":-114
			},
			{
			"res":"00015",
			"x":-107,
			"y":-109
			},
			{
			"res":"00016",
			"x":-101,
			"y":-106
			},
			{
			"res":"00017",
			"x":-92,
			"y":-100
			},
			{
			"res":"00018",
			"x":-82,
			"y":-72
			},
			{
			"res":"00019",
			"x":-76,
			"y":42
			}
			]
}},
	"res":{
		"00013":{"x":0,"y":1208,"w":300,"h":293},
		"00018":{"x":444,"y":1707,"w":201,"h":197},
		"00012":{"x":0,"y":302,"w":300,"h":300},
		"00015":{"x":591,"y":1459,"w":231,"h":246},
		"00009":{"x":302,"y":604,"w":300,"h":300},
		"00003":{"x":604,"y":604,"w":300,"h":300},
		"00010":{"x":302,"y":0,"w":300,"h":300},
		"00006":{"x":302,"y":906,"w":300,"h":300},
		"00000":{"x":302,"y":1208,"w":287,"h":298},
		"00004":{"x":0,"y":906,"w":300,"h":300},
		"00002":{"x":604,"y":906,"w":300,"h":300},
		"00014":{"x":591,"y":1208,"w":288,"h":249},
		"00016":{"x":0,"y":1503,"w":225,"h":238},
		"00011":{"x":302,"y":302,"w":300,"h":300},
		"00007":{"x":604,"y":302,"w":300,"h":300},
		"00005":{"x":0,"y":0,"w":300,"h":300},
		"00017":{"x":227,"y":1508,"w":215,"h":225},
		"00019":{"x":906,"y":0,"w":85,"h":80},
		"00008":{"x":0,"y":604,"w":300,"h":300},
		"00001":{"x":604,"y":0,"w":300,"h":300}
	}}