{"mc":{
	"rc_jingji":{
		"frameRate":21,
		"labels":[
			{"name":"playani","frame":1,"end":21}
			
			],
		"events":[
			
			],
		"frames":[
			
			{
			"res":"00000",
			"x":-14,
			"y":9
			},
			{
			"res":"00001",
			"x":-32,
			"y":-50
			},
			{
			"res":"00002",
			"x":-50,
			"y":-103
			},
			{
			"res":"00003",
			"x":-200,
			"y":-200
			},
			{
			"res":"00004",
			"x":-200,
			"y":-200
			},
			{
			"res":"00005",
			"x":-200,
			"y":-200
			},
			{
			"res":"00006",
			"x":-200,
			"y":-185
			},
			{
			"res":"00007",
			"x":-196,
			"y":-178
			},
			{
			"res":"00008",
			"x":-153,
			"y":-155
			},
			{
			"res":"00009",
			"x":-107,
			"y":-128
			},
			{
			"res":"00010",
			"x":-79,
			"y":-103
			},
			{
			"res":"00011",
			"x":-83,
			"y":-103
			},
			{
			"res":"00012",
			"x":-90,
			"y":-103
			},
			{
			"res":"00013",
			"x":-94,
			"y":-103
			},
			{
			"res":"00014",
			"x":-98,
			"y":-103
			},
			{
			"res":"00015",
			"x":-96,
			"y":-103
			},
			{
			"res":"00016",
			"x":-90,
			"y":-103
			},
			{
			"res":"00017",
			"x":-93,
			"y":-103
			},
			{
			"res":"00018",
			"x":-98,
			"y":-103
			},
			{
			"res":"00019",
			"x":-99,
			"y":-96
			},
			{
			"res":"00020",
			"x":-97,
			"y":-96
			}
			]
}},
	"res":{
		"00003":{"x":402,"y":0,"w":400,"h":400},
		"00006":{"x":402,"y":402,"w":398,"h":378},
		"00001":{"x":317,"y":804,"w":74,"h":122},
		"00010":{"x":244,"y":1146,"w":165,"h":199},
		"00007":{"x":402,"y":782,"w":388,"h":362},
		"00012":{"x":773,"y":1175,"w":167,"h":190},
		"00008":{"x":0,"y":804,"w":315,"h":312},
		"00004":{"x":0,"y":402,"w":400,"h":400},
		"00020":{"x":411,"y":1146,"w":181,"h":181},
		"00018":{"x":802,"y":409,"w":187,"h":188},
		"00000":{"x":982,"y":599,"w":36,"h":56},
		"00014":{"x":804,"y":204,"w":188,"h":203},
		"00009":{"x":0,"y":1118,"w":242,"h":270},
		"00002":{"x":578,"y":1331,"w":109,"h":175},
		"00013":{"x":802,"y":599,"w":178,"h":195},
		"00017":{"x":594,"y":1146,"w":177,"h":183},
		"00016":{"x":792,"y":796,"w":180,"h":192},
		"00005":{"x":0,"y":0,"w":400,"h":400},
		"00011":{"x":411,"y":1329,"w":165,"h":192},
		"00015":{"x":804,"y":0,"w":189,"h":202},
		"00019":{"x":792,"y":990,"w":184,"h":183}
	}}