{"mc":{
	"rc_qidao":{
		"frameRate":24,
		"labels":[
			{"name":"playani","frame":1,"end":24}
			
			],
		"events":[
			
			],
		"frames":[
			
			{
			"res":"00000",
			"x":-113,
			"y":-111
			},
			{
			"res":"00001",
			"x":-129,
			"y":-112
			},
			{
			"res":"00002",
			"x":-137,
			"y":-117
			},
			{
			"res":"00003",
			"x":-143,
			"y":-119
			},
			{
			"res":"00004",
			"x":-147,
			"y":-120
			},
			{
			"res":"00005",
			"x":-150,
			"y":-121
			},
			{
			"res":"00006",
			"x":-150,
			"y":-121
			},
			{
			"res":"00007",
			"x":-150,
			"y":-121
			},
			{
			"res":"00008",
			"x":-151,
			"y":-122
			},
			{
			"res":"00009",
			"x":-151,
			"y":-122
			},
			{
			"res":"00010",
			"x":-150,
			"y":-122
			},
			{
			"res":"00011",
			"x":-150,
			"y":-122
			},
			{
			"res":"00012",
			"x":-151,
			"y":-122
			},
			{
			"res":"00013",
			"x":-150,
			"y":-121
			},
			{
			"res":"00014",
			"x":-149,
			"y":-122
			},
			{
			"res":"00015",
			"x":-149,
			"y":-121
			},
			{
			"res":"00016",
			"x":-148,
			"y":-120
			},
			{
			"res":"00017",
			"x":-148,
			"y":-122
			},
			{
			"res":"00018",
			"x":-148,
			"y":-123
			},
			{
			"res":"00019",
			"x":-148,
			"y":-123
			},
			{
			"res":"00020",
			"x":-148,
			"y":-124
			},
			{
			"res":"00021",
			"x":-147,
			"y":-124
			},
			{
			"res":"00022",
			"x":-137,
			"y":-123
			},
			{
			"res":"00023",
			"x":-138,
			"y":-104
			}
			]
}},
	"res":{
		"00023":{"x":862,"y":763,"w":269,"h":232},
		"00018":{"x":1169,"y":512,"w":288,"h":254},
		"00001":{"x":574,"y":765,"w":240,"h":230},
		"00008":{"x":296,"y":0,"w":294,"h":255},
		"00000":{"x":1750,"y":766,"w":207,"h":221},
		"00022":{"x":1768,"y":0,"w":274,"h":252},
		"00004":{"x":1750,"y":512,"w":287,"h":252},
		"00020":{"x":287,"y":513,"w":285,"h":252},
		"00007":{"x":1474,"y":0,"w":292,"h":254},
		"00013":{"x":293,"y":257,"w":291,"h":254},
		"00010":{"x":592,"y":0,"w":293,"h":255},
		"00021":{"x":0,"y":513,"w":285,"h":252},
		"00019":{"x":574,"y":513,"w":286,"h":250},
		"00005":{"x":0,"y":257,"w":291,"h":254},
		"00017":{"x":878,"y":257,"w":289,"h":254},
		"00015":{"x":586,"y":257,"w":290,"h":254},
		"00012":{"x":1180,"y":0,"w":292,"h":254},
		"00002":{"x":1768,"y":254,"w":267,"h":241},
		"00006":{"x":1180,"y":256,"w":292,"h":254},
		"00011":{"x":1474,"y":256,"w":292,"h":254},
		"00003":{"x":862,"y":513,"w":280,"h":248},
		"00014":{"x":887,"y":0,"w":291,"h":255},
		"00009":{"x":0,"y":0,"w":294,"h":255},
		"00016":{"x":1459,"y":512,"w":289,"h":253}
	}}