{"mc":{
	"rc_shijianjiasu":{
		"frameRate":21,
		"labels":[
			{"name":"playani","frame":1,"end":21}
			
			],
		"events":[
			
			],
		"frames":[
			
			{
			"res":"00000",
			"x":-127,
			"y":-129
			},
			{
			"res":"00001",
			"x":-164,
			"y":-155
			},
			{
			"res":"00002",
			"x":-200,
			"y":-197
			},
			{
			"res":"00003",
			"x":-200,
			"y":-200
			},
			{
			"res":"00004",
			"x":-200,
			"y":-200
			},
			{
			"res":"00005",
			"x":-200,
			"y":-200
			},
			{
			"res":"00006",
			"x":-200,
			"y":-200
			},
			{
			"res":"00007",
			"x":-200,
			"y":-200
			},
			{
			"res":"00008",
			"x":-200,
			"y":-200
			},
			{
			"res":"00009",
			"x":-200,
			"y":-199
			},
			{
			"res":"00010",
			"x":-200,
			"y":-200
			},
			{
			"res":"00011",
			"x":-200,
			"y":-200
			},
			{
			"res":"00012",
			"x":-200,
			"y":-200
			},
			{
			"res":"00013",
			"x":-200,
			"y":-200
			},
			{
			"res":"00014",
			"x":-200,
			"y":-200
			},
			{
			"res":"00015",
			"x":-200,
			"y":-200
			},
			{
			"res":"00016",
			"x":-198,
			"y":-200
			},
			{
			"res":"00017",
			"x":-198,
			"y":-197
			},
			{
			"res":"00018",
			"x":-172,
			"y":-177
			},
			{
			"res":"00019",
			"x":-108,
			"y":-116
			},
			{
			"res":"00020",
			"x":-110,
			"y":-110
			}
			]
}},
	"res":{
		"00013":{"x":402,"y":0,"w":400,"h":400},
		"00007":{"x":1206,"y":402,"w":400,"h":400},
		"00010":{"x":804,"y":402,"w":400,"h":400},
		"00011":{"x":1608,"y":0,"w":400,"h":400},
		"00016":{"x":1206,"y":804,"w":398,"h":399},
		"00006":{"x":402,"y":804,"w":400,"h":400},
		"00000":{"x":0,"y":1206,"w":260,"h":257},
		"00018":{"x":804,"y":1205,"w":359,"h":362},
		"00004":{"x":0,"y":0,"w":400,"h":400},
		"00008":{"x":402,"y":402,"w":400,"h":400},
		"00003":{"x":804,"y":0,"w":400,"h":400},
		"00012":{"x":0,"y":804,"w":400,"h":400},
		"00020":{"x":501,"y":1206,"w":239,"h":220},
		"00017":{"x":1606,"y":1203,"w":398,"h":395},
		"00015":{"x":0,"y":402,"w":400,"h":400},
		"00005":{"x":1206,"y":0,"w":400,"h":400},
		"00001":{"x":1165,"y":1205,"w":327,"h":321},
		"00019":{"x":262,"y":1206,"w":237,"h":230},
		"00014":{"x":1608,"y":402,"w":400,"h":400},
		"00009":{"x":804,"y":804,"w":400,"h":399},
		"00002":{"x":1606,"y":804,"w":398,"h":397}
	}}