{"mc":{
	"rc_shanghaijiashen":{
		"frameRate":17,
		"labels":[
			{"name":"playani","frame":1,"end":17}
			
			],
		"events":[
			
			],
		"frames":[
			
			{
			"res":"00000",
			"x":-225,
			"y":-225
			},
			{
			"res":"00001",
			"x":-225,
			"y":-225
			},
			{
			"res":"00002",
			"x":-225,
			"y":-225
			},
			{
			"res":"00003",
			"x":-225,
			"y":-225
			},
			{
			"res":"00004",
			"x":-225,
			"y":-225
			},
			{
			"res":"00005",
			"x":-225,
			"y":-225
			},
			{
			"res":"00006",
			"x":-225,
			"y":-225
			},
			{
			"res":"00007",
			"x":-225,
			"y":-225
			},
			{
			"res":"00008",
			"x":-225,
			"y":-225
			},
			{
			"res":"00009",
			"x":-225,
			"y":-225
			},
			{
			"res":"00010",
			"x":-225,
			"y":-225
			},
			{
			"res":"00011",
			"x":-225,
			"y":-225
			},
			{
			"res":"00012",
			"x":-225,
			"y":-225
			},
			{
			"res":"00013",
			"x":-96,
			"y":-65
			},
			{
			"res":"00014",
			"x":-225,
			"y":-225
			},
			{
			"res":"00015",
			"x":-225,
			"y":-225
			},
			{
			"res":"00016",
			"x":-225,
			"y":-225
			}
			]
}},
	"res":{
		"00001":{"x":0,"y":1356,"w":450,"h":450},
		"00005":{"x":0,"y":452,"w":450,"h":450},
		"00007":{"x":0,"y":904,"w":450,"h":450},
		"00014":{"x":452,"y":452,"w":450,"h":450},
		"00002":{"x":1356,"y":0,"w":450,"h":450},
		"00010":{"x":904,"y":904,"w":450,"h":450},
		"00006":{"x":904,"y":452,"w":450,"h":450},
		"00003":{"x":1356,"y":1356,"w":450,"h":450},
		"00016":{"x":0,"y":0,"w":450,"h":450},
		"00011":{"x":1356,"y":904,"w":450,"h":450},
		"00004":{"x":452,"y":1356,"w":450,"h":450},
		"00008":{"x":1356,"y":452,"w":450,"h":450},
		"00015":{"x":904,"y":1356,"w":450,"h":450},
		"00000":{"x":452,"y":904,"w":450,"h":450},
		"00012":{"x":904,"y":0,"w":450,"h":450},
		"00009":{"x":452,"y":0,"w":450,"h":450},
		"00013":{"x":1808,"y":0,"w":195,"h":187}
	}}