{"mc":{
	"rc_toudu":{
		"frameRate":16,
		"labels":[
			{"name":"playani","frame":1,"end":16}
			
			],
		"events":[
			
			],
		"frames":[
			
			{
			"res":"00000",
			"x":-99,
			"y":-89
			},
			{
			"res":"00001",
			"x":-97,
			"y":-92
			},
			{
			"res":"00002",
			"x":-98,
			"y":-92
			},
			{
			"res":"00003",
			"x":-193,
			"y":-147
			},
			{
			"res":"00004",
			"x":-182,
			"y":-139
			},
			{
			"res":"00005",
			"x":-172,
			"y":-135
			},
			{
			"res":"00006",
			"x":-161,
			"y":-146
			},
			{
			"res":"00007",
			"x":-137,
			"y":-147
			},
			{
			"res":"00008",
			"x":-137,
			"y":-147
			},
			{
			"res":"00009",
			"x":-138,
			"y":-147
			},
			{
			"res":"00010",
			"x":-121,
			"y":-139
			},
			{
			"res":"00011",
			"x":-121,
			"y":-143
			},
			{
			"res":"00012",
			"x":-118,
			"y":-147
			},
			{
			"res":"00013",
			"x":-114,
			"y":-147
			},
			{
			"res":"00014",
			"x":-114,
			"y":-147
			},
			{
			"res":"00015",
			"x":-114,
			"y":-147
			}
			]
}},
	"res":{
		"00011":{"x":1549,"y":278,"w":288,"h":286},
		"00014":{"x":1544,"y":566,"w":261,"h":290},
		"00001":{"x":1850,"y":193,"w":193,"h":191},
		"00005":{"x":1549,"y":0,"w":299,"h":276},
		"00006":{"x":370,"y":306,"w":289,"h":283},
		"00002":{"x":1850,"y":0,"w":194,"h":191},
		"00013":{"x":0,"y":346,"w":261,"h":290},
		"00000":{"x":1839,"y":386,"w":192,"h":185},
		"00004":{"x":370,"y":0,"w":317,"h":304},
		"00009":{"x":689,"y":0,"w":289,"h":308},
		"00007":{"x":980,"y":306,"w":270,"h":288},
		"00003":{"x":0,"y":0,"w":368,"h":344},
		"00008":{"x":980,"y":0,"w":280,"h":304},
		"00010":{"x":1262,"y":292,"w":280,"h":282},
		"00012":{"x":1262,"y":0,"w":285,"h":290},
		"00015":{"x":661,"y":310,"w":261,"h":290}
	}}