{"mc":{
	"rc_xueji":{
		"frameRate":18,
		"labels":[
			{"name":"playani","frame":1,"end":18}
			
			],
		"events":[
			
			],
		"frames":[
			
			{
			"res":"00000",
			"x":-41,
			"y":65
			},
			{
			"res":"00001",
			"x":-87,
			"y":-105
			},
			{
			"res":"00002",
			"x":-92,
			"y":-105
			},
			{
			"res":"00003",
			"x":-89,
			"y":-124
			},
			{
			"res":"00004",
			"x":-93,
			"y":-137
			},
			{
			"res":"00005",
			"x":-98,
			"y":-105
			},
			{
			"res":"00006",
			"x":-100,
			"y":-105
			},
			{
			"res":"00007",
			"x":-93,
			"y":-105
			},
			{
			"res":"00008",
			"x":-95,
			"y":-105
			},
			{
			"res":"00009",
			"x":-100,
			"y":-108
			},
			{
			"res":"00010",
			"x":-99,
			"y":-105
			},
			{
			"res":"00011",
			"x":-99,
			"y":-105
			},
			{
			"res":"00012",
			"x":-71,
			"y":-105
			},
			{
			"res":"00013",
			"x":-69,
			"y":-105
			},
			{
			"res":"00014",
			"x":-69,
			"y":-105
			},
			{
			"res":"00015",
			"x":-69,
			"y":-105
			},
			{
			"res":"00016",
			"x":-69,
			"y":-105
			},
			{
			"res":"00017",
			"x":-68,
			"y":-105
			}
			]
}},
	"res":{
		"00012":{"x":758,"y":424,"w":144,"h":210},
		"00004":{"x":0,"y":0,"w":187,"h":243},
		"00000":{"x":904,"y":424,"w":76,"h":14},
		"00003":{"x":401,"y":212,"w":185,"h":229},
		"00002":{"x":0,"y":245,"w":177,"h":210},
		"00010":{"x":608,"y":0,"w":204,"h":210},
		"00008":{"x":790,"y":212,"w":198,"h":210},
		"00013":{"x":0,"y":457,"w":138,"h":210},
		"00005":{"x":189,"y":215,"w":195,"h":210},
		"00007":{"x":401,"y":0,"w":205,"h":210},
		"00001":{"x":588,"y":424,"w":168,"h":210},
		"00014":{"x":459,"y":636,"w":138,"h":210},
		"00015":{"x":179,"y":427,"w":138,"h":210},
		"00009":{"x":189,"y":0,"w":210,"h":213},
		"00006":{"x":588,"y":212,"w":200,"h":210},
		"00011":{"x":814,"y":0,"w":202,"h":210},
		"00017":{"x":599,"y":636,"w":137,"h":209},
		"00016":{"x":319,"y":443,"w":138,"h":210}
	}}