{"mc":{
	"rc_xuruo":{
		"frameRate":28,
		"labels":[
			{"name":"playani","frame":1,"end":28}
			
			],
		"events":[
			
			],
		"frames":[
			
			{
			"res":"00000",
			"x":-93,
			"y":-120
			},
			{
			"res":"00001",
			"x":-130,
			"y":-120
			},
			{
			"res":"00002",
			"x":-127,
			"y":-115
			},
			{
			"res":"00003",
			"x":-137,
			"y":-112
			},
			{
			"res":"00004",
			"x":-119,
			"y":-112
			},
			{
			"res":"00005",
			"x":-113,
			"y":-111
			},
			{
			"res":"00006",
			"x":-116,
			"y":-111
			},
			{
			"res":"00007",
			"x":-117,
			"y":-111
			},
			{
			"res":"00008",
			"x":-121,
			"y":-111
			},
			{
			"res":"00009",
			"x":-121,
			"y":-111
			},
			{
			"res":"00010",
			"x":-121,
			"y":-111
			},
			{
			"res":"00011",
			"x":-120,
			"y":-111
			},
			{
			"res":"00012",
			"x":-123,
			"y":-111
			},
			{
			"res":"00013",
			"x":-120,
			"y":-112
			},
			{
			"res":"00014",
			"x":-120,
			"y":-112
			},
			{
			"res":"00015",
			"x":-121,
			"y":-112
			},
			{
			"res":"00016",
			"x":-118,
			"y":-113
			},
			{
			"res":"00017",
			"x":-116,
			"y":-113
			},
			{
			"res":"00018",
			"x":-119,
			"y":-112
			},
			{
			"res":"00019",
			"x":-120,
			"y":-113
			},
			{
			"res":"00020",
			"x":-120,
			"y":-120
			},
			{
			"res":"00021",
			"x":-119,
			"y":-112
			},
			{
			"res":"00022",
			"x":-118,
			"y":-114
			},
			{
			"res":"00023",
			"x":-117,
			"y":-114
			},
			{
			"res":"00024",
			"x":-111,
			"y":-113
			},
			{
			"res":"00025",
			"x":-109,
			"y":-113
			},
			{
			"res":"00026",
			"x":-98,
			"y":-110
			},
			{
			"res":"00027",
			"x":-85,
			"y":-109
			}
			]
}},
	"res":{
		"00020":{"x":518,"y":272,"w":230,"h":270},
		"00025":{"x":218,"y":1598,"w":211,"h":263},
		"00008":{"x":466,"y":544,"w":231,"h":261},
		"00017":{"x":460,"y":1071,"w":227,"h":263},
		"00009":{"x":699,"y":550,"w":231,"h":261},
		"00004":{"x":770,"y":0,"w":232,"h":285},
		"00010":{"x":233,"y":544,"w":231,"h":261},
		"00018":{"x":232,"y":807,"w":230,"h":262},
		"00002":{"x":267,"y":0,"w":249,"h":278},
		"00012":{"x":750,"y":287,"w":233,"h":261},
		"00007":{"x":0,"y":1089,"w":226,"h":261},
		"00014":{"x":0,"y":560,"w":230,"h":262},
		"00021":{"x":230,"y":1071,"w":228,"h":262},
		"00013":{"x":464,"y":807,"w":230,"h":262},
		"00026":{"x":431,"y":1602,"w":197,"h":256},
		"00016":{"x":0,"y":824,"w":228,"h":263},
		"00000":{"x":630,"y":1605,"w":190,"h":260},
		"00015":{"x":267,"y":280,"w":233,"h":262},
		"00011":{"x":696,"y":813,"w":230,"h":261},
		"00001":{"x":518,"y":0,"w":250,"h":270},
		"00024":{"x":0,"y":1352,"w":216,"h":263},
		"00022":{"x":689,"y":1076,"w":225,"h":264},
		"00023":{"x":456,"y":1336,"w":223,"h":264},
		"00027":{"x":822,"y":1605,"w":171,"h":240},
		"00003":{"x":0,"y":0,"w":265,"h":293},
		"00005":{"x":681,"y":1342,"w":223,"h":261},
		"00006":{"x":228,"y":1335,"w":226,"h":261},
		"00019":{"x":0,"y":295,"w":231,"h":263}
	}}