{"mc":{
	"rc_xueyu":{
		"frameRate":16,
		"labels":[
			{"name":"playani","frame":1,"end":16}
			
			],
		"events":[
			
			],
		"frames":[
			
			{
			"res":"00000",
			"x":-43,
			"y":-214
			},
			{
			"res":"00001",
			"x":-74,
			"y":-193
			},
			{
			"res":"00002",
			"x":-197,
			"y":-248
			},
			{
			"res":"00003",
			"x":-214,
			"y":-250
			},
			{
			"res":"00004",
			"x":-215,
			"y":-250
			},
			{
			"res":"00005",
			"x":-212,
			"y":-250
			},
			{
			"res":"00006",
			"x":-212,
			"y":-250
			},
			{
			"res":"00007",
			"x":-213,
			"y":-250
			},
			{
			"res":"00008",
			"x":-214,
			"y":-250
			},
			{
			"res":"00009",
			"x":-212,
			"y":-250
			},
			{
			"res":"00010",
			"x":-211,
			"y":-250
			},
			{
			"res":"00011",
			"x":-202,
			"y":-250
			},
			{
			"res":"00012",
			"x":-188,
			"y":-232
			},
			{
			"res":"00013",
			"x":-157,
			"y":-165
			},
			{
			"res":"00014",
			"x":-70,
			"y":-124
			},
			{
			"res":"00015",
			"x":-70,
			"y":-118
			}
			]
}},
	"res":{
		"00012":{"x":809,"y":1004,"w":377,"h":475},
		"00015":{"x":1713,"y":605,"w":174,"h":307},
		"00014":{"x":1719,"y":333,"w":207,"h":270},
		"00010":{"x":1286,"y":502,"w":425,"h":500},
		"00007":{"x":860,"y":0,"w":428,"h":500},
		"00004":{"x":0,"y":0,"w":428,"h":500},
		"00009":{"x":430,"y":0,"w":428,"h":500},
		"00001":{"x":1889,"y":605,"w":155,"h":303},
		"00003":{"x":1290,"y":0,"w":427,"h":500},
		"00000":{"x":1928,"y":333,"w":39,"h":66},
		"00011":{"x":0,"y":1004,"w":407,"h":500},
		"00002":{"x":409,"y":1004,"w":398,"h":498},
		"00008":{"x":429,"y":502,"w":427,"h":500},
		"00006":{"x":0,"y":502,"w":427,"h":500},
		"00013":{"x":1719,"y":0,"w":289,"h":331},
		"00005":{"x":858,"y":502,"w":426,"h":500}
	}}