{"mc":{
	"rc_xianzuxuemai":{
		"frameRate":25,
		"labels":[
			{"name":"playani","frame":1,"end":25}
			
			],
		"events":[
			
			],
		"frames":[
			
			{
			"res":"00000",
			"x":-112,
			"y":-112
			},
			{
			"res":"00001",
			"x":-112,
			"y":-112
			},
			{
			"res":"00002",
			"x":-112,
			"y":-112
			},
			{
			"res":"00003",
			"x":-112,
			"y":-112
			},
			{
			"res":"00004",
			"x":-112,
			"y":-112
			},
			{
			"res":"00005",
			"x":-112,
			"y":-112
			},
			{
			"res":"00006",
			"x":-112,
			"y":-112
			},
			{
			"res":"00007",
			"x":-112,
			"y":-112
			},
			{
			"res":"00008",
			"x":-112,
			"y":-112
			},
			{
			"res":"00009",
			"x":-112,
			"y":-112
			},
			{
			"res":"00010",
			"x":-112,
			"y":-112
			},
			{
			"res":"00011",
			"x":-105,
			"y":-109
			},
			{
			"res":"00012",
			"x":-99,
			"y":-103
			},
			{
			"res":"00013",
			"x":-93,
			"y":-97
			},
			{
			"res":"00014",
			"x":-69,
			"y":-112
			},
			{
			"res":"00015",
			"x":-69,
			"y":-112
			},
			{
			"res":"00016",
			"x":-69,
			"y":-112
			},
			{
			"res":"00017",
			"x":-69,
			"y":-112
			},
			{
			"res":"00018",
			"x":-69,
			"y":-112
			},
			{
			"res":"00019",
			"x":-69,
			"y":-112
			},
			{
			"res":"00020",
			"x":-69,
			"y":-112
			},
			{
			"res":"00021",
			"x":-69,
			"y":-112
			},
			{
			"res":"00022",
			"x":-69,
			"y":-112
			},
			{
			"res":"00023",
			"x":-69,
			"y":-112
			},
			{
			"res":"00024",
			"x":-67,
			"y":-112
			}
			]
}},
	"res":{
		"00018":{"x":181,"y":666,"w":137,"h":220},
		"00001":{"x":444,"y":0,"w":220,"h":220},
		"00013":{"x":0,"y":666,"w":179,"h":188},
		"00009":{"x":666,"y":0,"w":220,"h":220},
		"00007":{"x":222,"y":222,"w":220,"h":220},
		"00016":{"x":320,"y":666,"w":137,"h":220},
		"00019":{"x":181,"y":666,"w":137,"h":220},
		"00005":{"x":444,"y":222,"w":220,"h":220},
		"00006":{"x":0,"y":222,"w":220,"h":220},
		"00021":{"x":181,"y":666,"w":137,"h":220},
		"00004":{"x":666,"y":222,"w":220,"h":220},
		"00020":{"x":181,"y":666,"w":137,"h":220},
		"00022":{"x":181,"y":666,"w":137,"h":220},
		"00011":{"x":662,"y":444,"w":203,"h":212},
		"00015":{"x":855,"y":666,"w":137,"h":220},
		"00002":{"x":222,"y":0,"w":220,"h":220},
		"00010":{"x":444,"y":444,"w":216,"h":220},
		"00014":{"x":0,"y":856,"w":137,"h":220},
		"00000":{"x":222,"y":444,"w":220,"h":220},
		"00008":{"x":0,"y":444,"w":220,"h":220},
		"00003":{"x":0,"y":0,"w":220,"h":220},
		"00024":{"x":888,"y":0,"w":133,"h":220},
		"00017":{"x":459,"y":666,"w":137,"h":220},
		"00023":{"x":867,"y":444,"w":137,"h":220},
		"00012":{"x":662,"y":658,"w":191,"h":200}
	}}