{"mc":{
	"rc_xixue":{
		"frameRate":20,
		"labels":[
			{"name":"playani","frame":1,"end":20}
			
			],
		"events":[
			
			],
		"frames":[
			
			{
			"res":"00000",
			"x":-74,
			"y":-105
			},
			{
			"res":"00001",
			"x":-74,
			"y":-105
			},
			{
			"res":"00002",
			"x":-102,
			"y":-125
			},
			{
			"res":"00003",
			"x":-171,
			"y":-144
			},
			{
			"res":"00004",
			"x":-172,
			"y":-146
			},
			{
			"res":"00005",
			"x":-192,
			"y":-181
			},
			{
			"res":"00006",
			"x":-192,
			"y":-181
			},
			{
			"res":"00007",
			"x":-193,
			"y":-154
			},
			{
			"res":"00008",
			"x":-172,
			"y":-136
			},
			{
			"res":"00009",
			"x":-177,
			"y":-179
			},
			{
			"res":"00010",
			"x":-186,
			"y":-182
			},
			{
			"res":"00011",
			"x":-186,
			"y":-182
			},
			{
			"res":"00012",
			"x":-196,
			"y":-158
			},
			{
			"res":"00013",
			"x":-180,
			"y":-143
			},
			{
			"res":"00014",
			"x":-162,
			"y":-162
			},
			{
			"res":"00015",
			"x":-187,
			"y":-175
			},
			{
			"res":"00016",
			"x":-187,
			"y":-175
			},
			{
			"res":"00017",
			"x":-98,
			"y":-140
			},
			{
			"res":"00018",
			"x":-97,
			"y":-138
			},
			{
			"res":"00019",
			"x":-121,
			"y":-128
			}
			]
}},
	"res":{
		"00010":{"x":1084,"y":348,"w":338,"h":349},
		"00017":{"x":1817,"y":499,"w":195,"h":251},
		"00008":{"x":346,"y":355,"w":356,"h":322},
		"00006":{"x":732,"y":0,"w":350,"h":355},
		"00002":{"x":1804,"y":0,"w":216,"h":260},
		"00014":{"x":1084,"y":0,"w":351,"h":346},
		"00004":{"x":704,"y":357,"w":350,"h":324},
		"00012":{"x":1437,"y":331,"w":378,"h":316},
		"00009":{"x":378,"y":0,"w":352,"h":353},
		"00018":{"x":346,"y":679,"w":197,"h":248},
		"00019":{"x":1817,"y":262,"w":216,"h":235},
		"00005":{"x":732,"y":0,"w":350,"h":355},
		"00003":{"x":1424,"y":649,"w":303,"h":299},
		"00015":{"x":0,"y":341,"w":344,"h":344},
		"00000":{"x":545,"y":679,"w":147,"h":211},
		"00001":{"x":545,"y":679,"w":147,"h":211},
		"00016":{"x":0,"y":341,"w":344,"h":344},
		"00013":{"x":1437,"y":0,"w":365,"h":329},
		"00011":{"x":1084,"y":348,"w":338,"h":349},
		"00007":{"x":0,"y":0,"w":376,"h":339}
	}}