{"mc":{
	"rc_yazhi":{
		"frameRate":13,
		"labels":[
			{"name":"playani","frame":1,"end":12}
			
			],
		"events":[
			
			],
		"frames":[
			
			{
			"res":"00001",
			"x":-72,
			"y":-69
			},
			{
			"res":"00002",
			"x":-79,
			"y":-79
			},
			{
			"res":"00003",
			"x":-87,
			"y":-96
			},
			{
			"res":"00004",
			"x":-78,
			"y":-83
			},
			{
			"res":"00005",
			"x":-84,
			"y":-78
			},
			{
			"res":"00006",
			"x":-79,
			"y":-72
			},
			{
			"res":"00007",
			"x":-70,
			"y":-66
			},
			{
			"res":"00008",
			"x":-68,
			"y":-66
			},
			{
			"res":"00009",
			"x":-66,
			"y":-60
			},
			{
			"res":"00010",
			"x":-63,
			"y":-54
			},
			{
			"res":"00011",
			"x":-46,
			"y":-49
			},
			{
			"res":"00012",
			"x":-38,
			"y":-37
			}
			]
}},
	"res":{
		"00004":{"x":187,"y":0,"w":169,"h":170},
		"00009":{"x":0,"y":352,"w":127,"h":122},
		"00003":{"x":0,"y":0,"w":185,"h":190},
		"00001":{"x":358,"y":147,"w":144,"h":138},
		"00012":{"x":421,"y":422,"w":77,"h":84},
		"00007":{"x":355,"y":287,"w":145,"h":133},
		"00008":{"x":165,"y":336,"w":133,"h":131},
		"00010":{"x":300,"y":422,"w":119,"h":112},
		"00011":{"x":129,"y":469,"w":94,"h":100},
		"00006":{"x":358,"y":0,"w":152,"h":145},
		"00005":{"x":0,"y":192,"w":163,"h":158},
		"00002":{"x":187,"y":172,"w":166,"h":162}
	}}