{"mc":{
	"rc_zhiliaoshu":{
		"frameRate":24,
		"labels":[
			{"name":"playani","frame":1,"end":24}
			
			],
		"events":[
			
			],
		"frames":[
			
			{
			"res":"00000",
			"x":-48,
			"y":45
			},
			{
			"res":"00001",
			"x":-48,
			"y":-22
			},
			{
			"res":"00002",
			"x":-117,
			"y":-116
			},
			{
			"res":"00003",
			"x":-178,
			"y":-116
			},
			{
			"res":"00004",
			"x":-163,
			"y":-122
			},
			{
			"res":"00005",
			"x":-164,
			"y":-142
			},
			{
			"res":"00006",
			"x":-160,
			"y":-143
			},
			{
			"res":"00007",
			"x":-161,
			"y":-144
			},
			{
			"res":"00008",
			"x":-147,
			"y":-138
			},
			{
			"res":"00009",
			"x":-128,
			"y":-121
			},
			{
			"res":"00010",
			"x":-134,
			"y":-130
			},
			{
			"res":"00011",
			"x":-123,
			"y":-133
			},
			{
			"res":"00012",
			"x":-99,
			"y":-125
			},
			{
			"res":"00013",
			"x":-102,
			"y":-102
			},
			{
			"res":"00014",
			"x":-103,
			"y":-109
			},
			{
			"res":"00015",
			"x":-85,
			"y":-118
			},
			{
			"res":"00016",
			"x":-76,
			"y":-118
			},
			{
			"res":"00017",
			"x":-70,
			"y":-114
			},
			{
			"res":"00018",
			"x":-68,
			"y":-124
			},
			{
			"res":"00019",
			"x":-67,
			"y":-133
			},
			{
			"res":"00020",
			"x":-67,
			"y":-140
			},
			{
			"res":"00021",
			"x":-67,
			"y":-107
			},
			{
			"res":"00022",
			"x":-67,
			"y":-119
			},
			{
			"res":"00023",
			"x":11,
			"y":-127
			}
			]
}},
	"res":{
		"00008":{"x":1624,"y":0,"w":288,"h":279},
		"00022":{"x":1472,"y":529,"w":115,"h":95},
		"00000":{"x":898,"y":411,"w":44,"h":44},
		"00012":{"x":681,"y":308,"w":215,"h":234},
		"00015":{"x":233,"y":522,"w":185,"h":226},
		"00014":{"x":446,"y":310,"w":196,"h":217},
		"00003":{"x":0,"y":0,"w":360,"h":299},
		"00005":{"x":362,"y":0,"w":317,"h":308},
		"00007":{"x":1314,"y":0,"w":308,"h":299},
		"00013":{"x":233,"y":310,"w":211,"h":210},
		"00009":{"x":987,"y":288,"w":248,"h":249},
		"00023":{"x":2038,"y":0,"w":5,"h":88},
		"00016":{"x":420,"y":529,"w":167,"h":220},
		"00011":{"x":0,"y":301,"w":231,"h":242},
		"00002":{"x":1237,"y":301,"w":233,"h":231},
		"00017":{"x":1882,"y":281,"w":155,"h":216},
		"00021":{"x":1914,"y":149,"w":115,"h":101},
		"00004":{"x":987,"y":0,"w":325,"h":286},
		"00001":{"x":898,"y":308,"w":44,"h":101},
		"00018":{"x":1472,"y":301,"w":146,"h":226},
		"00019":{"x":1882,"y":499,"w":135,"h":214},
		"00020":{"x":1914,"y":0,"w":122,"h":147},
		"00010":{"x":1624,"y":281,"w":256,"h":254},
		"00006":{"x":681,"y":0,"w":304,"h":306}
	}}