{"mc":{
	"rc_zhanyi":{
		"frameRate":15,
		"labels":[
			{"name":"playani","frame":1,"end":15}
			
			],
		"events":[
			
			],
		"frames":[
			
			{
			"res":"00000",
			"x":-104,
			"y":-109
			},
			{
			"res":"00001",
			"x":-225,
			"y":-207
			},
			{
			"res":"00002",
			"x":-217,
			"y":-225
			},
			{
			"res":"00003",
			"x":-225,
			"y":-224
			},
			{
			"res":"00004",
			"x":-225,
			"y":-224
			},
			{
			"res":"00005",
			"x":-219,
			"y":-222
			},
			{
			"res":"00006",
			"x":-219,
			"y":-224
			},
			{
			"res":"00007",
			"x":-219,
			"y":-222
			},
			{
			"res":"00008",
			"x":-219,
			"y":-222
			},
			{
			"res":"00009",
			"x":-203,
			"y":-183
			},
			{
			"res":"00010",
			"x":-203,
			"y":-174
			},
			{
			"res":"00011",
			"x":-203,
			"y":-207
			},
			{
			"res":"00012",
			"x":-203,
			"y":-209
			},
			{
			"res":"00013",
			"x":-203,
			"y":-209
			},
			{
			"res":"00014",
			"x":-203,
			"y":-209
			}
			]
}},
	"res":{
		"00013":{"x":1300,"y":888,"w":394,"h":375},
		"00011":{"x":892,"y":864,"w":406,"h":373},
		"00012":{"x":396,"y":888,"w":394,"h":375},
		"00010":{"x":792,"y":1239,"w":402,"h":346},
		"00007":{"x":1348,"y":445,"w":444,"h":441},
		"00001":{"x":892,"y":452,"w":428,"h":410},
		"00003":{"x":452,"y":0,"w":450,"h":443},
		"00009":{"x":0,"y":1265,"w":381,"h":353},
		"00006":{"x":1348,"y":0,"w":444,"h":443},
		"00008":{"x":446,"y":445,"w":444,"h":441},
		"00005":{"x":0,"y":445,"w":444,"h":441},
		"00004":{"x":0,"y":0,"w":450,"h":443},
		"00000":{"x":1794,"y":0,"w":216,"h":214},
		"00002":{"x":904,"y":0,"w":442,"h":450},
		"00014":{"x":0,"y":888,"w":394,"h":375}
	}}