{"mc":{
	"rc_zhimingyiji":{
		"frameRate":14,
		"labels":[
			{"name":"playani","frame":1,"end":14}
			
			],
		"events":[
			
			],
		"frames":[
			
			{
			"res":"00000",
			"x":-190,
			"y":-190
			},
			{
			"res":"00001",
			"x":-190,
			"y":-190
			},
			{
			"res":"00002",
			"x":-190,
			"y":-190
			},
			{
			"res":"00003",
			"x":-190,
			"y":-190
			},
			{
			"res":"00004",
			"x":-190,
			"y":-190
			},
			{
			"res":"00005",
			"x":-187,
			"y":-190
			},
			{
			"res":"00006",
			"x":-150,
			"y":-186
			},
			{
			"res":"00007",
			"x":-151,
			"y":-171
			},
			{
			"res":"00008",
			"x":-152,
			"y":-172
			},
			{
			"res":"00009",
			"x":-127,
			"y":-150
			},
			{
			"res":"00010",
			"x":-94,
			"y":-114
			},
			{
			"res":"00011",
			"x":-69,
			"y":-103
			},
			{
			"res":"00012",
			"x":-69,
			"y":-103
			},
			{
			"res":"00013",
			"x":-69,
			"y":-103
			}
			]
}},
	"res":{
		"00010":{"x":764,"y":292,"w":190,"h":227},
		"00008":{"x":317,"y":1146,"w":292,"h":347},
		"00000":{"x":0,"y":0,"w":380,"h":380},
		"00009":{"x":764,"y":0,"w":250,"h":290},
		"00006":{"x":0,"y":1146,"w":315,"h":372},
		"00011":{"x":761,"y":937,"w":138,"h":206},
		"00013":{"x":764,"y":521,"w":138,"h":206},
		"00004":{"x":0,"y":764,"w":380,"h":380},
		"00002":{"x":382,"y":382,"w":380,"h":380},
		"00001":{"x":0,"y":382,"w":380,"h":380},
		"00003":{"x":382,"y":0,"w":380,"h":380},
		"00007":{"x":611,"y":1146,"w":294,"h":344},
		"00012":{"x":764,"y":729,"w":138,"h":206},
		"00005":{"x":382,"y":764,"w":377,"h":380}
	}}