{"file":"combatRecordSheet.png","frames":{
"a28x28_0":{"x":0,"y":328,"w":28,"h":28,"offX":0,"offY":0,"sourceW":28,"sourceH":28},
"a28x28_1":{"x":479,"y":206,"w":28,"h":28,"offX":0,"offY":0,"sourceW":28,"sourceH":28},
"a28x28_2":{"x":449,"y":206,"w":28,"h":28,"offX":0,"offY":0,"sourceW":28,"sourceH":28},
"a28x28_3":{"x":479,"y":176,"w":28,"h":28,"offX":0,"offY":0,"sourceW":28,"sourceH":28},
"a28x28_4":{"x":449,"y":176,"w":28,"h":28,"offX":0,"offY":0,"sourceW":28,"sourceH":28},
"a86x86_0":{"x":88,"y":156,"w":86,"h":86,"offX":0,"offY":0,"sourceW":86,"sourceH":86},
"a86x86_1":{"x":0,"y":156,"w":86,"h":86,"offX":0,"offY":0,"sourceW":86,"sourceH":86},
"a86x86_2":{"x":266,"y":132,"w":86,"h":86,"offX":0,"offY":0,"sourceW":86,"sourceH":86},
"a86x86_3":{"x":412,"y":88,"w":86,"h":86,"offX":0,"offY":0,"sourceW":86,"sourceH":86},
"a86x86_4":{"x":412,"y":0,"w":86,"h":86,"offX":0,"offY":0,"sourceW":86,"sourceH":86},
"a130x130_0":{"x":280,"y":0,"w":130,"h":130,"offX":0,"offY":0,"sourceW":130,"sourceH":130},
"bai":{"x":429,"y":253,"w":72,"h":72,"offX":0,"offY":0,"sourceW":72,"sourceH":72},
"exp":{"x":354,"y":132,"w":36,"h":36,"offX":0,"offY":0,"sourceW":36,"sourceH":36},
"line":{"x":243,"y":156,"w":20,"h":2,"offX":0,"offY":0,"sourceW":20,"sourceH":2},
"shengli":{"x":429,"y":327,"w":68,"h":70,"offX":0,"offY":2,"sourceW":72,"sourceH":72},
"shibai":{"x":354,"y":176,"w":93,"h":75,"offX":1,"offY":1,"sourceW":94,"sourceH":76},
"t_duizhanjilu":{"x":176,"y":220,"w":167,"h":41,"offX":1,"offY":1,"sourceW":168,"sourceH":42},
"vs":{"x":176,"y":156,"w":65,"h":35,"offX":1,"offY":1,"sourceW":66,"sourceH":36},
"y1":{"x":84,"y":244,"w":82,"h":82,"offX":0,"offY":0,"sourceW":82,"sourceH":82},
"y2":{"x":0,"y":244,"w":82,"h":82,"offX":0,"offY":0,"sourceW":82,"sourceH":82},
"y3":{"x":252,"y":263,"w":82,"h":82,"offX":0,"offY":0,"sourceW":82,"sourceH":82},
"y4":{"x":168,"y":263,"w":82,"h":82,"offX":0,"offY":0,"sourceW":82,"sourceH":82},
"y5":{"x":345,"y":253,"w":82,"h":82,"offX":0,"offY":0,"sourceW":82,"sourceH":82},
"zuoan00":{"x":0,"y":78,"w":264,"h":76,"offX":0,"offY":0,"sourceW":278,"sourceH":76},
"zuoan01":{"x":0,"y":0,"w":278,"h":76,"offX":0,"offY":0,"sourceW":278,"sourceH":76}}}