{"file":"hallImg0Sheet.png","frames":{
"a101x101":{"x":802,"y":0,"w":101,"h":101,"offX":0,"offY":0,"sourceW":101,"sourceH":101},
"a160x35":{"x":332,"y":404,"w":160,"h":35,"offX":0,"offY":0,"sourceW":160,"sourceH":35},
"a170x20":{"x":676,"y":405,"w":182,"h":16,"offX":0,"offY":0,"sourceW":182,"sourceH":16},
"a199x41":{"x":880,"y":198,"w":100,"h":54,"offX":0,"offY":0,"sourceW":100,"sourceH":54},
"a199x42":{"x":802,"y":103,"w":199,"h":41,"offX":0,"offY":1,"sourceW":199,"sourceH":42},
"a304x55":{"x":658,"y":348,"w":304,"h":55,"offX":0,"offY":0,"sourceW":304,"sourceH":55},
"a346x154":{"x":0,"y":286,"w":330,"h":171,"offX":0,"offY":1,"sourceW":330,"sourceH":172},
"a800x90":{"x":0,"y":118,"w":800,"h":90,"offX":0,"offY":0,"sourceW":800,"sourceH":90},
"a800x142":{"x":0,"y":0,"w":800,"h":116,"offX":0,"offY":0,"sourceW":800,"sourceH":142},
"a872x34":{"x":0,"y":459,"w":872,"h":34,"offX":0,"offY":0,"sourceW":872,"sourceH":34},
"anniu00":{"x":974,"y":254,"w":46,"h":46,"offX":0,"offY":0,"sourceW":46,"sourceH":46},
"anniu01":{"x":966,"y":146,"w":46,"h":46,"offX":0,"offY":0,"sourceW":46,"sourceH":46},
"b18x20":{"x":1003,"y":118,"w":18,"h":20,"offX":0,"offY":0,"sourceW":18,"sourceH":20},
"b800x142":{"x":0,"y":210,"w":800,"h":74,"offX":0,"offY":34,"sourceW":800,"sourceH":142},
"c800x142":{"x":332,"y":286,"w":584,"h":60,"offX":108,"offY":41,"sourceW":800,"sourceH":142},
"hp":{"x":494,"y":405,"w":180,"h":20,"offX":0,"offY":0,"sourceW":180,"sourceH":20},
"w162x50":{"x":802,"y":146,"w":162,"h":50,"offX":0,"offY":0,"sourceW":162,"sourceH":50},
"zuokuanga":{"x":964,"y":310,"w":54,"h":54,"offX":0,"offY":0,"sourceW":54,"sourceH":54},
"zuokuangb":{"x":332,"y":348,"w":324,"h":54,"offX":0,"offY":0,"sourceW":324,"sourceH":54},
"zuokuangc":{"x":918,"y":254,"w":54,"h":54,"offX":0,"offY":0,"sourceW":54,"sourceH":54},
"a18x20":{"x":1003,"y":96,"w":18,"h":20,"offX":0,"offY":0,"sourceW":18,"sourceH":20},
"a34x36":{"x":982,"y":194,"w":34,"h":36,"offX":0,"offY":0,"sourceW":34,"sourceH":36},
"a36x36":{"x":964,"y":366,"w":44,"h":46,"offX":0,"offY":0,"sourceW":44,"sourceH":46},
"a36x36_1":{"x":860,"y":405,"w":42,"h":46,"offX":1,"offY":0,"sourceW":44,"sourceH":46},
"a42x26":{"x":918,"y":310,"w":42,"h":26,"offX":0,"offY":0,"sourceW":42,"sourceH":26},
"a76x76":{"x":802,"y":198,"w":76,"h":76,"offX":0,"offY":0,"sourceW":76,"sourceH":76},
"a98x94":{"x":905,"y":0,"w":98,"h":94,"offX":0,"offY":0,"sourceW":98,"sourceH":94}}}