{"file":"hallText0Sheet.png","frames":{
"yy01":{"x":268,"y":403,"w":64,"h":29,"offX":0,"offY":1,"sourceW":64,"sourceH":30},
"yy00":{"x":694,"y":391,"w":64,"h":29,"offX":0,"offY":1,"sourceW":64,"sourceH":30},
"yxye01":{"x":461,"y":192,"w":151,"h":34,"offX":0,"offY":0,"sourceW":182,"sourceH":34},
"yxye00":{"x":308,"y":192,"w":151,"h":34,"offX":0,"offY":0,"sourceW":182,"sourceH":34},
"xtgg":{"x":898,"y":230,"w":114,"h":37,"offX":0,"offY":1,"sourceW":114,"sourceH":38},
"xiyou01":{"x":946,"y":156,"w":76,"h":38,"offX":0,"offY":0,"sourceW":76,"sourceH":38},
"xiyou00":{"x":825,"y":312,"w":76,"h":38,"offX":0,"offY":0,"sourceW":76,"sourceH":38},
"xitong2":{"x":268,"y":434,"w":40,"h":24,"offX":0,"offY":0,"sourceW":40,"sourceH":24},
"xitong":{"x":472,"y":431,"w":40,"h":24,"offX":0,"offY":0,"sourceW":40,"sourceH":24},
"wuxing1":{"x":609,"y":422,"w":51,"h":26,"offX":1,"offY":0,"sourceW":52,"sourceH":26},
"tu01":{"x":968,"y":422,"w":36,"h":36,"offX":1,"offY":1,"sourceW":38,"sourceH":38},
"tu00":{"x":714,"y":422,"w":36,"h":36,"offX":1,"offY":1,"sourceW":38,"sourceH":38},
"t_huishou":{"x":474,"y":295,"w":82,"h":40,"offX":0,"offY":2,"sourceW":82,"sourceH":42},
"t_duihuan":{"x":571,"y":267,"w":83,"h":41,"offX":1,"offY":1,"sourceW":84,"sourceH":42},
"sy01":{"x":282,"y":331,"w":64,"h":29,"offX":0,"offY":1,"sourceW":64,"sourceH":30},
"sy00":{"x":628,"y":391,"w":64,"h":29,"offX":0,"offY":1,"sourceW":64,"sourceH":30},
"sx_1":{"x":976,"y":43,"w":36,"h":69,"offX":0,"offY":1,"sourceW":36,"sourceH":70},
"sx_0":{"x":360,"y":365,"w":36,"h":69,"offX":0,"offY":1,"sourceW":36,"sourceH":70},
"spgm":{"x":0,"y":303,"w":118,"h":28,"offX":0,"offY":0,"sourceW":118,"sourceH":28},
"smz":{"x":472,"y":406,"w":67,"h":23,"offX":1,"offY":1,"sourceW":68,"sourceH":24},
"smbh":{"x":154,"y":192,"w":152,"h":34,"offX":0,"offY":0,"sourceW":182,"sourceH":34},
"sjxq":{"x":232,"y":301,"w":118,"h":28,"offX":0,"offY":0,"sourceW":118,"sourceH":28},
"shui01":{"x":973,"y":383,"w":38,"h":37,"offX":0,"offY":1,"sourceW":38,"sourceH":38},
"shui00":{"x":760,"y":391,"w":38,"h":37,"offX":0,"offY":1,"sourceW":38,"sourceH":38},
"shishi01":{"x":895,"y":352,"w":76,"h":36,"offX":0,"offY":1,"sourceW":76,"sourceH":38},
"shishi00":{"x":817,"y":352,"w":76,"h":36,"offX":0,"offY":1,"sourceW":76,"sourceH":38},
"shilianchou":{"x":304,"y":228,"w":124,"h":41,"offX":0,"offY":0,"sourceW":124,"sourceH":42},
"shezhi":{"x":549,"y":405,"w":58,"h":28,"offX":0,"offY":0,"sourceW":58,"sourceH":28},
"shengminggdd01":{"x":388,"y":117,"w":192,"h":37,"offX":0,"offY":1,"sourceW":192,"sourceH":38},
"shengminggdd00":{"x":194,"y":117,"w":192,"h":37,"offX":0,"offY":1,"sourceW":192,"sourceH":38},
"shengmingddg01":{"x":0,"y":95,"w":192,"h":37,"offX":0,"offY":1,"sourceW":192,"sourceH":38},
"shengmingddg00":{"x":776,"y":78,"w":192,"h":37,"offX":0,"offY":1,"sourceW":192,"sourceH":38},
"shenghua01":{"x":429,"y":337,"w":76,"h":37,"offX":0,"offY":1,"sourceW":76,"sourceH":38},
"shenghua00":{"x":0,"y":333,"w":76,"h":37,"offX":0,"offY":1,"sourceW":76,"sourceH":38},
"shangcheng":{"x":826,"y":269,"w":83,"h":41,"offX":1,"offY":1,"sourceW":84,"sourceH":42},
"quanwuxing01":{"x":781,"y":230,"w":115,"h":37,"offX":0,"offY":1,"sourceW":116,"sourceH":38},
"quanwuxing00":{"x":664,"y":228,"w":115,"h":37,"offX":0,"offY":1,"sourceW":116,"sourceH":38},
"quanpinzhi01":{"x":547,"y":228,"w":115,"h":37,"offX":0,"offY":1,"sourceW":116,"sourceH":38},
"quanpinzhi00":{"x":430,"y":228,"w":115,"h":37,"offX":0,"offY":1,"sourceW":116,"sourceH":38},
"qbye01":{"x":0,"y":206,"w":150,"h":34,"offX":0,"offY":0,"sourceW":182,"sourceH":34},
"qbye00":{"x":614,"y":192,"w":150,"h":34,"offX":0,"offY":0,"sourceW":182,"sourceH":34},
"qbdz":{"x":152,"y":228,"w":150,"h":34,"offX":0,"offY":0,"sourceW":182,"sourceH":34},
"putong01":{"x":204,"y":331,"w":76,"h":37,"offX":0,"offY":1,"sourceW":76,"sourceH":38},
"putong00":{"x":78,"y":345,"w":76,"h":37,"offX":0,"offY":1,"sourceW":76,"sourceH":38},
"peizhikazu":{"x":849,"y":0,"w":166,"h":41,"offX":0,"offY":1,"sourceW":166,"sourceH":42},
"mu01":{"x":891,"y":417,"w":37,"h":37,"offX":0,"offY":0,"sourceW":38,"sourceH":38},
"mu00":{"x":152,"y":416,"w":37,"h":37,"offX":0,"offY":0,"sourceW":38,"sourceH":38},
"kehuodeyingxiong":{"x":430,"y":267,"w":139,"h":26,"offX":0,"offY":0,"sourceW":140,"sourceH":26},
"kazuming":{"x":549,"y":378,"w":77,"h":25,"offX":1,"offY":1,"sourceW":78,"sourceH":26},
"kazu":{"x":911,"y":269,"w":82,"h":41,"offX":0,"offY":1,"sourceW":82,"sourceH":42},
"kapai":{"x":656,"y":267,"w":83,"h":41,"offX":1,"offY":1,"sourceW":84,"sourceH":42},
"jueseshenji":{"x":232,"y":271,"w":119,"h":28,"offX":1,"offY":0,"sourceW":120,"sourceH":28},
"jn_1":{"x":231,"y":370,"w":35,"h":70,"offX":0,"offY":0,"sourceW":36,"sourceH":70},
"jn_0":{"x":194,"y":370,"w":35,"h":70,"offX":0,"offY":0,"sourceW":36,"sourceH":70},
"jineng0":{"x":872,"y":156,"w":72,"h":72,"offX":0,"offY":0,"sourceW":72,"sourceH":72},
"jin01":{"x":930,"y":417,"w":36,"h":36,"offX":1,"offY":1,"sourceW":38,"sourceH":38},
"jin00":{"x":852,"y":418,"w":36,"h":36,"offX":1,"offY":1,"sourceW":38,"sourceH":38},
"jibanshuoming":{"x":120,"y":303,"w":82,"h":40,"offX":0,"offY":0,"sourceW":82,"sourceH":40},
"jiban":{"x":662,"y":422,"w":50,"h":26,"offX":0,"offY":0,"sourceW":50,"sourceH":26},
"jb_1":{"x":980,"y":312,"w":36,"h":69,"offX":0,"offY":1,"sourceW":36,"sourceH":70},
"jb_0":{"x":156,"y":345,"w":36,"h":69,"offX":0,"offY":1,"sourceW":36,"sourceH":70},
"huo01":{"x":74,"y":412,"w":37,"h":37,"offX":0,"offY":1,"sourceW":38,"sourceH":38},
"huo00":{"x":113,"y":412,"w":37,"h":37,"offX":0,"offY":1,"sourceW":38,"sourceH":38},
"huishouxinxi":{"x":558,"y":310,"w":109,"h":27,"offX":1,"offY":1,"sourceW":110,"sourceH":28},
"hp":{"x":546,"y":435,"w":39,"h":21,"offX":0,"offY":1,"sourceW":39,"sourceH":22},
"hongdian":{"x":514,"y":431,"w":30,"h":30,"offX":0,"offY":0,"sourceW":30,"sourceH":30},
"hd":{"x":310,"y":434,"w":40,"h":24,"offX":0,"offY":0,"sourceW":40,"sourceH":24},
"goumaishuliang":{"x":849,"y":43,"w":125,"h":30,"offX":1,"offY":0,"sourceW":126,"sourceH":30},
"gongjigdd01":{"x":582,"y":78,"w":192,"h":37,"offX":0,"offY":1,"sourceW":192,"sourceH":38},
"gongjigdd00":{"x":388,"y":78,"w":192,"h":37,"offX":0,"offY":1,"sourceW":192,"sourceH":38},
"gongjiddg01":{"x":194,"y":78,"w":192,"h":37,"offX":0,"offY":1,"sourceW":192,"sourceH":38},
"gongjiddg00":{"x":0,"y":56,"w":192,"h":37,"offX":0,"offY":1,"sourceW":192,"sourceH":38},
"gailvshuoming":{"x":353,"y":295,"w":119,"h":28,"offX":1,"offY":0,"sourceW":120,"sourceH":28},
"feiyonggdd01":{"x":655,"y":39,"w":192,"h":37,"offX":0,"offY":1,"sourceW":192,"sourceH":38},
"feiyonggdd00":{"x":461,"y":39,"w":192,"h":37,"offX":0,"offY":1,"sourceW":192,"sourceH":38},
"feiyongddg01":{"x":267,"y":39,"w":192,"h":37,"offX":0,"offY":1,"sourceW":192,"sourceH":38},
"feiyongddg00":{"x":655,"y":0,"w":192,"h":37,"offX":0,"offY":1,"sourceW":192,"sourceH":38},
"exp":{"x":353,"y":271,"w":52,"h":21,"offX":0,"offY":1,"sourceW":52,"sourceH":22},
"djbh":{"x":0,"y":170,"w":152,"h":34,"offX":0,"offY":0,"sourceW":182,"sourceH":34},
"daishu3":{"x":968,"y":117,"w":53,"h":34,"offX":1,"offY":0,"sourceW":54,"sourceH":34},
"daishu2":{"x":800,"y":418,"w":50,"h":27,"offX":2,"offY":3,"sourceW":54,"sourceH":34},
"daishu1":{"x":752,"y":430,"w":43,"h":27,"offX":4,"offY":3,"sourceW":54,"sourceH":34},
"chushou01":{"x":37,"y":372,"w":35,"h":69,"offX":0,"offY":0,"sourceW":36,"sourceH":70},
"chushou00":{"x":0,"y":372,"w":35,"h":69,"offX":0,"offY":0,"sourceW":36,"sourceH":70},
"chuanqipinzhi":{"x":0,"y":0,"w":265,"h":54,"offX":0,"offY":0,"sourceW":266,"sourceH":54},
"chuanqi01":{"x":663,"y":352,"w":75,"h":37,"offX":0,"offY":0,"sourceW":76,"sourceH":38},
"chuanqi00":{"x":740,"y":352,"w":75,"h":37,"offX":0,"offY":0,"sourceW":76,"sourceH":38},
"beibao":{"x":741,"y":269,"w":83,"h":41,"offX":0,"offY":1,"sourceW":84,"sourceH":42},
"bag_quanbu01":{"x":507,"y":339,"w":76,"h":37,"offX":0,"offY":1,"sourceW":76,"sourceH":38},
"bag_quanbu00":{"x":585,"y":339,"w":76,"h":37,"offX":0,"offY":1,"sourceW":76,"sourceH":38},
"bag_qita01":{"x":282,"y":365,"w":76,"h":36,"offX":2,"offY":0,"sourceW":78,"sourceH":36},
"bag_qita00":{"x":781,"y":192,"w":77,"h":36,"offX":1,"offY":0,"sourceW":78,"sourceH":36},
"bag_paibei01":{"x":352,"y":325,"w":75,"h":38,"offX":1,"offY":0,"sourceW":76,"sourceH":38},
"bag_paibei00":{"x":903,"y":312,"w":75,"h":38,"offX":1,"offY":0,"sourceW":76,"sourceH":38},
"bag_jingyanshu01":{"x":0,"y":242,"w":114,"h":37,"offX":0,"offY":1,"sourceW":114,"sourceH":38},
"bag_jingyanshu00":{"x":116,"y":264,"w":114,"h":37,"offX":0,"offY":1,"sourceW":114,"sourceH":38},
"bag_changjing01":{"x":669,"y":312,"w":76,"h":38,"offX":0,"offY":0,"sourceW":76,"sourceH":38},
"bag_changjing00":{"x":747,"y":312,"w":76,"h":38,"offX":0,"offY":0,"sourceW":76,"sourceH":38},
"zrdyx01":{"x":356,"y":156,"w":170,"h":34,"offX":0,"offY":0,"sourceW":170,"sourceH":34},
"zrdyx00":{"x":184,"y":156,"w":170,"h":34,"offX":0,"offY":0,"sourceW":170,"sourceH":34},
"zongzhanli":{"x":74,"y":384,"w":73,"h":26,"offX":1,"offY":0,"sourceW":74,"sourceH":26},
"zonghp":{"x":472,"y":378,"w":75,"h":26,"offX":1,"offY":0,"sourceW":76,"sourceH":26},
"zongfeiyong":{"x":817,"y":390,"w":72,"h":26,"offX":0,"offY":0,"sourceW":72,"sourceH":26},
"zongcost":{"x":891,"y":390,"w":74,"h":25,"offX":0,"offY":1,"sourceW":74,"sourceH":26},
"zongatk":{"x":946,"y":196,"w":75,"h":26,"offX":1,"offY":0,"sourceW":76,"sourceH":26},
"zhanshi00":{"x":435,"y":376,"w":35,"h":69,"offX":1,"offY":1,"sourceW":36,"sourceH":70},
"zhanshi":{"x":398,"y":376,"w":35,"h":69,"offX":1,"offY":1,"sourceW":36,"sourceH":70},
"zhanligdd01":{"x":582,"y":117,"w":191,"h":37,"offX":0,"offY":1,"sourceW":192,"sourceH":38},
"zhanligdd00":{"x":775,"y":117,"w":191,"h":37,"offX":0,"offY":1,"sourceW":192,"sourceH":38},
"zhanliddg01":{"x":267,"y":0,"w":192,"h":37,"offX":0,"offY":1,"sourceW":192,"sourceH":38},
"zhanliddg00":{"x":461,"y":0,"w":192,"h":37,"offX":0,"offY":1,"sourceW":192,"sourceH":38},
"zfybh":{"x":0,"y":134,"w":182,"h":34,"offX":0,"offY":0,"sourceW":182,"sourceH":34},
"zcdqb01":{"x":528,"y":156,"w":170,"h":34,"offX":0,"offY":0,"sourceW":170,"sourceH":34},
"zcdqb00":{"x":700,"y":156,"w":170,"h":34,"offX":0,"offY":0,"sourceW":170,"sourceH":34}}}