{"file":"introducehero.png","frames":{
"COL00000024":{"x":774,"y":271,"w":33,"h":75,"offX":2,"offY":22,"sourceW":36,"sourceH":118},
"COL00000025":{"x":844,"y":115,"w":33,"h":76,"offX":2,"offY":21,"sourceW":36,"sourceH":118},
"COL00000026":{"x":879,"y":0,"w":34,"h":76,"offX":1,"offY":21,"sourceW":36,"sourceH":118},
"COL00000027":{"x":984,"y":233,"w":33,"h":75,"offX":2,"offY":22,"sourceW":36,"sourceH":118},
"COL00000028":{"x":985,"y":78,"w":33,"h":76,"offX":2,"offY":21,"sourceW":36,"sourceH":118},
"COL00000029":{"x":914,"y":385,"w":32,"h":76,"offX":2,"offY":21,"sourceW":36,"sourceH":118},
"COL00000030":{"x":809,"y":347,"w":33,"h":74,"offX":2,"offY":22,"sourceW":36,"sourceH":118},
"COL00000031":{"x":844,"y":347,"w":32,"h":76,"offX":2,"offY":21,"sourceW":36,"sourceH":118},
"COL00000032":{"x":844,"y":0,"w":33,"h":113,"offX":2,"offY":3,"sourceW":36,"sourceH":118},
"COL00000033":{"x":774,"y":0,"w":33,"h":115,"offX":2,"offY":2,"sourceW":36,"sourceH":118},
"COL00000034":{"x":915,"y":0,"w":34,"h":75,"offX":1,"offY":22,"sourceW":36,"sourceH":118},
"COL00000035":{"x":844,"y":193,"w":33,"h":75,"offX":2,"offY":22,"sourceW":36,"sourceH":118},
"COL00000036":{"x":809,"y":193,"w":33,"h":75,"offX":2,"offY":22,"sourceW":36,"sourceH":118},
"COL00000037":{"x":949,"y":310,"w":33,"h":74,"offX":2,"offY":22,"sourceW":36,"sourceH":118},
"COL00000038":{"x":986,"y":0,"w":33,"h":76,"offX":2,"offY":21,"sourceW":36,"sourceH":118},
"COL00000039":{"x":949,"y":156,"w":33,"h":75,"offX":2,"offY":22,"sourceW":36,"sourceH":118},
"di":{"x":390,"y":0,"w":382,"h":572,"offX":3,"offY":12,"sourceW":388,"sourceH":596},
"kuang":{"x":0,"y":0,"w":388,"h":596,"offX":0,"offY":0,"sourceW":388,"sourceH":596},
"COL00000000":{"x":774,"y":117,"w":33,"h":75,"offX":3,"offY":21,"sourceW":36,"sourceH":118},
"COL00000001":{"x":844,"y":270,"w":33,"h":75,"offX":3,"offY":22,"sourceW":36,"sourceH":118},
"COL00000002":{"x":809,"y":270,"w":33,"h":75,"offX":2,"offY":21,"sourceW":36,"sourceH":118},
"COL00000003":{"x":949,"y":233,"w":33,"h":75,"offX":2,"offY":22,"sourceW":36,"sourceH":118},
"COL00000004":{"x":950,"y":78,"w":33,"h":76,"offX":2,"offY":21,"sourceW":36,"sourceH":118},
"COL00000005":{"x":879,"y":78,"w":33,"h":76,"offX":2,"offY":21,"sourceW":36,"sourceH":118},
"COL00000006":{"x":774,"y":194,"w":33,"h":75,"offX":2,"offY":21,"sourceW":36,"sourceH":118},
"COL00000007":{"x":982,"y":386,"w":32,"h":75,"offX":2,"offY":22,"sourceW":36,"sourceH":118},
"COL00000008":{"x":984,"y":156,"w":33,"h":75,"offX":2,"offY":22,"sourceW":36,"sourceH":118},
"COL00000009":{"x":878,"y":386,"w":32,"h":76,"offX":2,"offY":21,"sourceW":36,"sourceH":118},
"COL00000010":{"x":879,"y":310,"w":33,"h":74,"offX":2,"offY":22,"sourceW":36,"sourceH":118},
"COL00000011":{"x":915,"y":77,"w":33,"h":76,"offX":2,"offY":21,"sourceW":36,"sourceH":118},
"COL00000012":{"x":914,"y":155,"w":33,"h":75,"offX":2,"offY":22,"sourceW":36,"sourceH":118},
"COL00000013":{"x":809,"y":0,"w":33,"h":113,"offX":2,"offY":3,"sourceW":36,"sourceH":118},
"COL00000014":{"x":809,"y":115,"w":33,"h":76,"offX":2,"offY":21,"sourceW":36,"sourceH":118},
"COL00000015":{"x":914,"y":309,"w":33,"h":74,"offX":2,"offY":22,"sourceW":36,"sourceH":118},
"COL00000016":{"x":948,"y":386,"w":32,"h":75,"offX":2,"offY":22,"sourceW":36,"sourceH":118},
"COL00000017":{"x":774,"y":348,"w":32,"h":76,"offX":2,"offY":21,"sourceW":36,"sourceH":118},
"COL00000018":{"x":984,"y":310,"w":33,"h":74,"offX":2,"offY":22,"sourceW":36,"sourceH":118},
"COL00000019":{"x":879,"y":156,"w":33,"h":75,"offX":2,"offY":22,"sourceW":36,"sourceH":118},
"COL00000020":{"x":951,"y":0,"w":33,"h":76,"offX":2,"offY":21,"sourceW":36,"sourceH":118},
"COL00000021":{"x":914,"y":232,"w":33,"h":75,"offX":2,"offY":22,"sourceW":36,"sourceH":118},
"COL00000022":{"x":879,"y":233,"w":33,"h":75,"offX":2,"offY":22,"sourceW":36,"sourceH":118},
"COL00000023":{"x":808,"y":423,"w":32,"h":75,"offX":2,"offY":22,"sourceW":36,"sourceH":118}}}