{"file":"combatText0Sheet.png","frames":{
"youxijijiangkaishi":{"x":0,"y":131,"w":1029,"h":128,"offX":1,"offY":0,"sourceW":1030,"sourceH":128},
"zzl00":{"x":1060,"y":0,"w":245,"h":47,"offX":1,"offY":1,"sourceW":246,"sourceH":48},
"ddwjjr":{"x":0,"y":0,"w":1058,"h":129,"offX":0,"offY":1,"sourceW":1058,"sourceH":130},
"dian":{"x":2015,"y":0,"w":18,"h":17,"offX":0,"offY":1,"sourceW":18,"sourceH":18},
"duanxian":{"x":1307,"y":0,"w":113,"h":49,"offX":1,"offY":1,"sourceW":114,"sourceH":50},
"duifang":{"x":1823,"y":26,"w":155,"h":24,"offX":1,"offY":0,"sourceW":156,"sourceH":24},
"jsjy":{"x":1422,"y":0,"w":155,"h":32,"offX":1,"offY":0,"sourceW":156,"sourceH":32},
"kpjy":{"x":1697,"y":0,"w":124,"h":32,"offX":32,"offY":0,"sourceW":156,"sourceH":32},
"shengyu":{"x":1422,"y":34,"w":83,"h":21,"offX":1,"offY":1,"sourceW":84,"sourceH":22},
"vs":{"x":1980,"y":0,"w":33,"h":19,"offX":1,"offY":1,"sourceW":34,"sourceH":20},
"wofang":{"x":1823,"y":0,"w":155,"h":24,"offX":1,"offY":0,"sourceW":156,"sourceH":24},
"xwgb":{"x":1579,"y":0,"w":116,"h":35,"offX":1,"offY":1,"sourceW":118,"sourceH":36}}}