{
    "language": {
        "HallSkin":{
            "lbl_0":"活动暂未开放"
        },
        "CardGroupSkin":{
            "lbl_0":"卡组1",
            "lbl_1":"卡组2",
            "lbl_2":"卡组3"
        },
        "CardGroupSetSkin": {
            "lbl_0":"战力高到低",
            "lbl_1":"战力低到高",
            "lbl_2":"攻击高到低",
            "lbl_3":"攻击低到高",
            "lbl_4":"生命高到低",
            "lbl_5":"生命低到高",
            "lbl_6":"费用高到低",
            "lbl_7":"费用低到高",
            "lbl_8":"全品质",
            "lbl_9":"普通",
            "lbl_10":"稀有",
            "lbl_11":"史诗",
            "lbl_12":"传说",
            "lbl_13":"神话",
            "lbl_14":"全五行",
            "lbl_15":"金",
            "lbl_16":"木",
            "lbl_17":"水",
            "lbl_18":"火",
            "lbl_19":"土",
            "lbl_20":"保存成功",
            "lbl_21":"返回卡组",
            "lbl_22":"继续配置",
            "lbl_23":"保存失败!卡组名称不能为空!",
            "lbl_24":"保存失败!队伍的cost大于用户目前最大的cost!"
        },
        "CGDetailSkin":{
            "lbl_0":"卡牌属性",
            "lbl_1":"卡牌技能",
            "lbl_2":"可组羁绊",
            "lbl_3":"%s代 %s星",
            "lbl_4":"品质: ",
            "lbl_5":"星级: ",
            "lbl_6":"战力: ",
            "lbl_7":"费用: ",
            "lbl_8":"等待回合: ",
            "lbl_9":"生命: ",
            "lbl_10":"攻击: ",
            "lbl_11":"命中率: ",
            "lbl_12":"闪避率: ",
            "lbl_13":"暴击率: ",
            "lbl_14":"暴击倍数: ",
            "lbl_15":"回复: "
        },
        "CGDSkillItemSkin":{
            "lbl_0":"被动技能",
            "lbl_1":"主动技能"
        },
        "CGDFetterItemSkin":{
            "lbl_0":"效果：",
            "lbl_1":"组成："
        },
        "RoleUpgradeSkin":{
            "lbl_0":"当前等级:",
            "lbl_1":"当前经验:",
            "lbl_2":"所需材料:",
            "lbl_3":"材料不足，请前往商城购买",
            "lbl_4":"已达到满级,使用失败!"
        },
        "CGCardItemSkin":{
            "lbl_0":"解锁"
        },
        "CGSCardItemSkin":{
            "lbl_0":"解锁"
        },
        "RecycleSkin":{
            "lbl_0":"战力高到低",
            "lbl_1":"战力低到高",
            "lbl_2":"攻击高到低",
            "lbl_3":"攻击低到高",
            "lbl_4":"生命高到低",
            "lbl_5":"生命低到高",
            "lbl_6":"费用高到低",
            "lbl_7":"费用低到高",
            "lbl_8":"全品质",
            "lbl_9":"普通",
            "lbl_10":"稀有",
            "lbl_11":"史诗",
            "lbl_12":"传说",
            "lbl_13":"神话",
            "lbl_14":"全五行",
            "lbl_15":"金",
            "lbl_16":"木",
            "lbl_17":"水",
            "lbl_18":"火",
            "lbl_19":"土",
            "lbl_20":"当前选择%s张卡牌，其中\n",
            "lbl_21":"普通品质：%s张\n",
            "lbl_22":"稀有品质：%s张\n",
            "lbl_23":"史诗品质：%s张\n",
            "lbl_24":"传奇品质：%s张\n",
            "lbl_25":"神话品质：%s张\n",
            "lbl_26":"总价值：",
            "lbl_27":"XWG实时价格：",
            "lbl_28":"请先选择需要回收卡牌!",
            "lbl_29":"回收后，卡牌将移除，不能被找回。\n是否确定回收当前所选卡牌",
            "lbl_30":"确定",
            "lbl_31":"取消",
            "lbl_32":"回收成功!\n回收价格：",
            "lbl_33":"回收失败!"
        },
        "CardSkin":{
            "lbl_0":"战力高到低",
            "lbl_1":"战力低到高",
            "lbl_2":"攻击高到低",
            "lbl_3":"攻击低到高",
            "lbl_4":"生命高到低",
            "lbl_5":"生命低到高",
            "lbl_6":"费用高到低",
            "lbl_7":"费用低到高",
            "lbl_8":"全品质",
            "lbl_9":"普通",
            "lbl_10":"稀有",
            "lbl_11":"史诗",
            "lbl_12":"传说",
            "lbl_13":"神话",
            "lbl_14":"全五行",
            "lbl_15":"金",
            "lbl_16":"木",
            "lbl_17":"水",
            "lbl_18":"火",
            "lbl_19":"土"
        },
        "MatchingSkin":{
            "lbl_0":"温馨提示:",
            "lbl_1":"点击下面按钮可关闭界面"
        }

    }
}