{"file":"cardCommonImg4Sheet.png","frames":{
"sk_b4":{"x":64,"y":128,"w":62,"h":62,"offX":0,"offY":0,"sourceW":62,"sourceH":62},
"sk_b5":{"x":0,"y":128,"w":62,"h":62,"offX":0,"offY":0,"sourceW":62,"sourceH":62},
"sk_b1":{"x":64,"y":64,"w":62,"h":62,"offX":0,"offY":0,"sourceW":62,"sourceH":62},
"sk_b2":{"x":0,"y":64,"w":62,"h":62,"offX":0,"offY":0,"sourceW":62,"sourceH":62},
"sk_b3":{"x":64,"y":0,"w":62,"h":62,"offX":0,"offY":0,"sourceW":62,"sourceH":62},
"sk_linshi":{"x":0,"y":0,"w":62,"h":62,"offX":0,"offY":0,"sourceW":62,"sourceH":62}}}