{"file":"jibanshuoming.png","frames":{
"daoyin":{"x":97,"y":460,"w":156,"h":46,"offX":0,"offY":0,"sourceW":156,"sourceH":46},
"djb01":{"x":661,"y":182,"w":108,"h":108,"offX":11,"offY":9,"sourceW":130,"sourceH":130},
"djb02":{"x":771,"y":182,"w":104,"h":112,"offX":13,"offY":6,"sourceW":130,"sourceH":130},
"djb03":{"x":761,"y":396,"w":84,"h":91,"offX":19,"offY":20,"sourceW":130,"sourceH":130},
"djb04":{"x":847,"y":444,"w":70,"h":107,"offX":31,"offY":9,"sourceW":130,"sourceH":130},
"djb05":{"x":570,"y":396,"w":79,"h":107,"offX":26,"offY":8,"sourceW":130,"sourceH":130},
"djb06":{"x":97,"y":364,"w":99,"h":94,"offX":16,"offY":12,"sourceW":130,"sourceH":130},
"djb07":{"x":0,"y":364,"w":95,"h":100,"offX":15,"offY":12,"sourceW":130,"sourceH":130},
"djb08":{"x":299,"y":364,"w":88,"h":102,"offX":21,"offY":9,"sourceW":130,"sourceH":130},
"djb09":{"x":389,"y":364,"w":87,"h":101,"offX":21,"offY":13,"sourceW":130,"sourceH":130},
"djb10":{"x":478,"y":396,"w":90,"h":97,"offX":20,"offY":11,"sourceW":130,"sourceH":130},
"djb11":{"x":877,"y":227,"w":107,"h":105,"offX":11,"offY":9,"sourceW":130,"sourceH":130},
"djb12":{"x":865,"y":334,"w":88,"h":108,"offX":21,"offY":6,"sourceW":130,"sourceH":130},
"djb13":{"x":761,"y":296,"w":102,"h":98,"offX":15,"offY":13,"sourceW":130,"sourceH":130},
"djb14":{"x":546,"y":293,"w":101,"h":101,"offX":14,"offY":12,"sourceW":130,"sourceH":130},
"djb15":{"x":651,"y":489,"w":111,"h":63,"offX":10,"offY":31,"sourceW":130,"sourceH":130},
"djb16":{"x":546,"y":182,"w":113,"h":109,"offX":9,"offY":6,"sourceW":130,"sourceH":130},
"djb17":{"x":661,"y":292,"w":98,"h":109,"offX":17,"offY":9,"sourceW":130,"sourceH":130},
"djb18":{"x":910,"y":116,"w":109,"h":109,"offX":10,"offY":10,"sourceW":130,"sourceH":130},
"djb19":{"x":198,"y":364,"w":99,"h":93,"offX":13,"offY":16,"sourceW":130,"sourceH":130},
"djb20":{"x":651,"y":403,"w":104,"h":79,"offX":12,"offY":25,"sourceW":130,"sourceH":130},
"djb21":{"x":910,"y":0,"w":110,"h":114,"offX":10,"offY":4,"sourceW":130,"sourceH":130},
"jbB_0":{"x":364,"y":182,"w":180,"h":180,"offX":0,"offY":0,"sourceW":180,"sourceH":180},
"jbB_1":{"x":182,"y":182,"w":180,"h":180,"offX":0,"offY":0,"sourceW":180,"sourceH":180},
"jbG_0":{"x":0,"y":182,"w":180,"h":180,"offX":0,"offY":0,"sourceW":180,"sourceH":180},
"jbG_1":{"x":728,"y":0,"w":180,"h":180,"offX":0,"offY":0,"sourceW":180,"sourceH":180},
"jbR_0":{"x":546,"y":0,"w":180,"h":180,"offX":0,"offY":0,"sourceW":180,"sourceH":180},
"jbR_1":{"x":364,"y":0,"w":180,"h":180,"offX":0,"offY":0,"sourceW":180,"sourceH":180},
"jbY_0":{"x":182,"y":0,"w":180,"h":180,"offX":0,"offY":0,"sourceW":180,"sourceH":180},
"jbY_1":{"x":0,"y":0,"w":180,"h":180,"offX":0,"offY":0,"sourceW":180,"sourceH":180},
"kuang":{"x":255,"y":468,"w":168,"h":42,"offX":0,"offY":0,"sourceW":168,"sourceH":42}}}