{"file":"newcardpanel.png","frames":{
"guanbi00":{"x":738,"y":415,"w":66,"h":66,"offX":3,"offY":6,"sourceW":72,"sourceH":72},
"guanbi01":{"x":670,"y":415,"w":66,"h":66,"offX":3,"offY":6,"sourceW":72,"sourceH":72},
"jineng1":{"x":892,"y":325,"w":72,"h":72,"offX":0,"offY":0,"sourceW":72,"sourceH":72},
"jineng2":{"x":818,"y":325,"w":72,"h":72,"offX":0,"offY":0,"sourceW":72,"sourceH":72},
"jineng3":{"x":744,"y":325,"w":72,"h":72,"offX":0,"offY":0,"sourceW":72,"sourceH":72},
"jineng4":{"x":670,"y":325,"w":72,"h":72,"offX":0,"offY":0,"sourceW":72,"sourceH":72},
"jineng5":{"x":939,"y":193,"w":72,"h":72,"offX":0,"offY":0,"sourceW":72,"sourceH":72},
"jingdu00":{"x":1000,"y":147,"w":21,"h":36,"offX":1,"offY":0,"sourceW":22,"sourceH":36},
"jingdu01":{"x":670,"y":167,"w":328,"h":24,"offX":0,"offY":0,"sourceW":328,"sourceH":24},
"jingdu02":{"x":670,"y":303,"w":325,"h":20,"offX":2,"offY":2,"sourceW":328,"sourceH":24},
"jingdu03":{"x":670,"y":399,"w":336,"h":14,"offX":22,"offY":9,"sourceW":380,"sourceH":32},
"kabeitietu":{"x":390,"y":0,"w":278,"h":570,"offX":0,"offY":0,"sourceW":278,"sourceH":570},
"kakuang":{"x":670,"y":0,"w":164,"h":165,"offX":0,"offY":1,"sourceW":164,"sourceH":166},
"kuang-jiban":{"x":836,"y":0,"w":98,"h":140,"offX":0,"offY":0,"sourceW":98,"sourceH":140},
"qizhi":{"x":0,"y":0,"w":388,"h":608,"offX":0,"offY":0,"sourceW":388,"sourceH":608},
"star0":{"x":939,"y":267,"w":30,"h":31,"offX":5,"offY":19,"sourceW":40,"sourceH":70},
"star1":{"x":971,"y":267,"w":30,"h":30,"offX":5,"offY":19,"sourceW":40,"sourceH":70},
"star2":{"x":936,"y":110,"w":40,"h":39,"offX":0,"offY":15,"sourceW":40,"sourceH":70},
"suo":{"x":743,"y":193,"w":76,"h":84,"offX":0,"offY":0,"sourceW":76,"sourceH":84},
"xuanzhong0":{"x":966,"y":325,"w":30,"h":30,"offX":4,"offY":4,"sourceW":38,"sourceH":38},
"xuanzhong1":{"x":978,"y":110,"w":35,"h":35,"offX":1,"offY":0,"sourceW":38,"sourceH":38},
"yeqian00":{"x":821,"y":193,"w":57,"h":108,"offX":0,"offY":0,"sourceW":72,"sourceH":108},
"yeqian01":{"x":936,"y":0,"w":71,"h":108,"offX":0,"offY":0,"sourceW":72,"sourceH":108},
"yeqian02":{"x":880,"y":193,"w":57,"h":108,"offX":0,"offY":0,"sourceW":72,"sourceH":108},
"yeqian03":{"x":670,"y":193,"w":71,"h":108,"offX":0,"offY":0,"sourceW":72,"sourceH":108}}}