{"file":"skill.png","frames":{
"shanghaijiashen":{"x":148,"y":444,"w":72,"h":72,"offX":0,"offY":0,"sourceW":72,"sourceH":72},
"shengmingchouqu":{"x":74,"y":444,"w":72,"h":72,"offX":0,"offY":0,"sourceW":72,"sourceH":72},
"shenmingqianghua":{"x":0,"y":444,"w":72,"h":72,"offX":0,"offY":0,"sourceW":72,"sourceH":72},
"shiguangjiasu":{"x":888,"y":370,"w":72,"h":72,"offX":0,"offY":0,"sourceW":72,"sourceH":72},
"shixue":{"x":814,"y":370,"w":72,"h":72,"offX":0,"offY":0,"sourceW":72,"sourceH":72},
"shouhu":{"x":740,"y":370,"w":72,"h":72,"offX":0,"offY":0,"sourceW":72,"sourceH":72},
"shuaijie":{"x":666,"y":370,"w":72,"h":72,"offX":0,"offY":0,"sourceW":72,"sourceH":72},
"shuaijieguanghuan":{"x":592,"y":370,"w":72,"h":72,"offX":0,"offY":0,"sourceW":72,"sourceH":72},
"shuailao":{"x":518,"y":370,"w":72,"h":72,"offX":0,"offY":0,"sourceW":72,"sourceH":72},
"tainxuanzhizi":{"x":444,"y":370,"w":72,"h":72,"offX":0,"offY":0,"sourceW":72,"sourceH":72},
"toudu":{"x":370,"y":370,"w":72,"h":72,"offX":0,"offY":0,"sourceW":72,"sourceH":72},
"wanqiang":{"x":296,"y":370,"w":72,"h":72,"offX":0,"offY":0,"sourceW":72,"sourceH":72},
"xianzuxuemai":{"x":222,"y":370,"w":72,"h":72,"offX":0,"offY":0,"sourceW":72,"sourceH":72},
"xingfen":{"x":148,"y":370,"w":72,"h":72,"offX":0,"offY":0,"sourceW":72,"sourceH":72},
"xisheng":{"x":74,"y":370,"w":72,"h":72,"offX":0,"offY":0,"sourceW":72,"sourceH":72},
"xixue":{"x":0,"y":370,"w":72,"h":72,"offX":0,"offY":0,"sourceW":72,"sourceH":72},
"xixueguanghuan":{"x":888,"y":296,"w":72,"h":72,"offX":0,"offY":0,"sourceW":72,"sourceH":72},
"xueji":{"x":814,"y":296,"w":72,"h":72,"offX":0,"offY":0,"sourceW":72,"sourceH":72},
"xueruo":{"x":740,"y":296,"w":72,"h":72,"offX":0,"offY":0,"sourceW":72,"sourceH":72},
"xuhua":{"x":666,"y":296,"w":72,"h":72,"offX":0,"offY":0,"sourceW":72,"sourceH":72},
"xuruo":{"x":592,"y":296,"w":72,"h":72,"offX":0,"offY":0,"sourceW":72,"sourceH":72},
"xuruoguanghuan":{"x":518,"y":296,"w":72,"h":72,"offX":0,"offY":0,"sourceW":72,"sourceH":72},
"xushi":{"x":444,"y":296,"w":72,"h":72,"offX":0,"offY":0,"sourceW":72,"sourceH":72},
"yazhi":{"x":370,"y":296,"w":72,"h":72,"offX":0,"offY":0,"sourceW":72,"sourceH":72},
"yazhiguanghuan":{"x":296,"y":296,"w":72,"h":72,"offX":0,"offY":0,"sourceW":72,"sourceH":72},
"yuxue":{"x":222,"y":296,"w":72,"h":72,"offX":0,"offY":0,"sourceW":72,"sourceH":72},
"zhanyi":{"x":148,"y":296,"w":72,"h":72,"offX":0,"offY":0,"sourceW":72,"sourceH":72},
"zhiliaoqianghua":{"x":74,"y":296,"w":72,"h":72,"offX":0,"offY":0,"sourceW":72,"sourceH":72},
"zhiliaoshu":{"x":0,"y":296,"w":72,"h":72,"offX":0,"offY":0,"sourceW":72,"sourceH":72},
"zhimang":{"x":888,"y":222,"w":72,"h":72,"offX":0,"offY":0,"sourceW":72,"sourceH":72},
"zhimingyiji":{"x":814,"y":222,"w":72,"h":72,"offX":0,"offY":0,"sourceW":72,"sourceH":72},
"zhongji":{"x":740,"y":222,"w":72,"h":72,"offX":0,"offY":0,"sourceW":72,"sourceH":72},
"zuzhou":{"x":666,"y":222,"w":72,"h":72,"offX":0,"offY":0,"sourceW":72,"sourceH":72},
"baoji":{"x":592,"y":222,"w":72,"h":72,"offX":0,"offY":0,"sourceW":72,"sourceH":72},
"bendai":{"x":518,"y":222,"w":72,"h":72,"offX":0,"offY":0,"sourceW":72,"sourceH":72},
"bingdong":{"x":444,"y":222,"w":72,"h":72,"offX":0,"offY":0,"sourceW":72,"sourceH":72},
"busi":{"x":370,"y":222,"w":72,"h":72,"offX":0,"offY":0,"sourceW":72,"sourceH":72},
"chaofeng":{"x":296,"y":222,"w":72,"h":72,"offX":0,"offY":0,"sourceW":72,"sourceH":72},
"chenmo":{"x":222,"y":222,"w":72,"h":72,"offX":0,"offY":0,"sourceW":72,"sourceH":72},
"chongfeng":{"x":148,"y":222,"w":72,"h":72,"offX":0,"offY":0,"sourceW":72,"sourceH":72},
"chonghui":{"x":74,"y":222,"w":72,"h":72,"offX":0,"offY":0,"sourceW":72,"sourceH":72},
"chongsheng":{"x":0,"y":222,"w":72,"h":72,"offX":0,"offY":0,"sourceW":72,"sourceH":72},
"chujue":{"x":888,"y":148,"w":72,"h":72,"offX":0,"offY":0,"sourceW":72,"sourceH":72},
"cisha":{"x":814,"y":148,"w":72,"h":72,"offX":0,"offY":0,"sourceW":72,"sourceH":72},
"dazhiliaoshu":{"x":740,"y":148,"w":72,"h":72,"offX":0,"offY":0,"sourceW":72,"sourceH":72},
"duochonggongji":{"x":666,"y":148,"w":72,"h":72,"offX":0,"offY":0,"sourceW":72,"sourceH":72},
"fangxue":{"x":592,"y":148,"w":72,"h":72,"offX":0,"offY":0,"sourceW":72,"sourceH":72},
"fangyuhudun":{"x":518,"y":148,"w":72,"h":72,"offX":0,"offY":0,"sourceW":72,"sourceH":72},
"fanji":{"x":444,"y":148,"w":72,"h":72,"offX":0,"offY":0,"sourceW":72,"sourceH":72},
"fantan":{"x":370,"y":148,"w":72,"h":72,"offX":0,"offY":0,"sourceW":72,"sourceH":72},
"fuchou":{"x":296,"y":148,"w":72,"h":72,"offX":0,"offY":0,"sourceW":72,"sourceH":72},
"fudaigongji":{"x":222,"y":148,"w":72,"h":72,"offX":0,"offY":0,"sourceW":72,"sourceH":72},
"fuhuoshu":{"x":148,"y":148,"w":72,"h":72,"offX":0,"offY":0,"sourceW":72,"sourceH":72},
"gedang":{"x":74,"y":148,"w":72,"h":72,"offX":0,"offY":0,"sourceW":72,"sourceH":72},
"guhua":{"x":0,"y":148,"w":72,"h":72,"offX":0,"offY":0,"sourceW":72,"sourceH":72},
"guwu":{"x":888,"y":74,"w":72,"h":72,"offX":0,"offY":0,"sourceW":72,"sourceH":72},
"huoli":{"x":814,"y":74,"w":72,"h":72,"offX":0,"offY":0,"sourceW":72,"sourceH":72},
"huti":{"x":740,"y":74,"w":72,"h":72,"offX":0,"offY":0,"sourceW":72,"sourceH":72},
"huzhu":{"x":666,"y":74,"w":72,"h":72,"offX":0,"offY":0,"sourceW":72,"sourceH":72},
"jianshegongji":{"x":592,"y":74,"w":72,"h":72,"offX":0,"offY":0,"sourceW":72,"sourceH":72},
"jiaoxie":{"x":518,"y":74,"w":72,"h":72,"offX":0,"offY":0,"sourceW":72,"sourceH":72},
"jiaozheng":{"x":444,"y":74,"w":72,"h":72,"offX":0,"offY":0,"sourceW":72,"sourceH":72},
"jikui":{"x":370,"y":74,"w":72,"h":72,"offX":0,"offY":0,"sourceW":72,"sourceH":72},
"jinji":{"x":296,"y":74,"w":72,"h":72,"offX":0,"offY":0,"sourceW":72,"sourceH":72},
"jinjidun":{"x":222,"y":74,"w":72,"h":72,"offX":0,"offY":0,"sourceW":72,"sourceH":72},
"jinjiguanghuan":{"x":148,"y":74,"w":72,"h":72,"offX":0,"offY":0,"sourceW":72,"sourceH":72},
"juduwaike":{"x":74,"y":74,"w":72,"h":72,"offX":0,"offY":0,"sourceW":72,"sourceH":72},
"juji":{"x":0,"y":74,"w":72,"h":72,"offX":0,"offY":0,"sourceW":72,"sourceH":72},
"lianji":{"x":888,"y":0,"w":72,"h":72,"offX":0,"offY":0,"sourceW":72,"sourceH":72},
"lingqiaoshu":{"x":814,"y":0,"w":72,"h":72,"offX":0,"offY":0,"sourceW":72,"sourceH":72},
"meihuo":{"x":740,"y":0,"w":72,"h":72,"offX":0,"offY":0,"sourceW":72,"sourceH":72},
"pikan":{"x":666,"y":0,"w":72,"h":72,"offX":0,"offY":0,"sourceW":72,"sourceH":72},
"qiangji":{"x":592,"y":0,"w":72,"h":72,"offX":0,"offY":0,"sourceW":72,"sourceH":72},
"qiangjiguanghuan":{"x":518,"y":0,"w":72,"h":72,"offX":0,"offY":0,"sourceW":72,"sourceH":72},
"qidao":{"x":444,"y":0,"w":72,"h":72,"offX":0,"offY":0,"sourceW":72,"sourceH":72},
"qinwang":{"x":370,"y":0,"w":72,"h":72,"offX":0,"offY":0,"sourceW":72,"sourceH":72},
"qishe":{"x":296,"y":0,"w":72,"h":72,"offX":0,"offY":0,"sourceW":72,"sourceH":72},
"quantui":{"x":222,"y":0,"w":72,"h":72,"offX":0,"offY":0,"sourceW":72,"sourceH":72},
"rechen":{"x":148,"y":0,"w":72,"h":72,"offX":0,"offY":0,"sourceW":72,"sourceH":72},
"rechenguanghuan":{"x":74,"y":0,"w":72,"h":72,"offX":0,"offY":0,"sourceW":72,"sourceH":72},
"shanghaifengyin":{"x":0,"y":0,"w":72,"h":72,"offX":0,"offY":0,"sourceW":72,"sourceH":72}}}