{"file":"hallText0Sheet.png","frames":{
"bag_changjing00":{"x":393,"y":332,"w":118,"h":32,"offX":0,"offY":0,"sourceW":118,"sourceH":32},
"zongzhanli":{"x":436,"y":376,"w":124,"h":21,"offX":0,"offY":1,"sourceW":124,"sourceH":22},
"zonghp":{"x":865,"y":414,"w":89,"h":24,"offX":1,"offY":0,"sourceW":90,"sourceH":24},
"zongfeiyong":{"x":83,"y":381,"w":113,"h":21,"offX":1,"offY":2,"sourceW":114,"sourceH":24},
"zongcost":{"x":562,"y":376,"w":113,"h":21,"offX":1,"offY":2,"sourceW":114,"sourceH":24},
"zongatk":{"x":170,"y":412,"w":102,"h":21,"offX":0,"offY":2,"sourceW":102,"sourceH":24},
"zhanligdd01":{"x":207,"y":56,"w":205,"h":34,"offX":1,"offY":0,"sourceW":206,"sourceH":34},
"zhanligdd00":{"x":0,"y":44,"w":205,"h":34,"offX":1,"offY":0,"sourceW":206,"sourceH":34},
"zhanliddg01":{"x":0,"y":80,"w":204,"h":34,"offX":1,"offY":0,"sourceW":206,"sourceH":34},
"zhanliddg00":{"x":414,"y":56,"w":204,"h":34,"offX":1,"offY":0,"sourceW":206,"sourceH":34},
"zfybh":{"x":433,"y":92,"w":165,"h":29,"offX":1,"offY":1,"sourceW":166,"sourceH":30},
"xtgg":{"x":620,"y":86,"w":186,"h":36,"offX":0,"offY":0,"sourceW":186,"sourceH":36},
"xiyou01":{"x":937,"y":467,"w":52,"h":28,"offX":0,"offY":0,"sourceW":52,"sourceH":28},
"xiyou00":{"x":689,"y":467,"w":52,"h":28,"offX":0,"offY":0,"sourceW":52,"sourceH":28},
"xitong2":{"x":599,"y":430,"w":82,"h":24,"offX":0,"offY":0,"sourceW":82,"sourceH":24},
"xitong":{"x":515,"y":426,"w":82,"h":24,"offX":0,"offY":0,"sourceW":82,"sourceH":24},
"wuxing1":{"x":274,"y":429,"w":98,"h":21,"offX":0,"offY":2,"sourceW":98,"sourceH":24},
"tu01":{"x":273,"y":292,"w":59,"h":28,"offX":1,"offY":0,"sourceW":60,"sourceH":28},
"tu00":{"x":305,"y":452,"w":59,"h":28,"offX":1,"offY":0,"sourceW":60,"sourceH":28},
"t_huishou":{"x":844,"y":0,"w":150,"h":41,"offX":0,"offY":0,"sourceW":150,"sourceH":41},
"sx_1":{"x":515,"y":452,"w":69,"h":26,"offX":1,"offY":0,"sourceW":70,"sourceH":26},
"sx_0":{"x":234,"y":452,"w":69,"h":26,"offX":1,"offY":0,"sourceW":70,"sourceH":26},
"spgm":{"x":117,"y":355,"w":129,"h":24,"offX":1,"offY":0,"sourceW":130,"sourceH":24},
"smz":{"x":714,"y":227,"w":33,"h":19,"offX":0,"offY":0,"sourceW":34,"sourceH":20},
"smbh":{"x":642,"y":467,"w":45,"h":34,"offX":1,"offY":0,"sourceW":46,"sourceH":34},
"sjxq":{"x":799,"y":155,"w":215,"h":29,"offX":1,"offY":1,"sourceW":216,"sourceH":30},
"shui01":{"x":374,"y":431,"w":69,"h":28,"offX":1,"offY":0,"sourceW":70,"sourceH":28},
"shui00":{"x":93,"y":431,"w":69,"h":28,"offX":1,"offY":0,"sourceW":70,"sourceH":28},
"shishi01":{"x":366,"y":461,"w":48,"h":33,"offX":0,"offY":1,"sourceW":48,"sourceH":34},
"shishi00":{"x":972,"y":387,"w":48,"h":33,"offX":0,"offY":1,"sourceW":48,"sourceH":34},
"shilianchou":{"x":186,"y":188,"w":183,"h":33,"offX":1,"offY":1,"sourceW":184,"sourceH":34},
"shengminggdd01":{"x":546,"y":227,"w":166,"h":34,"offX":0,"offY":0,"sourceW":166,"sourceH":34},
"shengminggdd00":{"x":175,"y":223,"w":166,"h":34,"offX":0,"offY":0,"sourceW":166,"sourceH":34},
"shengmingddg01":{"x":343,"y":255,"w":165,"h":34,"offX":1,"offY":0,"sourceW":166,"sourceH":34},
"shengmingddg00":{"x":714,"y":248,"w":165,"h":34,"offX":1,"offY":0,"sourceW":166,"sourceH":34},
"shenghua01":{"x":510,"y":263,"w":140,"h":34,"offX":0,"offY":0,"sourceW":140,"sourceH":34},
"shenghua00":{"x":652,"y":284,"w":140,"h":34,"offX":0,"offY":0,"sourceW":140,"sourceH":34},
"shangcheng":{"x":794,"y":284,"w":84,"h":33,"offX":0,"offY":1,"sourceW":84,"sourceH":34},
"quanwuxing01":{"x":117,"y":325,"w":136,"h":28,"offX":0,"offY":0,"sourceW":136,"sourceH":28},
"quanwuxing00":{"x":255,"y":325,"w":136,"h":28,"offX":0,"offY":0,"sourceW":136,"sourceH":28},
"quanpinzhi01":{"x":646,"y":346,"w":131,"h":28,"offX":1,"offY":0,"sourceW":132,"sourceH":28},
"quanpinzhi00":{"x":513,"y":346,"w":131,"h":28,"offX":1,"offY":0,"sourceW":132,"sourceH":28},
"putong01":{"x":248,"y":355,"w":103,"h":28,"offX":1,"offY":0,"sourceW":104,"sourceH":28},
"putong00":{"x":878,"y":357,"w":103,"h":28,"offX":1,"offY":0,"sourceW":104,"sourceH":28},
"peizhikazu":{"x":0,"y":0,"w":381,"h":42,"offX":1,"offY":0,"sourceW":382,"sourceH":42},
"mu01":{"x":445,"y":431,"w":68,"h":28,"offX":0,"offY":0,"sourceW":68,"sourceH":28},
"mu00":{"x":164,"y":435,"w":68,"h":28,"offX":0,"offY":0,"sourceW":68,"sourceH":28},
"kehuodeyingxiong":{"x":774,"y":222,"w":233,"h":24,"offX":1,"offY":0,"sourceW":234,"sourceH":24},
"kazuming":{"x":743,"y":469,"w":59,"h":21,"offX":1,"offY":1,"sourceW":60,"sourceH":22},
"kazu":{"x":779,"y":354,"w":97,"h":33,"offX":1,"offY":1,"sourceW":98,"sourceH":34},
"kapai":{"x":0,"y":324,"w":115,"h":34,"offX":1,"offY":0,"sourceW":116,"sourceH":34},
"jueseshenji":{"x":206,"y":92,"w":225,"h":29,"offX":1,"offY":1,"sourceW":226,"sourceH":30},
"jn_1":{"x":416,"y":461,"w":59,"h":26,"offX":1,"offY":0,"sourceW":60,"sourceH":26},
"jn_0":{"x":138,"y":465,"w":59,"h":26,"offX":1,"offY":0,"sourceW":60,"sourceH":26},
"jin01":{"x":955,"y":248,"w":64,"h":28,"offX":0,"offY":0,"sourceW":64,"sourceH":28},
"jin00":{"x":955,"y":278,"w":64,"h":28,"offX":0,"offY":0,"sourceW":64,"sourceH":28},
"jiban":{"x":295,"y":482,"w":50,"h":21,"offX":0,"offY":2,"sourceW":50,"sourceH":24},
"jb_1":{"x":937,"y":440,"w":72,"h":25,"offX":0,"offY":1,"sourceW":72,"sourceH":26},
"jb_0":{"x":780,"y":442,"w":72,"h":25,"offX":0,"offY":1,"sourceW":72,"sourceH":26},
"huo01":{"x":804,"y":469,"w":42,"h":28,"offX":0,"offY":0,"sourceW":42,"sourceH":28},
"huo00":{"x":251,"y":480,"w":42,"h":28,"offX":0,"offY":0,"sourceW":42,"sourceH":28},
"huishouxinxi":{"x":371,"y":191,"w":225,"h":26,"offX":0,"offY":0,"sourceW":225,"sourceH":26},
"hp":{"x":983,"y":357,"w":39,"h":21,"offX":0,"offY":1,"sourceW":39,"sourceH":22},
"hongdian":{"x":985,"y":186,"w":30,"h":30,"offX":0,"offY":0,"sourceW":30,"sourceH":30},
"hd":{"x":780,"y":416,"w":82,"h":24,"offX":0,"offY":0,"sourceW":82,"sourceH":24},
"goumaishuliang":{"x":784,"y":322,"w":132,"h":30,"offX":0,"offY":0,"sourceW":132,"sourceH":30},
"gongjigdd01":{"x":841,"y":43,"w":174,"h":34,"offX":0,"offY":0,"sourceW":174,"sourceH":34},
"gongjigdd00":{"x":598,"y":191,"w":174,"h":34,"offX":0,"offY":0,"sourceW":174,"sourceH":34},
"gongjiddg01":{"x":371,"y":219,"w":173,"h":34,"offX":1,"offY":0,"sourceW":174,"sourceH":34},
"gongjiddg00":{"x":0,"y":221,"w":173,"h":34,"offX":1,"offY":0,"sourceW":174,"sourceH":34},
"gailvshuoming":{"x":611,"y":320,"w":171,"h":24,"offX":1,"offY":0,"sourceW":172,"sourceH":24},
"feiyonggdd01":{"x":425,"y":155,"w":185,"h":34,"offX":1,"offY":0,"sourceW":186,"sourceH":34},
"feiyonggdd00":{"x":612,"y":155,"w":185,"h":34,"offX":1,"offY":0,"sourceW":186,"sourceH":34},
"feiyongddg01":{"x":799,"y":186,"w":184,"h":34,"offX":1,"offY":0,"sourceW":186,"sourceH":34},
"feiyongddg00":{"x":0,"y":185,"w":184,"h":34,"offX":1,"offY":0,"sourceW":186,"sourceH":34},
"exp":{"x":519,"y":480,"w":52,"h":21,"offX":0,"offY":1,"sourceW":52,"sourceH":22},
"djbh":{"x":477,"y":480,"w":40,"h":29,"offX":0,"offY":1,"sourceW":40,"sourceH":30},
"chuanqipinzhi":{"x":383,"y":0,"w":265,"h":54,"offX":1,"offY":0,"sourceW":266,"sourceH":54},
"chuanqi01":{"x":0,"y":360,"w":81,"h":34,"offX":1,"offY":0,"sourceW":82,"sourceH":34},
"chuanqi00":{"x":353,"y":366,"w":81,"h":34,"offX":1,"offY":0,"sourceW":82,"sourceH":34},
"beibao":{"x":650,"y":43,"w":189,"h":41,"offX":1,"offY":1,"sourceW":190,"sourceH":42},
"bag_quanbu01":{"x":586,"y":456,"w":54,"h":30,"offX":0,"offY":1,"sourceW":54,"sourceH":32},
"bag_quanbu00":{"x":82,"y":461,"w":54,"h":30,"offX":0,"offY":1,"sourceW":54,"sourceH":32},
"bag_qita01":{"x":0,"y":290,"w":133,"h":32,"offX":1,"offY":0,"sourceW":134,"sourceH":32},
"bag_qita00":{"x":338,"y":291,"w":133,"h":32,"offX":1,"offY":0,"sourceW":134,"sourceH":32},
"bag_paibei01":{"x":808,"y":86,"w":197,"h":32,"offX":1,"offY":0,"sourceW":198,"sourceH":32},
"bag_paibei00":{"x":226,"y":154,"w":197,"h":32,"offX":1,"offY":0,"sourceW":198,"sourceH":32},
"bag_jingyanshu01":{"x":0,"y":396,"w":77,"h":30,"offX":1,"offY":1,"sourceW":78,"sourceH":32},
"bag_jingyanshu00":{"x":436,"y":399,"w":77,"h":30,"offX":1,"offY":1,"sourceW":78,"sourceH":32},
"bag_changjing01":{"x":904,"y":120,"w":118,"h":32,"offX":0,"offY":0,"sourceW":118,"sourceH":32},
"shezhi":{"x":199,"y":480,"w":50,"h":24,"offX":0,"offY":0,"sourceW":50,"sourceH":24},
"sy00":{"x":771,"y":389,"w":92,"h":25,"offX":0,"offY":1,"sourceW":92,"sourceH":26},
"sy01":{"x":878,"y":387,"w":92,"h":25,"offX":0,"offY":1,"sourceW":92,"sourceH":26},
"yy00":{"x":79,"y":404,"w":89,"h":25,"offX":1,"offY":1,"sourceW":90,"sourceH":26},
"yy01":{"x":606,"y":403,"w":89,"h":25,"offX":1,"offY":1,"sourceW":90,"sourceH":26},
"zhanshi":{"x":864,"y":440,"w":71,"h":26,"offX":6,"offY":0,"sourceW":82,"sourceH":26},
"zhanshi00":{"x":697,"y":416,"w":81,"h":26,"offX":1,"offY":0,"sourceW":82,"sourceH":26},
"chushou00":{"x":383,"y":402,"w":51,"h":26,"offX":1,"offY":0,"sourceW":52,"sourceH":26},
"chushou01":{"x":854,"y":468,"w":52,"h":26,"offX":0,"offY":0,"sourceW":52,"sourceH":26},
"daishu1":{"x":0,"y":454,"w":80,"h":21,"offX":13,"offY":3,"sourceW":96,"sourceH":26},
"daishu2":{"x":0,"y":431,"w":91,"h":21,"offX":3,"offY":3,"sourceW":96,"sourceH":26},
"daishu3":{"x":683,"y":444,"w":86,"h":21,"offX":8,"offY":3,"sourceW":96,"sourceH":26},
"e_qbdz":{"x":0,"y":123,"w":224,"h":29,"offX":0,"offY":1,"sourceW":224,"sourceH":30},
"e_qbye00":{"x":0,"y":154,"w":224,"h":29,"offX":0,"offY":1,"sourceW":224,"sourceH":30},
"e_qbye01":{"x":678,"y":124,"w":224,"h":29,"offX":0,"offY":1,"sourceW":224,"sourceH":30},
"e_sy00":{"x":677,"y":376,"w":92,"h":25,"offX":0,"offY":1,"sourceW":92,"sourceH":26},
"e_sy01":{"x":198,"y":385,"w":92,"h":25,"offX":0,"offY":1,"sourceW":92,"sourceH":26},
"e_t_duihuan":{"x":650,"y":0,"w":192,"h":41,"offX":0,"offY":1,"sourceW":192,"sourceH":42},
"e_t_shezhi":{"x":0,"y":477,"w":50,"h":24,"offX":0,"offY":0,"sourceW":50,"sourceH":24},
"e_yxye00":{"x":226,"y":123,"w":224,"h":29,"offX":0,"offY":1,"sourceW":224,"sourceH":30},
"e_yxye01":{"x":452,"y":124,"w":224,"h":29,"offX":0,"offY":1,"sourceW":224,"sourceH":30},
"e_yy00":{"x":292,"y":402,"w":89,"h":25,"offX":1,"offY":1,"sourceW":90,"sourceH":26},
"e_yy01":{"x":515,"y":399,"w":89,"h":25,"offX":1,"offY":1,"sourceW":90,"sourceH":26},
"e_zcdqb00":{"x":169,"y":259,"w":167,"h":31,"offX":1,"offY":1,"sourceW":168,"sourceH":32},
"e_zcdqb01":{"x":0,"y":257,"w":167,"h":31,"offX":1,"offY":1,"sourceW":168,"sourceH":32},
"e_zrdyx00":{"x":135,"y":292,"w":136,"h":31,"offX":2,"offY":1,"sourceW":168,"sourceH":32},
"e_zrdyx01":{"x":473,"y":299,"w":136,"h":31,"offX":2,"offY":1,"sourceW":168,"sourceH":32},
"jibanshuoming":{"x":918,"y":322,"w":103,"h":33,"offX":1,"offY":1,"sourceW":104,"sourceH":34},
"jineng0":{"x":881,"y":248,"w":72,"h":72,"offX":0,"offY":0,"sourceW":72,"sourceH":72}}}