{"file":"introducehero.png","frames":{
"COL00000001":{"x":774,"y":396,"w":164,"h":33,"offX":51,"offY":11,"sourceW":258,"sourceH":52},
"COL00000002":{"x":758,"y":627,"w":143,"h":29,"offX":61,"offY":11,"sourceW":258,"sourceH":52},
"COL00000003":{"x":678,"y":596,"w":159,"h":29,"offX":53,"offY":11,"sourceW":258,"sourceH":52},
"COL00000004":{"x":462,"y":610,"w":147,"h":29,"offX":59,"offY":11,"sourceW":258,"sourceH":52},
"COL00000005":{"x":454,"y":672,"w":99,"h":29,"offX":83,"offY":11,"sourceW":258,"sourceH":52},
"COL00000006":{"x":903,"y":627,"w":119,"h":29,"offX":73,"offY":11,"sourceW":258,"sourceH":52},
"COL00000007":{"x":774,"y":252,"w":169,"h":34,"offX":48,"offY":11,"sourceW":258,"sourceH":52},
"COL00000008":{"x":774,"y":467,"w":180,"h":29,"offX":42,"offY":11,"sourceW":258,"sourceH":52},
"COL00000009":{"x":0,"y":598,"w":155,"h":29,"offX":55,"offY":11,"sourceW":258,"sourceH":52},
"COL00000010":{"x":312,"y":610,"w":148,"h":29,"offX":58,"offY":11,"sourceW":258,"sourceH":52},
"COL00000011":{"x":774,"y":498,"w":154,"h":34,"offX":56,"offY":11,"sourceW":258,"sourceH":52},
"COL00000012":{"x":562,"y":658,"w":126,"h":29,"offX":69,"offY":11,"sourceW":258,"sourceH":52},
"COL00000013":{"x":774,"y":565,"w":173,"h":29,"offX":46,"offY":11,"sourceW":258,"sourceH":52},
"COL00000014":{"x":536,"y":574,"w":140,"h":34,"offX":62,"offY":11,"sourceW":258,"sourceH":52},
"COL00000015":{"x":774,"y":36,"w":223,"h":34,"offX":21,"offY":11,"sourceW":258,"sourceH":52},
"COL00000016":{"x":774,"y":72,"w":189,"h":34,"offX":38,"offY":11,"sourceW":258,"sourceH":52},
"COL00000017":{"x":390,"y":574,"w":144,"h":34,"offX":61,"offY":11,"sourceW":258,"sourceH":52},
"COL00000018":{"x":285,"y":641,"w":139,"h":29,"offX":63,"offY":11,"sourceW":258,"sourceH":52},
"COL00000019":{"x":237,"y":672,"w":108,"h":29,"offX":79,"offY":11,"sourceW":258,"sourceH":52},
"COL00000020":{"x":774,"y":324,"w":161,"h":34,"offX":52,"offY":11,"sourceW":258,"sourceH":52},
"COL00000021":{"x":774,"y":216,"w":169,"h":34,"offX":48,"offY":11,"sourceW":258,"sourceH":52},
"COL00000022":{"x":125,"y":660,"w":110,"h":29,"offX":77,"offY":11,"sourceW":258,"sourceH":52},
"COL00000023":{"x":774,"y":144,"w":179,"h":34,"offX":43,"offY":11,"sourceW":258,"sourceH":52},
"COL00000024":{"x":839,"y":596,"w":156,"h":29,"offX":55,"offY":11,"sourceW":258,"sourceH":52},
"COL00000025":{"x":774,"y":431,"w":159,"h":34,"offX":53,"offY":11,"sourceW":258,"sourceH":52},
"COL00000026":{"x":774,"y":180,"w":172,"h":34,"offX":47,"offY":11,"sourceW":258,"sourceH":52},
"COL00000027":{"x":157,"y":598,"w":153,"h":29,"offX":56,"offY":11,"sourceW":258,"sourceH":52},
"COL00000028":{"x":774,"y":288,"w":167,"h":34,"offX":49,"offY":11,"sourceW":258,"sourceH":52},
"COL00000029":{"x":347,"y":672,"w":105,"h":29,"offX":80,"offY":11,"sourceW":258,"sourceH":52},
"COL00000030":{"x":774,"y":360,"w":161,"h":34,"offX":52,"offY":11,"sourceW":258,"sourceH":52},
"COL00000031":{"x":774,"y":108,"w":183,"h":34,"offX":41,"offY":11,"sourceW":258,"sourceH":52},
"COL00000032":{"x":0,"y":629,"w":142,"h":29,"offX":62,"offY":11,"sourceW":258,"sourceH":52},
"COL00000033":{"x":774,"y":0,"w":228,"h":34,"offX":19,"offY":11,"sourceW":258,"sourceH":52},
"COL00000034":{"x":144,"y":629,"w":139,"h":29,"offX":63,"offY":11,"sourceW":258,"sourceH":52},
"COL00000035":{"x":817,"y":658,"w":123,"h":29,"offX":71,"offY":11,"sourceW":258,"sourceH":52},
"COL00000036":{"x":426,"y":641,"w":134,"h":29,"offX":66,"offY":11,"sourceW":258,"sourceH":52},
"COL00000037":{"x":0,"y":660,"w":123,"h":29,"offX":71,"offY":11,"sourceW":258,"sourceH":52},
"COL00000038":{"x":611,"y":627,"w":145,"h":29,"offX":60,"offY":11,"sourceW":258,"sourceH":52},
"COL00000039":{"x":774,"y":534,"w":178,"h":29,"offX":44,"offY":11,"sourceW":258,"sourceH":52},
"di":{"x":390,"y":0,"w":382,"h":572,"offX":3,"offY":12,"sourceW":388,"sourceH":596},
"kuang":{"x":0,"y":0,"w":388,"h":596,"offX":0,"offY":0,"sourceW":388,"sourceH":596},
"COL00000000":{"x":690,"y":658,"w":125,"h":29,"offX":70,"offY":11,"sourceW":258,"sourceH":52}}}